Accident_Index,Vehicle_Reference,Vehicle_Type,Towing_and_Articulation,Vehicle_Manoeuvre,Vehicle_Location_Restricted_Lane,Junction_Location,Skidding_and_Overturning,Hit_Object_in_Carriageway,Vehicle_Leaving_Carriageway,Hit_Object_off_Carriageway,1st_Point_of_Impact,Was_Vehicle_Left_Hand_Drive?,Journey_Purpose_of_Driver,Sex_of_Driver,Age_of_Driver,Age_Band_of_Driver,Engine_Capacity_(CC),Propulsion_Code,Age_of_Vehicle,Driver_IMD_Decile,Driver_Home_Area_Type
200501CW10030,1,9,0,9,0,1,0,0,0,0,1,1,15,1,40,7,1587,1,9,1,1
200501CW10031,1,9,0,18,0,1,0,0,0,0,1,1,15,1,37,7,1275,1,12,2,1
200501CW10031,2,9,0,18,0,1,0,0,0,0,3,1,15,1,35,6,4266,1,4,-1,-1
200501CW10032,1,3,0,13,0,1,1,0,0,0,1,1,15,1,-1,-1,125,1,2,-1,-1
200501CW10033,1,9,0,6,0,1,0,0,0,0,3,1,15,1,23,5,1896,2,4,6,1
200501CW10033,2,9,0,18,0,1,0,0,0,0,1,1,15,1,29,6,2438,1,8,-1,-1
200501CW10034,1,9,0,18,0,8,1,10,7,10,1,1,15,1,45,7,1339,1,2,3,1
200501CW10034,2,11,0,18,0,8,1,10,0,0,4,1,1,1,36,7,-1,-1,-1,-1,-1
200501CW10036,1,4,0,18,0,8,0,0,0,0,1,1,15,1,52,8,499,1,4,5,1
200501CW10036,2,9,0,9,0,5,0,0,0,0,4,1,15,3,-1,-1,-1,-1,-1,-1,-1
200501CW10037,1,9,0,7,0,8,0,0,0,0,1,1,15,1,25,5,1388,1,2,5,1
200501CW10037,2,1,0,18,0,8,0,0,0,0,1,1,15,1,34,6,-1,-1,-1,3,1
200501CW10038,1,9,0,9,0,8,0,0,0,0,1,1,15,1,37,7,1199,1,3,1,1
200501CW10039,1,5,0,16,0,0,1,0,0,0,0,1,15,1,33,6,599,1,5,-1,-1
200501CW10039,2,9,0,17,0,0,0,0,0,0,0,1,15,2,61,9,2497,2,4,10,3
200501CW10040,1,11,0,18,0,1,0,0,0,0,0,1,1,1,43,7,-1,-1,-1,3,1
200501CW10041,1,11,0,5,2,0,0,0,0,0,0,1,1,1,67,10,8268,2,2,2,1
200501CW10042,1,19,0,18,0,8,1,0,0,0,4,1,15,1,44,7,2402,2,4,1,1
200501CW10042,2,1,0,12,0,1,1,0,0,0,1,1,15,1,58,9,-1,-1,-1,2,1
200501CW10043,1,4,0,18,0,8,0,0,0,0,1,1,15,1,38,7,-1,-1,-1,3,1
200501CW10044,1,11,0,5,0,8,0,0,0,0,4,1,1,1,61,9,-1,-1,-1,4,1
200501CW10045,1,11,0,18,0,8,0,0,0,0,3,1,1,1,30,6,6370,2,2,4,1
200501CW10045,2,9,0,18,0,8,0,0,0,0,2,1,15,1,34,6,1900,2,7,2,1
200501CW10045,3,5,0,18,0,8,1,0,0,0,1,1,15,1,47,8,-1,-1,-1,3,1
200501CW10047,1,9,0,18,0,8,0,0,0,0,4,1,15,1,47,8,1762,1,9,1,1
200501CW10049,1,9,0,11,0,0,0,0,0,0,4,1,15,1,37,7,1948,1,7,1,1
200501CW10049,2,4,0,15,0,0,0,0,0,0,1,1,15,1,27,6,499,1,4,3,1
200501CW10050,1,9,0,18,0,0,0,0,0,0,1,1,15,1,-1,-1,-1,-1,-1,-1,-1
200501CW10052,1,9,0,18,0,1,0,0,0,0,1,1,15,1,37,7,-1,-1,-1,8,1
200501CW10054,1,1,0,9,0,8,0,0,0,0,3,1,15,1,27,6,-1,-1,-1,2,1
200501CW10054,2,5,0,13,0,8,0,0,0,0,1,1,15,1,36,7,-1,-1,-1,1,1
200501CW10055,1,9,0,9,0,8,0,0,0,0,2,1,15,1,26,6,1794,1,1,4,1
200501CW10055,2,3,0,18,0,8,0,0,0,0,1,1,15,1,49,8,100,1,2,3,1
200501CW10056,1,11,0,4,0,1,0,0,0,0,0,1,1,1,29,6,8300,2,5,7,1
200501CW10057,1,19,0,1,0,0,0,0,0,0,2,1,15,1,45,7,2446,2,8,-1,-1
200501CW10058,1,9,0,18,0,8,0,0,0,0,4,1,15,2,35,6,998,1,5,5,1
200501CW10058,2,1,0,18,0,8,0,0,0,0,1,1,15,1,25,5,-1,-1,-1,4,1
200501CW10061,1,5,0,3,0,0,0,0,0,0,2,1,15,1,29,6,998,1,2,6,1
200501CW10061,2,9,0,6,0,0,0,0,0,0,1,1,15,1,-1,-1,-1,-1,-1,-1,-1
200501CW10062,1,2,0,9,0,5,0,0,0,0,2,1,15,1,29,6,49,1,2,2,1
200501CW10062,2,9,0,18,0,8,0,0,0,0,1,1,15,1,-1,-1,1994,1,10,-1,-1
200501CW10063,1,8,0,18,0,0,0,10,0,0,1,1,1,1,40,7,1999,1,3,2,1
200501CW10064,1,11,0,2,0,2,0,0,0,0,2,1,1,1,29,6,-1,-1,-1,2,1
200501CW10064,2,1,0,18,0,2,0,0,0,0,1,1,15,1,36,7,-1,-1,-1,10,1
200501CW10070,1,11,0,18,0,0,0,0,0,0,1,1,1,1,32,6,-1,-1,-1,2,1
200501CW10073,1,9,0,3,0,0,0,0,0,0,2,1,15,1,20,4,-1,-1,-1,2,2
200501CW10073,2,9,0,18,0,0,0,0,0,0,1,1,15,1,24,5,-1,-1,-1,4,1
200501CW10074,1,3,0,18,0,0,0,0,0,0,4,1,15,1,18,4,124,1,3,8,1
200501CW10074,2,9,0,1,0,0,0,0,0,0,3,1,15,1,45,7,-1,-1,-1,-1,-1
200501CW10075,1,19,0,9,0,1,0,0,0,0,1,1,15,1,55,8,2402,2,3,-1,-1
200501CW10075,2,2,0,18,0,1,0,0,0,0,1,1,15,1,16,4,49,1,3,2,1
200501CW10076,1,4,0,18,0,1,0,0,0,0,1,1,15,1,28,6,499,1,5,4,1
200501CW10077,1,9,0,18,0,8,0,0,1,10,3,1,15,1,28,6,1984,1,10,6,1
200501CW10077,2,9,0,9,0,8,0,0,0,0,3,1,15,1,61,9,1999,1,4,-1,-1
200501CW10078,1,4,0,18,0,8,1,0,0,0,0,1,15,1,40,7,-1,-1,-1,-1,-1
200501CW10079,1,1,0,18,0,1,1,0,0,0,0,1,15,1,36,7,-1,-1,-1,9,1
200501CW10080,1,9,0,18,0,8,0,0,0,0,1,1,15,1,26,6,1797,1,14,7,1
200501CW10080,2,9,0,18,0,8,0,0,0,0,3,1,15,1,21,5,1299,1,5,3,1
200501CW10080,3,9,0,18,0,8,0,0,0,0,3,1,15,1,42,7,2496,1,4,1,1
200501CW10081,1,9,0,9,0,8,0,0,0,0,4,1,15,1,22,5,-1,-1,-1,9,1
200501CW10081,2,2,0,18,0,8,0,0,0,0,1,1,15,1,17,4,49,1,2,9,1
200501CW10082,1,3,0,5,0,8,0,0,0,0,0,1,15,1,35,6,124,1,1,2,1
200501CW10083,1,8,0,14,0,2,0,0,0,0,1,1,1,1,70,10,2664,2,7,-1,-1
200501CW10084,1,2,0,10,0,6,0,0,0,0,3,1,15,2,37,7,44,1,5,6,1
200501CW10084,2,9,0,9,0,2,0,0,0,0,4,1,15,1,34,6,1598,1,2,5,1
200501CW10085,1,90,0,12,0,8,0,0,6,0,1,1,1,1,32,6,-1,-1,-1,4,1
200501CW10085,2,3,0,6,0,8,0,0,0,0,3,1,15,1,37,7,124,1,12,1,1
200501CW10086,1,9,0,18,0,2,0,0,0,0,1,1,15,1,38,7,1995,2,4,3,1
200501CW10087,1,11,0,18,0,8,0,0,0,0,1,1,15,1,34,6,-1,-1,-1,1,1
200501CW10087,2,9,0,18,0,8,0,10,0,0,4,1,15,2,21,5,1396,1,7,2,1
200501CW10088,1,2,0,13,0,0,1,0,0,0,1,1,15,2,30,6,49,1,1,-1,-1
200501CW10088,2,9,0,18,0,0,0,0,0,0,3,1,15,1,29,6,1948,1,7,10,2
200501CW10089,1,9,0,5,0,1,0,0,0,0,1,1,15,1,29,6,5439,1,3,8,1
200501CW10090,1,9,0,4,0,2,1,0,0,0,2,1,15,2,21,5,1299,1,5,8,1
200501CW10090,2,5,0,18,0,2,0,0,0,0,1,1,15,1,54,8,600,1,4,-1,-1
200501CW10091,1,11,0,18,0,0,0,0,0,0,4,1,15,3,-1,-1,-1,-1,-1,-1,-1
200501CW10092,1,1,0,18,0,1,0,10,1,0,3,1,15,1,44,7,-1,-1,-1,5,1
200501CW10092,2,9,0,11,0,1,0,0,0,0,4,1,15,2,-1,-1,-1,-1,-1,-1,-1
200501CW10093,1,1,0,9,0,8,0,0,0,0,4,1,15,1,29,6,-1,-1,-1,6,1
200501CW10093,2,9,0,18,0,8,0,0,0,0,1,1,15,1,-1,-1,-1,-1,-1,-1,-1
200501CW10094,1,1,0,18,0,1,0,0,0,0,1,1,15,1,27,6,-1,-1,-1,9,1
200501CW10095,1,4,0,18,0,0,0,0,0,0,4,1,15,1,28,6,-1,-1,-1,3,1
200501CW10095,2,9,0,4,0,0,0,0,0,0,3,1,15,1,41,7,1970,2,15,-1,-1
200501CW10095,3,9,0,18,0,0,0,0,0,0,4,1,15,1,24,5,-1,-1,-1,9,1
200501CW10095,4,9,0,18,0,0,0,0,0,0,4,1,15,2,24,5,1598,1,6,4,1
200501CW10102,1,1,0,18,0,0,0,0,0,0,3,1,15,1,55,8,-1,-1,-1,3,1
200501CW10102,2,9,0,13,0,0,0,0,0,0,4,1,15,1,-1,-1,1597,1,7,-1,-1
200501CW10103,1,1,0,18,0,8,0,0,0,0,3,1,15,1,16,4,-1,-1,-1,3,1
200501CW10103,2,9,0,7,0,8,0,0,0,0,1,1,15,1,39,7,1597,1,6,1,1
200501CW10104,1,9,0,18,0,0,0,0,0,0,1,1,15,2,-1,-1,-1,-1,-1,-1,-1
200501CW10106,1,9,0,18,0,8,0,0,0,0,1,1,15,3,-1,-1,-1,-1,-1,-1,-1
200501CW10107,1,9,0,12,0,1,0,0,0,0,1,1,15,2,20,4,1781,1,14,1,1
200501CW10108,1,9,0,4,0,1,0,0,0,0,2,1,15,1,23,5,1497,1,5,1,1
200501CW10108,2,8,0,2,0,1,0,0,0,0,3,1,15,1,46,8,2664,2,7,-1,-1
200501CW10108,3,9,0,18,0,1,0,0,0,0,1,1,15,3,-1,-1,-1,-1,-1,-1,-1
200501CW10109,1,9,0,4,0,6,0,0,0,0,2,1,15,1,43,7,1997,1,9,5,1
200501CW10109,2,8,0,18,0,6,0,0,0,0,1,1,1,1,51,8,2402,2,3,-1,-1
200501CW10110,1,9,0,18,0,1,0,0,0,0,1,1,15,1,47,8,1598,1,10,6,1
200501CW10110,2,9,0,9,0,1,0,0,0,0,3,1,15,1,37,7,1598,1,7,2,1
200501CW10111,1,5,0,18,0,0,0,0,0,0,0,1,15,1,60,9,582,1,2,-1,-1
200501CW10112,1,9,0,9,0,1,0,0,0,0,4,1,15,2,54,8,1951,2,3,8,1
200501CW10112,2,3,0,18,0,1,0,0,0,0,1,1,15,1,28,6,-1,-1,-1,6,1
200501CW10113,1,9,0,18,0,1,0,0,0,0,3,1,15,2,38,7,2995,1,3,6,1
200501CW10114,1,11,0,5,0,0,0,0,0,0,0,1,15,1,27,6,-1,2,4,1,1
200501CW10116,1,11,0,18,0,8,0,0,0,0,0,1,1,1,30,6,-1,2,4,-1,-1
200501CW10118,1,5,0,18,0,8,0,0,0,0,1,1,15,2,31,6,599,1,3,3,1
200501CW10118,2,9,0,9,0,8,0,0,0,0,4,2,15,1,32,6,-1,-1,-1,7,1
200501CW10119,1,9,0,9,0,1,0,0,0,0,3,1,15,1,51,8,-1,-1,-1,7,1
200501CW10119,2,9,0,18,0,1,0,0,0,0,1,1,15,1,52,8,1598,1,8,-1,-1
200501CW10120,1,3,0,18,0,1,0,0,0,0,0,1,15,1,19,4,124,1,3,-1,-1
200501CW10121,1,11,0,18,0,0,0,0,0,0,0,1,1,1,39,7,-1,2,4,3,1
200501CW10122,1,20,0,18,0,1,0,0,0,0,1,1,15,1,-1,-1,-1,-1,-1,-1,-1
200501CW10124,1,20,0,18,0,8,0,0,0,0,1,1,15,1,50,8,2800,5,2,-1,-1
200501CW10124,2,9,0,18,0,8,0,0,0,0,4,1,15,2,32,6,1783,1,2,10,1
200501CW10125,1,11,0,5,0,0,0,0,0,0,1,1,1,1,50,8,8300,2,23,6,1
200501CW10126,1,9,0,1,0,1,0,0,0,0,2,1,15,1,44,7,1299,1,13,3,1
200501CW10126,2,4,0,18,0,1,0,0,0,0,1,1,15,1,39,7,-1,-1,-1,5,1
200501CW10127,1,9,0,11,0,0,0,0,0,0,4,1,15,1,29,6,1896,2,5,8,3
200501CW10127,2,5,0,18,0,0,0,0,0,0,3,1,15,1,34,6,599,1,4,4,1
200501CW10129,1,8,0,7,0,6,0,0,0,0,3,1,15,1,47,8,2402,2,1,4,1
200501CW10129,2,1,0,18,0,6,0,0,0,0,1,1,15,1,29,6,-1,-1,-1,1,1
200501CW10130,1,2,0,9,0,8,0,0,0,0,1,1,15,1,23,5,49,1,1,4,1
200501CW10130,2,1,0,18,0,8,0,0,0,0,3,1,15,1,30,6,-1,-1,-1,-1,-1
200501CW10131,1,19,0,18,0,8,0,0,0,0,1,1,15,1,38,7,-1,-1,-1,-1,-1
200501CW10132,1,11,0,18,0,2,0,0,0,0,0,1,1,1,37,7,8300,2,5,3,1
200501CW10135,1,9,0,18,0,8,0,0,0,0,1,1,15,2,23,5,-1,-1,-1,8,1
200501CW10135,2,8,0,18,0,8,0,0,0,0,4,1,1,1,67,10,2664,2,10,10,1
200501CW10136,1,11,0,18,0,0,0,0,0,0,4,1,15,1,39,7,6370,2,2,3,1
200501CW10137,1,9,0,18,0,2,0,0,0,0,1,1,15,1,37,7,1596,1,4,8,1
200501CW10138,1,5,0,18,0,8,1,0,0,0,4,1,15,1,42,7,-1,-1,-1,10,1
200501CW10138,2,9,0,18,0,8,0,0,0,0,3,1,15,1,50,8,-1,-1,-1,7,1
200501CW10140,1,9,0,7,0,8,0,0,0,0,1,1,15,1,46,8,2316,1,17,4,1
200501CW10140,2,1,0,18,0,8,0,0,0,0,4,1,15,1,46,8,-1,-1,-1,8,1
200501CW10141,1,2,0,18,0,8,0,0,0,0,3,1,15,1,37,7,49,1,11,5,1
200501CW10141,2,9,0,13,0,8,0,0,0,0,4,1,15,1,22,5,2598,1,13,4,1
200501CW10142,1,11,0,18,0,1,0,0,0,0,3,1,1,2,37,7,8268,2,2,2,1
200501CW10142,2,9,0,13,0,1,0,0,0,0,4,1,15,1,32,6,3199,1,7,4,1
200501CW10143,1,11,0,3,0,8,0,0,0,0,3,2,1,1,56,9,-1,-1,-1,-1,-1
200501CW10143,2,9,0,13,0,8,0,0,0,0,4,1,15,2,-1,-1,2979,1,3,9,1
200501CW10144,1,19,0,2,0,1,0,0,0,0,1,1,15,1,64,9,-1,-1,-1,-1,-1
200501CW10144,2,8,0,4,0,1,0,0,0,0,2,1,15,1,64,9,2664,2,15,8,1
200501CW10146,1,8,0,18,0,0,0,0,0,0,1,1,1,1,39,7,2664,2,14,2,1
200501CW10149,1,3,0,18,0,0,0,0,0,0,4,1,15,1,32,6,124,1,5,3,1
200501CW10149,2,9,0,10,0,0,0,0,0,0,1,1,15,1,-1,-1,998,1,12,4,1
200501CW10150,1,3,0,18,0,1,0,0,0,0,1,1,15,1,19,4,124,1,-1,-1,-1
200501CW10150,2,9,0,2,0,1,0,0,0,0,3,1,15,1,34,6,-1,-1,-1,4,1
200501CW10160,1,9,0,18,0,1,0,0,0,0,1,1,15,1,63,9,-1,-1,-1,10,2
200501CW10160,2,9,0,9,0,1,0,0,0,0,1,1,15,1,50,8,2151,2,3,9,1
200501CW10177,1,9,0,3,0,1,0,0,0,0,2,1,15,2,39,7,1390,1,9,5,1
200501CW10177,2,9,0,18,0,1,0,0,0,0,1,1,15,2,30,6,1896,2,1,2,1
200501CW10182,1,9,0,18,0,1,0,0,0,0,1,1,15,2,45,7,1275,1,8,10,1
200501CW10183,1,9,0,7,0,1,0,0,0,0,1,1,15,1,33,6,1783,1,5,2,1
200501CW10184,1,11,0,18,0,1,0,0,0,0,1,1,1,1,24,5,6370,2,1,-1,-1
200501CW10185,1,9,0,18,0,1,1,0,0,0,4,1,15,2,40,7,1781,1,9,5,1
200501CW10186,1,8,0,7,0,1,0,0,0,0,1,1,15,1,55,8,2496,2,9,6,1
200501CW10187,1,9,0,14,0,0,0,0,0,0,2,1,15,2,33,6,1798,1,1,9,1
200501CW10187,2,9,0,4,0,0,0,0,0,0,1,1,15,1,-1,-1,1117,1,14,2,1
200501CW10188,1,9,0,11,0,8,0,10,1,10,4,1,15,2,80,11,1997,1,6,9,1
200501CW10189,1,19,0,18,0,8,0,0,0,0,4,1,15,1,36,7,1910,2,1,1,1
200501CW10189,2,9,0,7,0,8,0,0,0,0,3,1,15,1,-1,-1,4266,1,6,-1,-1
200501CW10190,1,9,0,7,0,2,0,0,0,0,1,1,15,2,33,6,-1,-1,-1,-1,-1
200501CW10192,1,9,0,9,0,0,0,0,0,0,3,1,15,1,29,6,1999,1,15,1,1
200501CW10192,2,3,0,18,0,0,0,0,0,0,1,1,15,1,32,6,124,1,-1,8,1
200501CW10194,1,19,0,18,0,8,5,0,0,0,3,1,15,1,46,8,2400,2,3,2,1
200501CW10194,2,9,0,18,0,8,0,0,0,0,1,1,15,1,43,7,-1,-1,-1,-1,-1
200501CW10195,1,9,0,18,0,0,0,0,0,0,1,1,15,1,38,7,1896,2,2,2,1
200501CW10196,1,21,1,7,0,1,0,0,0,0,0,1,1,1,25,5,5880,2,-1,6,1
200501CW10196,2,1,0,18,0,1,0,0,0,0,0,1,15,2,23,5,-1,-1,-1,2,1
200501CW10197,1,2,0,18,0,8,0,0,0,0,3,1,15,1,18,4,-1,-1,-1,-1,-1
200501CW10197,2,11,0,18,0,8,0,0,0,0,4,1,15,3,-1,-1,-1,-1,-1,-1,-1
200501CW10198,1,5,0,13,0,2,1,0,0,0,1,1,15,1,51,8,1180,1,7,2,1
200501CW10199,1,11,0,18,0,1,0,0,0,0,4,1,1,1,42,7,8300,2,5,1,1
200501CW10200,1,8,0,7,0,8,0,0,0,0,4,1,1,1,-1,-1,2664,2,13,-1,-1
200501CW10201,1,3,0,18,0,0,0,0,0,0,0,1,15,1,-1,-1,124,1,4,5,1
200501CW10202,1,9,0,13,0,8,0,9,2,1,3,1,15,1,29,6,-1,-1,-1,3,1
200501CW10202,2,3,0,18,0,8,0,0,0,0,1,1,15,1,22,5,124,1,4,8,1
200501CW10203,1,2,0,18,0,8,0,0,0,0,4,1,15,1,42,7,-1,-1,-1,7,1
200501CW10204,1,9,0,18,0,8,0,0,0,0,1,1,15,2,22,5,2494,1,1,3,1
200501CW10205,1,8,0,9,0,8,0,0,0,0,1,1,1,1,51,8,2664,2,7,1,1
200501CW10206,1,11,0,18,0,8,0,0,0,0,3,1,1,1,23,5,-1,-1,-1,-1,-1
200501CW10206,2,9,0,7,0,8,0,0,0,0,4,1,15,2,42,7,1598,1,4,2,1
200501CW10207,1,2,0,18,0,8,0,0,0,0,3,1,15,1,28,6,49,1,3,2,1
200501CW10207,2,9,0,9,0,8,0,0,0,0,1,1,15,1,45,7,-1,-1,-1,9,1
200501CW10208,1,9,0,18,0,1,0,0,0,0,1,1,15,1,34,6,1242,1,8,2,1
200501CW10209,1,9,0,2,0,2,0,0,0,0,3,1,15,2,34,6,3199,1,6,3,1
200501CW10209,2,1,0,18,0,2,0,0,0,0,1,1,15,1,39,7,-1,-1,-1,5,1
200501CW10214,1,9,0,18,0,1,0,0,0,0,1,1,15,1,25,5,1590,1,5,2,1
200501CW10214,2,9,0,9,0,1,0,0,0,0,4,1,15,1,44,7,-1,-1,-1,3,1
200501CW10216,1,9,0,18,0,1,0,0,0,0,1,1,15,1,39,7,1900,2,6,4,1
200501CW10217,1,9,0,18,0,0,0,0,0,0,1,1,15,1,33,6,2988,1,10,-1,-1
200501CW10217,2,9,0,11,0,0,0,0,1,2,2,1,15,1,20,4,1199,1,3,3,1
200501CW10217,3,9,0,3,0,0,0,0,0,0,3,1,15,1,30,6,-1,-1,-1,1,1
200501CW10217,4,21,0,3,0,0,0,0,0,0,1,1,15,1,32,6,-1,-1,-1,4,1
200501CW10218,1,9,0,6,0,0,0,0,0,0,3,1,15,1,44,7,1124,1,11,6,1
200501CW10218,2,3,0,13,0,0,0,0,0,0,1,1,15,1,23,5,124,1,4,5,1
200501CW10220,1,11,0,18,0,1,0,0,0,0,1,1,15,1,49,8,7300,2,2,1,1
200501CW10220,2,9,0,18,0,1,0,0,0,0,3,1,15,1,44,7,-1,-1,-1,-1,-1
200501CW10221,1,19,0,4,0,1,0,0,0,0,2,1,15,1,46,8,2151,2,4,5,1
200501CW10221,2,19,0,18,0,1,0,0,0,0,1,1,15,1,24,5,1998,2,4,4,1
200501CW10221,3,19,0,4,0,1,0,0,0,0,1,1,15,3,-1,-1,2461,2,3,-1,-1
200501CW10222,1,9,0,14,0,0,0,0,0,0,1,1,15,1,51,8,2435,1,1,2,1
200501CW10222,2,9,0,14,0,0,0,0,0,0,1,1,15,1,64,9,-1,-1,-1,4,1
200501CW10222,3,9,0,18,0,0,0,0,0,0,2,1,15,1,28,6,1996,1,11,2,1
200501CW10223,1,11,0,18,0,0,0,0,0,0,4,1,1,1,49,8,6370,2,1,3,1
200501CW10225,1,8,0,18,0,2,0,0,0,0,4,1,1,1,54,8,2664,2,5,5,1
200501CW10225,2,9,0,12,0,2,0,0,0,0,3,1,15,2,19,4,973,1,7,2,1
200501CW10226,1,11,0,2,0,1,0,0,0,0,0,1,1,1,48,8,8300,2,5,-1,-1
200501CW10227,1,9,0,9,0,8,0,0,0,0,1,1,15,1,29,6,-1,-1,-1,5,1
200501CW10227,2,9,0,15,0,8,0,0,0,0,3,1,15,2,55,8,1242,1,10,2,1
200501CW10227,3,19,0,3,0,8,0,0,0,0,0,1,15,1,-1,-1,-1,-1,-1,-1,-1
200501CW10228,1,9,0,12,0,0,0,0,2,10,1,1,15,1,22,5,-1,-1,-1,1,1
200501CW10229,1,90,0,2,0,0,0,0,0,0,1,1,1,1,27,6,-1,-1,-1,-1,-1
200501CW10229,2,9,0,18,0,0,0,4,0,0,1,1,15,3,-1,-1,3600,1,3,-1,-1
200501CW10230,1,5,0,18,0,8,0,0,0,0,4,1,15,1,39,7,1188,1,3,9,1
200501CW10231,1,19,0,14,0,0,0,0,0,0,1,1,15,1,-1,-1,2000,2,2,3,1
200501CW10231,2,9,0,18,0,0,0,0,0,0,2,1,15,1,25,5,-1,-1,-1,-1,-1
200501CW10231,3,9,0,14,0,0,0,0,0,0,2,1,15,1,55,8,1360,1,1,3,1
200501CW10232,1,11,0,7,0,8,0,0,0,0,4,1,1,1,46,8,-1,2,4,2,1
200501CW10234,1,11,0,18,0,8,0,0,0,0,4,1,1,1,46,8,11500,2,5,3,1
200501CW10235,1,8,0,18,0,8,0,0,0,0,1,1,1,1,50,8,2402,2,3,9,1
200501CW10235,2,3,0,18,0,8,1,10,1,0,3,1,15,1,27,6,125,1,4,5,1
200501CW10236,1,2,0,17,0,8,0,10,0,0,3,1,15,2,31,6,49,1,2,7,1
200501CW10238,1,17,0,18,0,8,0,0,0,0,1,1,15,1,39,7,-1,-1,-1,6,1
200501CW10239,1,8,0,14,2,8,0,0,0,0,2,1,1,1,45,7,-1,-1,-1,3,1
200501CW10239,2,11,0,18,2,8,0,0,0,0,1,1,1,1,40,7,-1,2,39,2,1
200501CW10240,1,11,0,18,0,8,0,0,0,0,4,1,1,1,35,6,5883,2,4,3,1
200501CW10243,1,3,0,18,0,8,0,0,0,0,4,1,15,1,27,6,125,1,1,6,1
200501CW10243,2,8,0,6,0,8,0,0,0,0,1,1,1,1,-1,-1,2402,2,2,6,1
200501CW10245,1,4,0,18,0,0,0,0,0,0,3,1,15,1,41,7,459,1,1,3,1
200501CW10245,2,8,0,11,0,0,0,0,0,0,4,1,15,1,-1,-1,2664,2,10,-1,-1
200501CW10247,1,9,0,9,0,8,0,0,0,0,3,1,15,1,-1,-1,4957,1,16,3,1
200501CW10247,2,9,0,18,0,8,0,0,0,0,1,1,15,1,-1,-1,2290,1,7,-1,-1
200501CW10249,1,11,0,18,0,2,0,0,0,0,4,1,1,1,45,7,6370,2,1,1,1
200501CW10252,1,3,0,18,0,8,0,0,0,0,1,1,15,1,24,5,124,1,2,3,1
200501CW10252,2,8,0,9,0,8,0,0,0,0,4,1,15,1,43,7,2664,2,7,3,1
200501CW10253,1,5,0,18,0,0,0,0,0,0,1,1,15,1,41,7,-1,-1,-1,5,1
200501CW10254,1,19,0,10,0,0,0,0,0,0,3,1,15,1,30,6,1998,2,2,9,1
200501CW10254,2,5,0,13,0,0,1,0,0,0,1,1,15,1,40,7,599,1,1,6,1
200501CW10255,1,5,0,18,0,0,1,0,0,0,0,1,15,1,63,9,748,1,5,4,1
200501CW10255,2,19,0,4,0,0,0,0,0,0,0,1,15,1,32,6,1700,2,6,5,1
200501CW10257,1,8,0,18,0,8,0,0,0,0,1,1,1,1,65,9,-1,-1,-1,9,1
200501CW10258,1,9,0,18,0,8,0,0,0,0,1,1,15,2,69,10,2995,1,7,8,1
200501CW10258,2,8,0,18,0,8,1,0,0,0,1,1,1,1,46,8,2664,2,5,6,1
200501CW10259,1,8,0,9,0,8,0,0,0,0,1,1,1,1,-1,-1,-1,-1,-1,3,1
200501CW10259,2,1,0,18,0,8,1,0,0,0,3,1,15,1,30,6,-1,-1,-1,1,1
200501CW10261,1,9,0,7,0,8,0,0,0,0,1,1,15,1,22,5,1781,1,12,-1,-1
200501CW10262,1,9,0,5,0,0,0,0,0,0,1,1,15,1,-1,-1,2544,1,6,-1,-1
200501CW10264,1,9,0,18,0,8,0,0,0,0,2,1,15,1,33,6,-1,-1,-1,6,1
200501CW10264,2,9,0,18,0,8,0,0,0,0,1,1,15,1,30,6,1800,1,6,8,1
200501CW10266,1,9,0,7,0,1,0,0,0,0,4,1,15,1,-1,-1,1998,1,12,2,1
200501CW10266,2,1,0,18,0,1,0,0,0,0,3,1,15,2,34,6,-1,-1,-1,5,1
200501CW10267,1,8,0,18,0,0,0,0,0,0,0,1,1,1,40,7,2446,2,5,4,1
200501CW10268,1,19,0,18,0,0,0,0,0,0,3,1,15,1,37,7,1910,2,1,2,1
200501CW10268,2,2,0,18,0,0,0,0,0,0,4,1,15,1,24,5,-1,-1,-1,-1,-1
200501CW10269,1,8,0,17,0,0,0,0,0,0,3,1,1,1,-1,-1,-1,-1,-1,3,1
200501CW10270,1,10,0,18,0,0,0,0,0,0,1,1,15,1,-1,-1,-1,-1,-1,-1,-1
200501CW10271,1,9,0,18,0,0,0,0,0,0,4,1,15,3,-1,-1,2151,2,4,-1,-1
200501CW10272,1,11,0,18,0,2,0,0,0,0,1,1,1,1,-1,-1,-1,-1,-1,-1,-1
200501CW10273,1,9,0,18,0,8,0,0,0,0,4,1,15,1,26,6,998,1,11,3,1
200501CW10273,2,9,0,18,0,8,0,0,0,0,1,1,15,1,62,9,3600,1,2,4,1
200501CW10274,1,19,0,7,0,8,0,0,0,0,4,1,15,1,44,7,-1,-1,-1,8,3
200501CW10274,2,1,0,18,0,8,0,0,0,0,3,1,15,1,33,6,-1,-1,-1,4,1
200501CW10275,1,5,0,18,0,8,0,0,0,0,1,1,15,1,32,6,599,1,1,3,1
200501CW10275,2,9,0,9,0,8,0,0,0,0,1,1,15,2,42,7,3453,1,16,4,1
200501CW10276,1,9,0,9,0,8,0,0,0,0,1,1,15,2,46,8,-1,-1,-1,8,1