Accident_Index,Vehicle_Reference,Vehicle_Type,Towing_and_Articulation,Vehicle_Manoeuvre,Vehicle_Location_Restricted_Lane,Junction_Location,Skidding_and_Overturning,Hit_Object_in_Carriageway,Vehicle_Leaving_Carriageway,Hit_Object_off_Carriageway,1st_Point_of_Impact,Was_Vehicle_Left_Hand_Drive?,Journey_Purpose_of_Driver,Sex_of_Driver,Age_of_Driver,Age_Band_of_Driver,Engine_Capacity_(CC),Propulsion_Code,Age_of_Vehicle,Driver_IMD_Decile,Driver_Home_Area_Type
200501CW10277,1,11,0,5,0,2,0,0,0,0,0,1,1,1,36,7,8268,2,2,7,1
200501CW10278,1,1,0,18,0,8,0,0,0,0,3,1,15,1,43,7,-1,-1,-1,3,1
200501CW10278,2,9,0,7,0,8,0,0,0,0,1,1,15,1,48,8,3175,1,1,2,1
200501CW10279,1,9,0,13,0,0,0,0,0,0,1,1,15,1,-1,-1,-1,-1,-1,-1,-1
200501CW10280,1,11,0,5,0,0,0,0,0,0,0,1,1,1,41,7,-1,2,-1,7,1
200501CW10281,1,5,0,13,0,8,0,0,0,0,1,1,15,1,30,6,998,1,1,7,1
200501CW10282,1,11,0,18,0,0,0,0,0,0,4,1,1,1,32,6,7300,2,1,2,1
200501CW10283,1,11,0,18,0,8,0,0,0,0,4,1,1,1,43,7,8268,2,2,-1,-1
200501CW10284,1,9,0,17,0,1,0,0,0,0,1,1,15,2,46,8,1596,1,2,1,1
200501CW10285,1,11,0,4,0,1,0,0,0,0,0,1,1,1,55,8,-1,2,4,4,1
200501CW10286,1,11,0,18,0,8,0,0,0,0,4,1,1,1,46,8,8268,2,2,3,1
200501CW10287,1,8,0,18,0,0,0,0,0,0,3,1,1,1,43,7,-1,-1,-1,10,1
200501CW10288,1,11,0,18,0,0,0,0,0,0,0,1,1,1,40,7,7300,2,2,-1,-1
200501CW10290,1,9,0,16,0,0,0,10,1,7,2,1,15,1,24,5,-1,-1,-1,10,1
200501CW10290,2,9,0,16,0,0,0,0,0,0,1,1,15,1,55,8,1124,1,10,10,1
200501CW10291,1,11,0,18,0,8,0,0,0,0,0,1,1,1,52,8,-1,-1,-1,-1,-1
200501CW10291,2,9,0,7,0,8,0,0,0,0,0,1,15,3,-1,-1,-1,-1,-1,-1,-1
200501CW10292,1,9,0,7,0,8,0,0,0,0,4,1,15,1,24,5,1994,1,2,10,1
200501CW10292,2,3,0,18,0,8,0,0,0,0,1,1,15,1,20,4,-1,-1,-1,3,1
200501CW10293,1,19,0,18,0,8,0,0,0,0,1,1,1,1,35,6,1896,2,3,5,1
200501CW10293,2,9,0,18,0,8,0,0,0,0,1,1,15,1,47,8,2996,2,7,1,1
200501CW10296,1,9,0,18,0,0,0,0,0,0,1,1,15,3,-1,-1,-1,-1,-1,-1,-1
200501CW10297,1,9,0,15,0,2,0,0,0,0,3,1,15,1,23,5,-1,-1,-1,5,1
200501CW10298,1,9,0,6,0,0,0,0,0,0,3,1,15,2,19,4,999,1,8,2,1
200501CW10298,2,9,0,18,0,0,0,0,0,0,4,1,15,1,26,6,1896,2,9,3,1
200501CW10300,1,20,0,8,0,8,0,0,0,0,1,1,15,1,55,8,-1,2,4,8,1
200501CW10300,2,9,0,8,0,8,0,0,0,0,2,1,15,1,38,7,1998,1,9,-1,-1
200501CW10301,1,11,0,18,0,8,0,0,0,0,1,1,1,1,41,7,8268,2,2,3,1
200501CW10301,2,9,0,18,0,8,0,10,3,0,4,1,15,1,25,5,1870,2,5,-1,-1
200501CW10302,1,20,5,9,0,8,0,0,0,0,1,1,15,1,26,6,4250,1,3,-1,-1
200501CW10302,2,9,0,18,0,8,0,0,0,0,1,1,15,2,35,6,1598,1,1,3,1
200501CW10303,1,8,0,18,0,2,0,0,0,0,4,1,1,1,43,7,2664,2,9,7,1
200501CW10304,1,9,0,18,0,8,0,0,0,0,1,1,15,1,20,4,1905,2,10,5,1
200501CW10304,2,9,0,18,0,8,0,0,0,0,4,1,15,2,24,5,-1,-1,-1,3,1
200501CW10305,1,9,0,9,0,8,0,0,0,0,3,1,15,2,57,9,1390,1,7,6,1
200501CW10305,2,5,0,13,0,8,0,0,0,0,1,1,15,1,51,8,1000,1,19,7,1
200501CW10306,1,8,0,9,0,8,0,0,0,0,1,1,1,1,38,7,2664,2,8,1,1
200501CW10306,2,9,0,1,0,8,0,0,0,0,2,1,15,2,28,6,1597,1,4,4,1
200501CW10307,1,9,0,5,0,1,0,4,1,10,1,1,15,1,68,10,-1,-1,-1,9,1
200501CW10307,2,9,0,2,0,1,0,0,7,10,2,1,15,2,25,5,1598,1,11,3,1
200501CW10310,1,8,0,9,0,8,0,0,0,0,1,1,1,1,52,8,1997,2,2,3,1
200501CW10311,1,8,0,4,0,1,0,0,0,0,1,1,1,1,44,7,2664,2,5,4,1
200501CW10311,2,9,0,3,0,1,0,0,0,0,2,1,15,1,43,7,4266,1,6,-1,-1
200501CW10311,3,8,0,3,0,1,0,0,0,0,2,1,1,1,53,8,-1,-1,-1,9,2
200501CW10312,1,19,0,6,0,0,0,0,0,0,3,1,15,1,38,7,-1,-1,-1,2,1
200501CW10312,2,3,0,18,0,0,0,0,0,0,4,1,15,1,38,7,124,1,2,7,1
200501CW10312,3,1,0,18,0,0,0,0,0,0,4,1,15,1,44,7,-1,-1,-1,-1,-1
200501CW10313,1,19,0,18,0,1,0,0,0,0,1,1,15,1,41,7,2188,2,3,7,1
200501CW10314,1,2,0,18,0,0,0,0,0,0,1,1,15,1,19,4,-1,-1,-1,8,3
200501CW10314,2,9,0,6,0,0,0,0,0,0,3,1,1,1,35,6,-1,-1,-1,-1,-1
200501CW10315,1,8,0,9,0,2,0,0,0,0,3,1,1,1,43,7,2664,2,11,6,1
200501CW10339,1,3,0,7,0,8,0,0,0,0,1,1,15,3,-1,-1,124,1,5,-1,-1
200501CW10340,1,11,0,18,0,8,0,0,0,0,4,1,1,3,-1,-1,-1,-1,-1,-1,-1
200501CW10341,1,9,0,16,0,8,0,0,0,0,3,1,15,2,60,9,1781,1,7,8,1
200501CW10341,2,11,0,11,0,8,0,0,0,0,4,1,1,3,-1,-1,-1,-1,-1,-1,-1
200501CW10343,1,9,0,3,0,8,0,0,0,0,2,1,2,1,32,6,-1,-1,-1,2,1
200501CW10343,2,11,0,18,0,8,0,0,0,0,1,1,1,1,44,7,-1,-1,-1,1,1
200501CW10344,1,11,0,18,0,0,0,0,0,0,0,1,1,1,44,7,12000,2,1,1,1
200501CW10344,2,4,0,4,0,0,0,0,0,0,0,1,15,3,-1,-1,-1,-1,-1,-1,-1
200501CW10346,1,5,0,15,0,0,0,0,0,0,3,1,15,1,32,6,-1,-1,-1,5,1
200501CW10346,2,19,0,18,0,0,0,0,0,0,4,1,15,3,-1,-1,-1,-1,-1,-1,-1
200501CW10346,3,3,0,18,0,0,0,0,0,0,1,1,15,1,25,5,124,1,3,5,1
200501CW10346,4,9,0,2,0,0,0,0,0,0,0,1,15,3,-1,-1,-1,-1,-1,-1,-1
200501CW10347,1,9,0,1,0,0,0,11,0,0,2,1,15,2,63,9,2597,1,5,7,1
200501CW10348,1,9,0,10,0,8,0,0,0,0,2,1,3,1,41,7,1762,1,6,-1,-1
200501CW10348,2,9,0,18,0,8,0,0,0,0,1,1,15,1,38,7,-1,-1,-1,1,1
200501CW10349,1,10,0,11,0,0,0,0,0,0,3,1,15,3,-1,-1,-1,-1,-1,-1,-1
200501CW10349,2,5,0,15,0,0,0,0,0,0,4,1,15,1,37,7,599,1,4,7,1
200501CW10350,1,9,0,18,0,8,0,0,0,0,3,1,15,1,39,7,-1,-1,-1,-1,-1
200501CW10351,1,9,0,9,0,8,0,0,0,0,1,1,15,1,28,6,-1,-1,-1,4,1
200501CW10351,2,3,0,18,0,8,0,0,0,0,4,1,15,2,35,6,-1,-1,-1,4,1
200501CW10352,1,9,0,5,0,0,0,0,0,0,2,1,15,1,52,8,1587,1,3,1,1
200501CW10352,2,11,0,18,0,0,0,0,0,0,1,1,1,1,52,8,-1,2,5,6,1
200501CW10353,1,9,0,18,0,8,0,0,0,0,1,1,1,2,-1,-1,-1,-1,-1,-1,-1
200501CW10353,2,9,0,18,0,1,0,0,0,0,3,1,15,1,41,7,2180,2,10,1,1
200501CW10355,1,3,0,3,0,8,0,0,0,0,2,1,15,1,30,6,-1,-1,-1,-1,-1
200501CW10355,2,9,0,4,0,8,0,0,0,0,1,1,15,1,31,6,-1,-1,-1,3,1
200501CW10356,1,9,0,12,0,1,0,0,0,0,1,1,15,1,31,6,4398,1,1,6,1
200501CW10356,2,1,0,18,0,8,0,0,0,0,4,1,15,2,45,7,-1,-1,-1,5,1
200501CW10357,1,9,0,11,6,2,0,0,0,0,0,1,15,1,49,8,1796,1,16,3,1
200501CW10357,2,9,0,12,6,2,2,0,0,0,0,1,15,1,34,6,599,1,6,7,1
200501CW10358,1,9,0,3,0,0,0,0,0,0,2,1,15,1,48,8,1295,1,14,4,1
200501CW10358,2,9,0,18,0,0,0,0,0,0,1,1,15,2,-1,-1,1998,1,12,5,3
200501CW10359,1,9,0,18,0,0,0,0,0,0,4,1,15,3,-1,-1,-1,-1,-1,-1,-1
200501CW10361,1,5,0,18,0,8,0,0,0,0,3,1,15,1,49,8,892,1,10,2,1
200501CW10361,2,9,0,11,0,8,0,0,0,0,4,1,15,2,27,6,-1,-1,-1,7,1
200501CW10362,1,3,0,9,0,8,0,0,0,0,2,1,15,1,19,4,-1,-1,-1,3,1
200501CW10362,2,9,0,18,0,8,0,0,0,0,4,1,15,1,39,7,-1,-1,-1,2,1
200501CW10363,1,3,0,16,0,1,0,0,0,0,4,1,15,2,31,6,124,1,3,-1,-1
200501CW10363,2,11,0,16,0,1,0,0,0,0,3,1,1,1,48,8,-1,-1,-1,1,1
200501CW10364,1,1,0,7,0,2,0,0,0,0,0,1,15,1,35,6,-1,-1,-1,6,1
200501CW10364,2,90,0,4,0,2,0,0,0,0,0,1,1,1,-1,-1,-1,-1,-1,-1,-1
200501CW10365,1,19,0,6,0,0,0,0,0,0,3,1,15,1,-1,-1,1686,2,9,-1,-1
200501CW10365,2,3,0,13,0,0,0,0,0,0,1,1,15,1,25,5,125,1,2,5,1
200501CW10366,1,11,0,18,0,1,0,0,0,0,4,1,1,1,48,8,5883,2,4,-1,-1
200501CW10367,1,8,0,14,0,1,0,0,0,0,1,1,1,1,50,8,2664,2,13,3,1
200501CW10367,2,11,0,3,0,1,0,0,0,0,0,1,1,3,-1,-1,-1,-1,-1,-1,-1
200501CW10368,1,9,0,4,0,1,0,0,0,0,2,1,15,2,23,5,1149,1,2,9,1
200501CW10368,2,9,0,4,0,1,0,0,0,0,1,1,15,1,51,8,1994,1,9,9,1
200501CW10369,1,9,0,3,0,8,0,0,0,0,2,1,15,1,22,5,2000,1,12,-1,-1
200501CW10369,2,9,0,18,0,8,0,0,0,0,1,1,15,2,-1,-1,1590,1,10,-1,-1
200501CW10370,1,9,0,9,0,1,0,0,0,0,4,1,15,1,54,8,1998,1,12,2,1
200501CW10370,2,11,0,5,0,1,0,0,0,0,3,1,1,1,41,7,7300,2,2,3,1
200501CW10371,1,5,0,18,0,8,0,0,0,0,1,1,15,1,27,6,-1,-1,-1,4,1
200501CW10371,2,9,0,9,0,8,0,0,0,0,1,1,15,1,-1,-1,-1,-1,-1,-1,-1
200501CW10372,1,11,0,17,0,1,0,0,0,0,0,1,1,1,34,6,7300,2,2,-1,-1
200501CW10373,1,19,0,18,0,0,0,0,0,0,1,1,15,1,18,4,1686,2,1,3,1
200501CW10373,2,9,0,2,0,0,0,0,0,0,2,1,15,1,22,5,1988,1,5,1,1
200501CW10374,1,19,0,9,0,8,0,0,0,0,0,1,15,1,40,7,1868,2,2,9,2
200501CW10374,2,2,0,18,0,8,0,0,0,0,0,1,15,2,32,6,-1,-1,-1,2,1
200501CW10375,1,19,0,4,0,1,0,0,0,0,2,1,15,1,55,8,1753,2,7,2,1
200501CW10375,2,11,0,18,0,1,0,0,0,0,1,1,1,1,-1,-1,-1,2,39,2,1
200501CW10376,1,9,0,9,0,6,0,0,0,0,1,1,15,1,-1,-1,3226,2,3,-1,-1
200501CW10377,1,11,0,5,0,0,0,0,0,0,0,1,1,1,50,8,-1,-1,-1,1,1
200501CW10379,1,90,0,2,0,2,0,0,0,0,0,1,1,1,45,7,-1,-1,-1,-1,-1
200501CW10379,2,19,0,18,0,2,0,0,0,0,4,1,1,1,-1,-1,-1,-1,-1,-1,-1
200501CW10380,1,5,0,18,0,0,0,0,0,0,1,1,15,1,38,7,598,1,7,5,1
200501CW10381,1,9,0,9,0,8,0,0,0,0,1,1,15,1,47,8,2254,1,6,10,1
200501CW10381,2,5,0,13,0,8,0,0,0,0,4,1,15,1,32,6,998,1,1,5,1
200501CW10382,1,9,0,18,0,2,0,0,0,0,4,1,15,1,23,5,1597,1,11,5,1
200501CW10383,1,1,0,16,0,8,0,0,0,0,3,1,15,2,25,5,-1,-1,-1,-1,-1
200501CW10383,2,11,0,7,0,8,0,0,0,0,1,1,1,1,50,8,7300,2,2,4,1
200501CW10384,1,90,0,18,0,2,0,0,0,0,4,1,1,1,63,9,-1,-1,-1,-1,-1
200501CW10385,1,9,0,18,0,1,0,0,0,0,1,1,15,2,57,9,1769,1,2,3,1
200501CW10386,1,4,0,18,0,8,1,0,7,0,1,1,15,1,32,6,-1,-1,-1,6,1
200501CW10386,2,9,0,6,0,8,0,0,0,0,2,1,15,1,60,9,6230,1,-1,10,2
200501CW10387,1,3,0,18,0,0,0,0,0,0,1,1,15,1,46,8,125,1,12,4,1
200501CW10388,1,3,0,18,0,8,0,0,0,0,1,1,15,2,33,6,50,1,3,6,1
200501CW10389,1,11,0,18,0,1,0,0,0,0,0,1,1,1,48,8,-1,2,5,-1,-1
200501CW10390,1,9,0,1,0,0,0,0,0,0,2,1,15,2,41,7,1998,1,7,7,1
200501CW10391,1,1,5,18,0,0,0,0,0,0,0,1,15,1,18,4,-1,-1,-1,4,1
200501CW10392,1,9,0,9,0,8,0,0,0,0,3,1,15,1,22,5,1984,1,9,4,1
200501CW10392,2,9,0,18,0,8,0,0,0,0,1,1,15,1,49,8,-1,-1,-1,4,1
200501CW10393,1,8,0,7,0,8,0,0,0,0,1,1,1,1,35,6,-1,-1,-1,-1,-1
200501CW10394,1,19,0,9,0,2,0,0,0,0,1,1,15,1,36,7,2800,2,5,2,1
200501CW10395,1,8,0,18,0,8,0,0,0,0,0,1,1,1,33,6,2664,2,5,-1,-1
200501CW10395,2,9,0,4,0,8,0,0,0,0,0,1,15,3,-1,-1,-1,-1,-1,-1,-1
200501CW10396,1,9,0,18,0,8,0,10,1,10,3,1,15,1,30,6,1997,2,5,7,1
200501CW10396,2,9,0,18,0,8,0,10,7,10,1,1,15,1,34,6,1896,2,2,5,1
200501CW10397,1,9,0,18,0,8,0,0,0,0,1,1,15,1,33,6,1998,1,7,4,1
200501CW10397,2,1,0,18,0,8,0,0,0,0,2,1,15,1,41,7,-1,-1,-1,4,1
200501CW10398,1,9,0,18,0,8,0,7,1,1,3,1,15,1,40,7,2184,2,13,3,1
200501CW10398,2,9,0,18,0,8,0,0,0,0,4,1,15,1,23,5,1587,1,3,5,1
200501CW10399,1,9,0,18,0,2,0,0,0,0,1,1,15,1,42,7,1783,1,10,4,1
200501CW10400,1,9,0,18,0,2,0,0,0,0,1,1,15,3,-1,-1,-1,-1,-1,-1,-1
200501CW10401,1,5,0,7,0,8,0,0,0,0,3,1,15,1,26,6,645,1,5,10,1
200501CW10401,2,19,0,7,0,8,0,0,0,0,4,1,15,1,26,6,2295,7,2,2,1
200501CW10402,1,9,0,3,0,1,0,0,0,0,2,1,15,1,43,7,2799,1,4,5,1
200501CW10402,2,9,0,4,0,1,0,0,0,0,2,1,15,1,59,9,2962,1,15,-1,-1
200501CW10402,3,19,0,18,0,1,0,0,0,0,1,1,15,1,40,7,2151,2,5,7,1
200501CW10403,1,9,0,9,0,8,0,0,0,0,4,1,15,1,27,6,1389,1,13,4,1
200501CW10403,2,9,0,18,0,8,0,0,0,0,1,1,15,1,36,7,-1,-1,-1,2,1
200501CW10405,1,9,0,18,0,1,0,0,0,0,3,1,15,1,52,8,-1,-1,-1,7,1
200501CW10406,1,11,0,5,0,1,0,0,0,0,4,1,1,1,35,6,8268,2,2,2,1
200501CW10407,1,9,0,5,0,1,0,0,0,0,1,1,15,1,33,6,-1,-1,-1,-1,-1
200501CW10408,1,8,0,18,0,1,0,10,1,10,4,1,1,1,42,7,1905,2,11,10,1
200501CW10409,1,8,0,18,0,8,0,7,0,0,4,1,1,1,64,9,2664,2,11,9,1
200501CW10409,2,9,0,18,0,8,0,0,0,0,1,1,15,1,71,10,-1,-1,-1,-1,3
200501CW10410,1,9,0,18,0,8,0,0,0,0,3,1,15,2,38,7,1998,1,2,8,1
200501CW10410,2,9,0,18,0,8,0,0,0,0,1,1,15,2,30,6,1587,1,6,1,1
200501CW10411,1,5,0,9,0,8,0,0,0,0,3,1,15,1,32,6,850,1,4,4,1
200501CW10411,2,9,0,18,0,8,0,0,0,0,1,1,15,2,50,8,1995,2,-1,5,1
200501CW10412,1,8,0,18,0,8,0,0,0,0,4,1,1,1,40,7,2664,2,5,7,1
200501CW10413,1,9,0,6,0,0,0,0,0,0,4,1,15,1,-1,-1,1598,1,16,-1,-1
200501CW10413,2,1,0,18,0,0,0,0,0,0,1,1,15,1,38,7,-1,-1,-1,3,1
200501CW10414,1,11,0,18,0,2,0,0,0,0,4,1,1,1,56,9,7300,2,-1,3,1
200501CW10415,1,9,0,18,0,0,0,0,0,0,1,1,15,1,30,6,-1,-1,-1,-1,-1
200501CW10416,1,5,0,18,0,0,0,0,0,0,0,1,15,1,39,7,649,1,8,7,2
200501CW10416,2,11,0,2,0,0,0,0,0,0,0,2,1,1,57,9,-1,-1,-1,-1,-1
200501CW10417,1,11,0,18,0,1,0,0,0,0,1,1,1,1,48,8,7300,2,2,1,1
200501CW10417,2,19,0,3,0,1,0,0,0,0,2,1,15,1,-1,-1,-1,-1,-1,-1,-1
200501CW10417,3,11,0,3,0,1,0,0,0,0,3,1,1,1,47,8,8268,2,2,4,1
200501CW10418,1,9,0,18,0,8,0,0,0,0,4,1,15,1,43,7,1600,1,5,7,1
200501CW10419,1,5,0,4,0,8,1,0,0,0,0,1,15,1,52,8,645,1,6,6,1
200501CW10420,1,9,0,18,0,1,0,0,4,6,1,1,15,1,25,5,2498,1,8,4,1
200501CW10420,2,9,0,9,0,1,0,0,0,0,3,1,15,1,-1,-1,2099,1,2,-1,-1
200501CW10421,1,19,0,7,0,2,0,0,0,0,4,1,15,1,42,7,2461,2,6,6,1
200501CW10422,1,9,0,18,0,1,0,0,0,0,4,1,15,1,74,10,-1,-1,-1,8,1
200501CW10423,1,11,0,5,0,1,0,0,0,0,0,1,1,3,-1,-1,-1,-1,-1,-1,-1
200501CW10424,1,3,0,18,0,0,0,0,0,0,1,1,15,1,44,7,125,1,3,1,1
200501CW10424,2,9,0,12,0,0,0,0,0,0,3,1,15,1,17,4,1600,1,5,3,1
200501CW10426,1,9,0,18,0,2,0,0,0,0,4,1,15,1,36,7,-1,-1,-1,3,1
200501CW10427,1,9,0,4,0,0,0,0,0,0,4,1,15,1,26,6,1108,1,10,4,1
200501CW10427,2,9,0,4,0,0,0,0,0,0,0,1,15,1,-1,-1,-1,-1,-1,-1,-1
200501CW10427,3,1,0,4,0,0,0,0,0,0,3,1,15,1,50,8,-1,-1,-1,1,1
200501CW10428,1,20,0,18,0,2,0,0,0,0,4,1,15,1,51,8,-1,-1,-1,9,1
200501CW10429,1,11,0,9,0,1,0,0,0,0,0,1,1,1,31,6,9600,2,5,3,1
200501CW10430,1,11,0,4,0,0,0,0,0,0,0,1,1,1,21,5,8268,2,1,3,1
200501CW10431,1,3,0,14,3,1,0,0,0,0,4,1,15,1,38,7,85,1,4,2,1
200501CW10431,2,9,0,12,0,1,0,0,0,0,3,1,15,1,41,7,957,1,18,3,1
200501CW10432,1,1,0,18,0,8,0,0,0,0,1,1,15,1,44,7,-1,-1,-1,2,1
200501CW10432,2,8,0,9,0,8,0,0,0,0,4,1,15,1,60,9,2402,2,1,2,1
200501CW10433,1,9,0,18,0,0,0,0,0,0,1,1,15,1,25,5,3564,1,-1,-1,-1
200501CW10434,1,11,0,5,0,0,0,0,0,0,0,1,1,1,39,7,-1,-1,-1,2,1
200501CW10436,1,11,0,18,0,1,0,0,0,0,4,1,15,1,51,8,-1,2,13,2,1
200501CW10437,1,3,0,5,0,8,0,0,0,0,1,1,15,1,24,5,125,1,1,2,1
200501CW10438,1,8,0,18,0,2,0,0,0,0,4,1,15,1,38,7,2664,2,4,10,1
200501CW10439,1,9,0,18,0,0,0,0,0,0,3,1,15,1,49,8,1598,1,5,3,1
200501CW10439,2,21,0,18,0,0,0,0,0,0,4,1,15,1,43,7,5880,2,-1,7,2
200501CW10440,1,11,0,5,0,2,0,0,0,0,1,1,1,1,32,6,8268,2,2,2,1
200501CW10441,1,9,0,18,0,0,0,0,0,0,0,1,15,2,59,9,1242,1,7,7,1
200501CW10441,2,3,0,13,0,0,0,0,0,0,0,1,15,1,31,6,102,1,1,4,1
200501CW10442,1,3,0,18,0,8,0,0,0,0,0,1,15,1,44,7,124,1,4,5,1
200501CW10442,2,9,0,7,0,8,0,0,0,0,0,1,15,1,42,7,1595,1,8,2,1
200501CW10443,1,8,0,18,0,8,0,0,0,0,4,1,15,1,59,9,2496,2,14,3,1
200501CW10443,2,3,0,18,0,8,0,0,0,0,1,1,15,1,18,4,-1,-1,-1,-1,-1
200501CW10444,1,9,0,9,0,8,0,0,0,0,3,1,15,2,78,11,1794,1,3,7,1
200501CW10444,2,9,0,18,0,8,0,0,0,0,1,1,15,1,48,8,2902,2,3,5,1
200501CW10445,1,11,0,18,0,1,0,0,0,0,1,1,1,1,29,6,7300,2,1,-1,-1
200501CW10446,1,9,0,18,0,1,0,0,0,0,1,1,15,3,-1,-1,1951,2,1,-1,-1
200501CW10447,1,9,0,18,0,0,0,0,0,0,1,1,15,1,-1,-1,-1,-1,-1,-1,-1
200501CW10448,1,9,0,18,0,8,0,0,0,0,1,1,15,1,37,7,-1,-1,-1,4,1
200501CW10448,2,9,0,9,0,8,0,0,0,0,1,1,15,1,-1,-1,1870,2,12,-1,-1
200501CW10450,1,9,0,18,0,1,0,0,0,0,1,1,15,1,44,7,1721,1,14,-1,-1
200501CW10450,2,9,0,3,0,1,0,0,0,0,2,1,15,1,19,4,1596,1,4,3,1
200501CW10452,1,9,0,18,0,1,0,0,0,0,1,1,15,1,28,6,1598,1,-1,2,1
200501CW10452,2,9,0,6,0,1,0,0,0,0,3,1,15,2,39,7,1895,1,6,2,1
200501CW10453,1,4,0,18,0,8,0,0,0,0,1,1,15,1,59,9,499,1,3,8,1
200501CW10453,2,8,0,9,0,8,0,0,0,0,1,1,1,1,71,10,2664,2,11,5,1
200501CW10454,1,21,0,7,0,1,0,0,0,0,1,1,15,1,51,8,-1,-1,-1,7,1
200501CW10455,1,5,0,18,0,2,0,0,0,0,1,1,15,1,45,7,647,1,5,8,1
200501CW10456,1,5,0,5,0,0,0,0,0,0,1,1,15,1,31,6,599,1,2,3,1
200501CW10456,2,9,0,18,0,0,0,0,0,0,2,1,15,3,-1,-1,-1,-1,-1,-1,-1
200501CW10458,1,9,0,18,0,1,0,0,0,0,1,1,15,1,41,7,-1,-1,-1,1,1
200501CW10458,2,2,0,18,0,1,0,0,0,0,3,1,15,1,27,6,-1,-1,-1,6,1
200501CW10459,1,9,0,16,0,8,0,0,0,0,1,1,15,1,42,7,1998,2,1,3,1
200501CW10459,2,3,0,17,0,8,0,0,0,0,1,1,15,1,34,6,124,1,3,2,1
200501CW10460,1,4,0,18,0,0,0,0,0,0,1,1,15,1,-1,-1,499,1,4,-1,-1
200501CW10463,1,9,0,7,0,8,0,0,0,0,4,1,15,1,44,7,-1,-1,-1,7,1
200501CW10463,2,1,0,18,0,8,0,0,0,0,3,1,15,1,37,7,-1,-1,-1,7,1
200501CW10464,1,5,0,18,0,0,0,0,0,0,0,1,15,1,26,6,-1,-1,-1,-1,-1
200501CW10465,1,19,0,18,0,2,0,0,0,0,1,1,15,1,28,6,2187,2,1,6,1
200501CW10465,2,1,0,18,0,2,0,0,0,0,1,1,15,1,26,6,-1,-1,-1,-1,-1
200501CW10466,1,9,0,18,0,1,0,0,0,0,1,1,15,1,29,6,1984,1,11,-1,-1
200501CW10466,2,9,0,2,0,1,0,0,0,0,3,1,15,1,-1,-1,1595,1,4,-1,-1
200501CW10466,3,9,0,2,0,1,0,0,0,0,3,1,15,1,-1,-1,-1,-1,-1,-1,-1
200501CW10466,4,9,0,2,0,1,0,0,0,0,3,1,15,1,-1,-1,1998,1,13,-1,-1
200501CW10466,5,9,0,2,0,1,0,0,0,0,3,1,15,1,-1,-1,-1,-1,-1,-1,-1
200501CW10468,1,9,0,6,0,0,0,0,0,0,1,1,15,1,38,7,-1,-1,-1,4,1
200501CW10468,2,4,0,18,0,0,0,0,0,0,4,1,15,1,33,6,-1,-1,-1,6,1
200501CW10469,1,9,0,18,0,2,0,0,0,0,1,1,15,1,63,9,-1,-1,-1,5,1
200501CW10469,2,8,0,18,0,2,0,0,0,0,3,1,1,1,53,8,2402,2,-1,8,1
200501CW10469,3,8,0,18,0,2,0,0,0,0,2,1,1,1,49,8,2402,2,3,2,1
200501CW10470,1,9,0,9,0,8,0,0,0,0,1,1,15,2,49,8,1390,1,1,2,1
200501CW10470,2,9,0,18,0,8,0,0,0,0,3,1,15,2,28,6,999,1,4,3,1
200501CW10473,1,9,0,18,0,1,0,0,0,0,1,1,15,3,-1,-1,-1,-1,-1,-1,-1
200501CW10474,1,5,0,18,0,8,0,0,0,0,1,1,15,1,39,7,599,1,7,2,1
200501CW10474,2,9,0,9,0,8,0,0,0,0,4,1,15,3,-1,-1,-1,-1,-1,-1,-1
200501CW10475,1,9,0,9,0,8,0,0,0,0,4,1,15,1,72,10,1299,1,3,1,1
200501CW10475,2,5,0,18,0,8,0,0,0,0,1,1,15,1,40,7,599,1,1,1,1
200501CW10476,1,9,0,18,0,0,0,4,0,0,1,1,15,3,-1,-1,1396,1,15,-1,-1
200501CW10476,2,8,0,2,0,0,0,0,0,0,2,1,1,1,38,7,2402,2,3,9,1
200501CW10476,3,9,0,18,0,0,0,0,0,0,0,1,1,1,-1,-1,-1,-1,-1,-1,-1
200501CW10478,1,3,0,18,0,8,0,0,0,0,1,1,15,1,30,6,124,1,3,3,1
200501CW10478,2,1,0,9,0,8,0,0,0,0,2,1,15,1,25,5,-1,-1,-1,7,1
200501CW10479,1,9,0,18,0,2,0,0,0,0,3,1,15,1,40,7,-1,-1,-1,5,1
200501CW10480,1,3,0,18,0,1,0,0,0,0,1,1,15,1,19,4,124,1,2,10,1
200501CW10481,1,9,0,6,0,0,0,0,0,0,3,1,15,2,39,7,1596,1,6,7,1
200501CW10481,2,3,0,13,0,0,0,0,0,0,1,1,15,1,38,7,100,1,6,10,1
200501CW10482,1,9,0,9,0,8,0,0,0,0,4,1,15,1,56,9,1998,1,7,5,1
200501CW10482,2,1,0,9,0,8,0,0,0,0,3,1,15,2,29,6,-1,-1,-1,4,1
200501CW10482,3,8,0,7,0,8,0,0,0,0,0,1,1,3,-1,-1,-1,-1,-1,-1,-1
200501CW10484,1,9,0,11,0,1,0,10,1,0,4,1,15,1,71,10,-1,-1,-1,4,1