Accident_Index,Vehicle_Reference,Vehicle_Type,Towing_and_Articulation,Vehicle_Manoeuvre,Vehicle_Location_Restricted_Lane,Junction_Location,Skidding_and_Overturning,Hit_Object_in_Carriageway,Vehicle_Leaving_Carriageway,Hit_Object_off_Carriageway,1st_Point_of_Impact,Was_Vehicle_Left_Hand_Drive?,Journey_Purpose_of_Driver,Sex_of_Driver,Age_of_Driver,Age_Band_of_Driver,Engine_Capacity_(CC),Propulsion_Code,Age_of_Vehicle,Driver_IMD_Decile,Driver_Home_Area_Type
200501CW10484,2,9,0,7,0,1,2,2,1,2,1,1,15,1,40,7,1590,1,11,-1,-1
200501CW10484,3,9,0,2,0,1,0,0,0,0,0,1,15,2,28,6,-1,-1,-1,-1,-1
200501CW10486,1,5,0,18,0,0,0,0,0,0,1,1,15,1,30,6,645,1,3,3,1
200501CW10486,2,8,0,6,0,0,0,0,0,0,3,1,1,1,56,9,2664,2,4,10,1
200501CW10487,1,8,0,18,0,0,0,0,0,0,3,1,1,1,42,7,2664,2,5,8,2
200501CW10489,1,1,0,18,0,1,0,0,0,0,1,1,15,1,23,5,-1,-1,-1,3,1
200501CW10489,2,9,0,11,0,1,0,0,0,0,4,1,15,3,-1,-1,2179,2,4,-1,-1
200501CW10490,1,19,0,1,0,0,0,0,0,0,2,1,15,1,20,4,-1,-1,-1,-1,-1
200501CW10491,1,11,0,18,0,1,0,0,0,0,1,1,1,1,49,8,6370,2,2,3,1
200501CW10493,1,20,0,9,0,8,0,0,0,0,1,1,15,1,60,9,-1,-1,-1,-1,-1
200501CW10494,1,9,0,9,0,8,0,0,0,0,4,1,15,1,32,6,1896,2,1,6,1
200501CW10494,2,5,0,18,0,8,1,0,0,0,1,1,15,1,31,6,652,1,3,5,1
200501CW10495,1,9,0,6,0,0,0,0,0,0,3,1,15,1,44,7,1390,1,9,4,1
200501CW10495,2,9,0,18,0,0,0,0,0,0,1,2,15,1,28,6,-1,-1,-1,7,1
200501CW10498,1,11,0,4,0,1,0,0,0,0,0,1,1,1,-1,-1,-1,-1,-1,-1,-1
200501CW10499,1,11,0,18,0,0,0,0,0,0,4,1,1,1,66,10,-1,-1,-1,4,1
200501CW10499,2,1,0,18,0,0,0,0,0,0,1,1,15,1,21,5,-1,-1,-1,2,1
200501CW10500,1,5,0,13,0,8,0,0,0,0,4,1,15,1,29,6,600,1,2,3,1
200501CW10500,2,9,0,9,0,8,0,0,0,0,3,1,15,1,33,6,1781,1,3,-1,-1
200501CW10501,1,9,0,18,0,1,0,0,0,0,4,1,15,1,60,9,-1,-1,-1,10,1
200501CW10501,2,4,0,18,0,1,0,0,0,0,2,1,15,1,42,7,198,1,2,7,1
200501CW10503,1,8,0,13,0,1,0,0,0,0,3,1,1,1,33,6,2664,2,6,8,1
200501CW10503,2,11,0,18,0,1,0,0,0,0,0,1,1,1,-1,-1,-1,-1,-1,-1,-1
200501CW10504,1,11,0,3,0,0,0,0,0,0,0,1,1,1,41,7,8268,2,2,-1,-1
200501CW10505,1,11,0,18,0,2,0,0,0,0,1,1,1,1,50,8,6370,2,1,5,1
200501CW10506,1,9,0,2,0,0,0,0,0,0,3,1,15,2,-1,-1,1390,1,3,3,1
200501CW10506,2,1,0,18,0,0,0,0,0,0,1,1,15,2,34,6,-1,-1,-1,6,1
200501CW10507,1,9,0,7,0,8,0,0,0,0,3,1,15,1,-1,-1,-1,-1,-1,2,1
200501CW10507,2,1,0,18,0,8,0,0,0,0,1,1,15,1,32,6,-1,-1,-1,3,1
200501CW10509,1,11,0,4,0,1,0,0,0,0,1,1,1,1,26,6,-1,-1,-1,8,2
200501CW10509,2,19,0,3,0,1,0,0,0,0,2,1,1,1,24,5,2151,2,1,2,1
200501CW10512,1,9,0,2,0,0,0,0,0,0,0,1,15,1,42,7,1996,1,11,2,1
200501CW10512,2,1,0,18,0,0,0,0,0,0,2,1,15,1,31,6,-1,-1,-1,3,1
200501CW10512,3,19,0,18,0,0,0,0,0,0,1,1,1,1,-1,-1,2151,2,4,4,1
200501CW10513,1,1,0,18,4,1,0,0,0,0,3,1,1,1,15,3,-1,-1,-1,-1,-1
200501CW10513,2,8,0,11,4,1,0,0,0,0,4,1,1,1,-1,-1,-1,-1,-1,-1,-1
200501CW10514,1,9,0,9,0,8,0,7,0,0,1,1,15,1,23,5,1997,1,6,7,1
200501CW10515,1,9,0,3,0,8,0,0,0,0,2,1,15,2,27,6,-1,-1,-1,6,1
200501CW10515,2,9,0,18,0,8,0,0,0,0,1,1,15,1,-1,-1,-1,-1,-1,-1,-1
200501CW10516,1,9,0,18,0,8,0,0,0,0,1,1,15,1,47,8,2972,1,14,4,1
200501CW10516,2,9,0,9,0,8,0,0,0,0,1,1,15,1,-1,-1,-1,-1,-1,-1,-1
200501CW10517,1,5,0,17,0,8,0,0,0,0,0,1,15,1,36,7,-1,-1,-1,-1,-1
200501CW10517,2,9,0,18,0,8,0,0,0,0,0,1,15,3,-1,-1,-1,-1,-1,-1,-1
200501CW10518,1,9,0,3,0,1,0,0,0,0,2,1,15,1,52,8,1240,1,1,7,1
200501CW10518,2,9,0,18,0,1,0,0,0,0,1,1,15,1,-1,-1,1998,1,7,2,1
200501CW10519,1,19,0,5,0,0,0,0,0,0,3,1,15,1,-1,-1,2463,2,1,-1,-1
200501CW10520,1,9,0,3,0,1,0,0,0,0,2,1,15,1,43,7,2499,2,2,4,1
200501CW10520,2,9,0,18,0,1,0,0,0,0,1,1,15,1,-1,-1,-1,-1,-1,2,1
200501CW10521,1,9,0,18,0,2,0,0,0,0,3,1,15,1,49,8,2494,1,8,5,1
200501CW10521,2,5,0,18,0,2,0,0,0,0,1,1,15,1,33,6,599,1,1,10,1
200501CW10521,3,9,0,6,0,2,0,0,0,0,3,1,15,1,77,11,1868,2,2,2,1
200501CW10523,1,5,0,18,0,1,0,0,0,0,4,1,15,1,35,6,644,1,4,5,1
200501CW10524,1,11,0,4,7,0,0,0,0,0,4,1,1,1,47,8,7300,2,1,-1,-1
200501CW10525,1,19,0,18,0,8,5,10,4,1,4,1,15,1,28,6,2496,2,12,6,1
200501CW10525,2,9,0,18,0,8,0,0,0,0,1,1,15,1,46,8,-1,-1,-1,3,1
200501CW10526,1,5,0,18,0,8,0,0,0,0,1,1,15,1,34,6,-1,-1,-1,1,1
200501CW10526,2,9,0,9,0,8,0,0,0,0,1,1,15,2,27,6,1668,1,4,3,1
200501CW10528,1,11,0,5,0,0,0,0,0,0,1,1,1,1,56,9,9200,2,1,-1,-1
200501CW10529,1,11,0,5,0,0,0,0,0,0,0,1,1,1,58,9,-1,2,4,4,1
200501CW10530,1,3,0,18,0,2,0,0,0,0,2,1,15,2,24,5,124,1,1,3,1
200501CW10530,2,9,0,4,0,2,0,0,0,0,1,1,15,1,21,5,-1,-1,-1,1,1
200501CW10531,1,9,0,9,0,2,0,0,0,0,4,1,15,2,25,5,1299,1,6,10,1
200501CW10532,1,9,0,9,0,2,0,0,0,0,1,1,15,1,36,7,1781,1,6,6,1
200501CW10533,1,9,0,17,0,0,0,0,0,0,1,1,15,1,31,6,6000,1,1,10,1
200501CW10534,1,3,0,18,0,1,0,0,0,0,1,1,15,1,57,9,124,1,1,2,1
200501CW10535,1,20,0,4,0,1,1,0,0,0,1,1,1,1,44,7,-1,2,10,-1,-1
200501CW10536,1,5,0,3,0,8,0,0,0,0,3,1,15,1,39,7,-1,-1,-1,5,1
200501CW10536,2,9,0,5,0,8,0,0,0,0,4,1,15,1,73,10,1391,1,8,2,1
200501CW10537,1,1,0,15,0,0,0,0,0,0,3,1,15,2,45,7,-1,-1,-1,-1,-1
200501CW10537,2,9,0,3,0,0,0,0,0,0,4,1,15,1,70,10,-1,-1,-1,7,1
200501CW10538,1,8,0,3,0,8,0,0,0,0,2,1,1,1,54,8,-1,-1,-1,7,1
200501CW10538,2,9,0,18,0,8,0,0,0,0,1,1,15,2,31,6,2494,1,14,2,1
200501CW10538,3,9,0,3,0,8,0,0,0,0,2,1,15,1,-1,-1,-1,-1,-1,-1,-1
200501CW10539,1,9,0,18,0,2,0,0,0,0,4,1,15,1,67,10,2299,1,16,8,3
200501CW10540,1,9,0,11,0,0,0,0,0,0,4,1,15,1,36,7,1781,1,3,4,1
200501CW10540,2,3,0,18,0,0,0,0,0,0,3,1,15,1,42,7,125,1,2,4,1
200501CW10542,1,9,0,9,0,8,0,0,0,0,1,1,15,2,34,6,1795,1,5,-1,-1
200501CW10544,1,11,0,5,2,1,0,0,0,0,0,1,1,1,33,6,6370,2,1,-1,-1
200501CW10544,2,8,0,11,2,1,0,0,0,0,0,1,1,3,-1,-1,-1,-1,-1,-1,-1
200501CW10545,1,9,0,4,0,0,0,0,0,0,2,1,15,1,28,6,-1,-1,-1,-1,-1
200501CW10545,2,9,0,18,0,0,0,0,0,0,1,1,15,1,40,7,1999,1,1,3,1
200501CW10546,1,11,0,18,0,0,0,0,0,0,0,1,1,1,65,9,7300,2,1,2,1
200501CW10547,1,8,0,18,0,2,0,0,0,0,4,1,1,1,49,8,-1,-1,-1,9,1
200501CW10548,1,9,0,9,0,2,0,0,0,0,1,1,15,1,59,9,2967,1,-1,9,1
200501CW10549,1,3,0,18,0,8,0,0,0,0,3,1,15,1,42,7,124,1,5,7,1
200501CW10549,2,19,0,3,0,8,0,0,0,0,4,1,1,1,38,7,2402,2,4,5,1
200501CW10549,3,9,0,3,0,8,0,0,0,0,3,1,15,2,23,5,1997,1,7,8,1
200501CW10550,1,5,0,18,0,8,0,0,0,0,1,1,15,1,29,6,1200,1,1,8,1
200501CW10550,2,9,0,7,0,8,0,0,0,0,3,1,15,1,51,8,1587,1,11,6,1
200501CW10551,1,4,0,18,0,1,0,0,0,0,3,1,15,1,45,7,-1,-1,-1,4,1
200501CW10551,2,9,0,7,0,8,0,0,0,0,4,1,15,1,49,8,2979,1,3,9,2
200501CW10553,1,2,0,18,0,8,0,0,0,0,1,1,15,1,30,6,49,1,3,2,1
200501CW10553,2,9,0,7,0,8,0,0,0,0,4,1,15,1,25,5,1994,1,9,5,1
200501CW10554,1,19,0,18,0,1,0,0,0,0,4,1,1,1,24,5,-1,-1,-1,5,1
200501CW10555,1,9,0,7,0,8,0,0,0,0,4,1,15,1,-1,-1,1598,1,3,-1,-1
200501CW10556,1,4,0,18,0,1,0,0,0,0,1,1,15,3,-1,-1,-1,-1,-1,-1,-1
200501CW10558,1,90,0,1,0,0,0,0,0,0,2,1,1,1,56,9,2151,2,4,2,1
200501CW10561,1,9,0,18,0,8,0,0,0,0,4,1,15,1,51,8,998,1,7,-1,-1
200501CW10561,2,9,0,6,0,8,0,0,0,0,3,1,15,1,26,6,-1,-1,-1,2,1
200501CW10562,1,8,0,18,0,8,0,0,0,0,1,1,1,1,67,10,2664,2,8,4,1
200501CW10563,1,11,0,18,0,8,0,0,0,0,4,1,1,1,51,8,8268,2,4,-1,-1
200501CW10564,1,9,0,12,0,8,0,0,0,0,3,1,15,1,33,6,899,1,12,4,1
200501CW10564,2,4,0,18,0,8,0,0,0,0,4,1,15,1,36,7,499,1,6,3,1
200501CW10565,1,5,0,18,0,8,0,0,0,0,4,1,15,1,46,8,996,1,6,-1,-1
200501CW10565,2,19,0,9,0,8,0,0,0,0,3,1,15,3,-1,-1,1686,2,1,-1,-1
200501CW10567,1,1,0,18,0,0,0,0,0,0,2,1,2,1,50,8,-1,-1,-1,4,1
200501CW10567,2,9,0,18,0,0,0,0,0,0,4,1,15,3,-1,-1,-1,-1,-1,-1,-1
200501CW10569,1,8,0,18,0,8,0,0,0,0,4,1,1,1,-1,-1,-1,-1,-1,-1,-1
200501CW10570,1,3,0,2,0,8,0,0,0,0,2,1,15,1,42,7,-1,-1,-1,4,1
200501CW10570,2,9,0,18,0,8,0,0,0,0,1,1,15,1,-1,-1,1796,1,8,7,1
200501CW10571,1,11,0,18,0,1,0,0,0,0,1,1,1,1,47,8,7300,2,1,-1,-1
200501CW10572,1,11,0,18,0,8,0,0,0,0,1,1,1,2,35,6,-1,2,6,1,1
200501CW10573,1,9,0,18,0,1,0,0,0,0,1,1,15,1,50,8,-1,-1,-1,5,1
200501CW10574,1,19,0,18,0,8,0,0,0,0,1,1,1,1,-1,-1,-1,-1,-1,4,1
200501CW10574,2,9,0,3,0,8,0,0,0,0,2,1,15,2,27,6,1388,1,1,-1,-1
200501CW10574,3,8,0,3,0,8,0,0,0,0,2,1,1,1,44,7,2664,2,8,10,1
200501CW10575,1,9,0,9,0,8,0,0,0,0,4,1,15,1,26,6,1905,2,15,-1,-1
200501CW10575,2,9,0,18,0,8,0,0,0,0,1,1,15,1,36,7,1598,1,1,5,1
200501CW10577,1,9,0,18,0,0,0,0,0,0,1,1,15,3,-1,-1,-1,-1,-1,-1,-1
200501CW10577,2,1,0,18,0,0,0,0,0,0,2,1,15,1,40,7,-1,-1,-1,-1,-1
200501CW10577,3,9,0,2,0,0,0,0,0,0,3,1,15,1,-1,-1,-1,-1,-1,-1,-1
200501CW10578,1,9,0,9,0,8,0,0,0,0,3,1,15,1,38,7,1998,1,5,2,1
200501CW10578,2,1,0,18,0,8,0,0,0,0,1,1,15,1,24,5,-1,-1,-1,7,1
200501CW10579,1,1,0,18,0,8,0,0,0,0,1,1,15,1,28,6,-1,-1,-1,4,1
200501CW10580,1,9,0,4,0,0,0,0,0,0,2,1,15,1,40,7,1686,2,1,5,1
200501CW10580,2,9,0,18,0,0,0,0,0,0,1,1,15,1,-1,-1,-1,-1,-1,2,1
200501CW10581,1,9,0,18,0,0,0,0,0,0,1,1,15,1,22,5,-1,-1,-1,8,1
200501CW10582,1,9,0,18,0,0,0,0,0,0,1,1,15,1,43,7,1995,2,-1,8,1
200501CW10583,1,11,0,18,0,0,0,0,0,0,0,1,1,1,40,7,-1,-1,-1,-1,-1
200501CW10584,1,5,0,18,0,2,0,0,0,0,4,1,15,1,33,6,599,1,1,5,1
200501CW10585,1,9,0,18,0,2,0,0,0,0,1,1,15,1,30,6,-1,-1,-1,-1,-1
200501CW10586,1,4,0,18,0,0,0,0,0,0,4,1,15,1,-1,-1,-1,-1,-1,-1,-1
200501CW10587,1,11,0,16,0,8,0,0,0,0,3,1,1,1,42,7,7300,2,4,1,1
200501CW10587,2,90,0,16,0,8,0,10,7,10,4,1,1,1,28,6,3990,2,1,7,1
200501CW10588,1,9,0,12,0,2,0,0,0,0,1,1,15,1,48,8,4293,1,2,-1,-1
200501CW10589,1,9,0,18,0,0,0,0,0,0,3,1,15,1,42,7,1242,1,4,5,1
200501CW10590,1,9,0,4,0,0,0,0,0,0,4,1,15,1,54,8,1086,1,-1,1,1
200501CW10591,1,9,0,18,0,0,0,0,0,0,1,1,15,2,34,6,1242,1,5,6,1
200501CW10591,2,9,0,4,0,0,0,0,0,0,2,1,15,1,26,6,1975,2,10,2,1
200501CW10592,1,11,0,4,0,0,0,0,0,0,1,1,1,1,20,4,-1,-1,-1,-1,-1
200501CW10593,1,9,0,7,0,8,0,0,0,0,4,1,15,2,47,8,3199,1,1,10,1
200501CW10593,2,1,0,18,0,8,0,0,0,0,1,1,15,2,34,6,-1,-1,-1,3,1
200501CW10594,1,9,0,9,0,8,0,0,0,0,1,1,15,1,48,8,-1,-1,-1,9,1
200501CW10594,2,5,0,18,0,8,0,0,0,0,4,1,15,2,39,7,599,1,-1,5,1
200501CW10595,1,19,0,3,0,0,0,0,0,0,2,1,1,1,25,5,1769,2,6,5,1
200501CW10595,2,9,0,3,0,0,0,0,0,0,2,1,15,2,35,6,1388,1,5,3,1
200501CW10595,3,9,0,18,0,0,0,0,0,0,1,1,15,1,27,6,1994,2,7,1,1
200501CW10596,1,19,4,13,0,1,0,0,0,0,4,1,1,1,50,8,-1,-1,-1,10,3
200501CW10596,2,1,0,18,0,1,0,0,0,0,3,1,15,1,42,7,-1,-1,-1,3,1
200501CW10597,1,21,0,9,0,8,0,0,0,0,3,1,15,1,46,8,-1,2,3,2,1
200501CW10597,2,3,0,13,0,8,0,0,0,0,1,1,15,1,40,7,124,1,1,3,1
200501CW10598,1,9,0,9,0,8,0,0,0,0,3,1,15,1,24,5,-1,-1,-1,1,1
200501CW10598,2,9,0,18,0,8,0,0,0,0,1,1,15,1,37,7,-1,-1,-1,3,1
200501CW10599,1,9,0,18,0,8,0,0,0,0,3,1,15,1,65,9,2398,1,7,7,1
200501CW10599,2,9,0,18,0,8,0,0,0,0,1,1,15,1,43,7,-1,-1,-1,6,1
200501CW10600,1,11,0,5,0,2,0,0,0,0,4,1,15,1,50,8,8268,2,1,-1,-1
200501CW10602,1,5,0,15,0,8,0,0,0,0,0,1,15,1,38,7,650,1,6,6,1
200501CW10604,1,9,0,18,0,0,0,0,0,0,1,1,15,1,67,10,-1,-1,-1,8,3
200501CW10606,1,9,0,9,0,8,0,0,0,0,1,1,15,2,49,8,1299,1,9,2,1
200501CW10606,2,8,0,18,0,8,0,0,0,0,4,1,15,1,41,7,2402,2,-1,3,1
200501CW10607,1,19,0,18,0,0,0,0,0,0,3,1,15,1,65,9,2295,7,-1,-1,-1
200501CW10608,1,11,0,5,0,1,0,0,0,0,4,1,15,1,53,8,7300,2,1,2,1
200501CW10608,2,9,0,2,0,1,0,0,0,0,3,1,15,1,54,8,1360,1,5,5,1
200501CW10609,1,5,0,18,0,1,0,0,0,0,1,1,15,1,26,6,600,1,1,-1,-1
200501CW10609,2,9,0,6,0,1,0,0,0,0,3,1,15,2,28,6,1598,1,3,2,1
200501CW10610,1,9,0,18,0,0,0,0,0,0,1,1,15,1,27,6,1360,1,6,3,1
200501CW10610,2,9,0,12,0,0,0,0,0,0,3,1,15,2,-1,-1,1840,1,8,-1,-1
200501CW10611,1,9,0,7,0,8,0,10,4,0,4,1,15,1,42,7,1199,1,5,8,1
200501CW10611,2,11,0,18,2,8,0,0,0,0,1,1,1,1,30,6,8268,2,2,5,1
200501CW10613,1,8,0,9,0,2,0,0,0,0,3,1,1,1,59,9,2402,2,1,6,1
200501CW10614,1,11,0,18,0,0,0,0,0,0,0,1,15,1,38,7,7300,2,1,-1,-1
200501CW10615,1,2,0,18,0,2,0,0,0,0,0,1,15,2,27,6,-1,-1,-1,7,1
200501CW10616,1,3,0,18,0,2,0,0,0,0,1,1,15,1,27,6,125,1,-1,2,1
200501CW10617,1,11,0,18,0,0,0,0,0,0,0,1,1,1,65,9,-1,-1,-1,2,1
200501CW10617,2,9,0,13,0,0,0,0,0,0,0,1,15,3,-1,-1,-1,-1,-1,-1,-1
200501CW10618,1,11,0,5,0,0,0,0,0,0,0,1,1,1,26,6,7300,2,1,4,1
200501CW10618,2,9,0,13,0,0,0,0,0,0,0,1,15,3,-1,-1,-1,-1,-1,-1,-1
200501CW10619,1,8,0,18,0,2,0,0,0,0,1,1,1,1,39,7,2664,2,5,10,1
200501CW10620,1,10,0,3,0,1,0,0,0,0,1,1,15,1,53,8,-1,-1,-1,-1,-1
200501CW10620,2,19,0,18,0,1,0,0,0,0,2,1,15,1,43,7,2151,2,3,8,2
200501CW10621,1,1,0,12,0,1,0,0,0,0,2,1,2,1,35,6,-1,-1,-1,8,1
200501CW10621,2,20,0,18,0,1,0,0,0,0,1,1,1,1,-1,-1,4250,2,5,-1,-1
200501CW10622,1,8,0,18,0,1,0,0,0,0,3,1,15,1,39,7,2402,2,1,3,1
200501CW10623,1,1,0,9,0,8,0,0,0,0,2,1,15,1,64,9,-1,-1,-1,1,1
200501CW10623,2,9,0,18,0,8,0,0,0,0,1,1,15,1,-1,-1,-1,-1,-1,-1,-1
200501CW10624,1,9,0,7,0,8,0,0,0,0,4,1,15,1,28,6,-1,-1,-1,7,3
200501CW10624,2,3,0,7,0,8,0,0,0,0,3,1,15,1,17,4,124,1,3,6,1
200501CW10625,1,9,0,1,0,8,0,0,0,0,2,1,15,1,30,6,1991,2,-1,6,1
200501CW10625,2,9,0,18,0,8,0,0,0,0,3,1,15,1,55,8,-1,-1,-1,9,1
200501CW10627,1,19,0,9,0,8,0,0,0,0,2,1,15,1,27,6,-1,-1,-1,2,1
200501CW10627,2,1,0,9,0,8,0,0,0,0,1,1,15,2,55,8,-1,-1,-1,7,1
200501CW10628,1,11,0,18,0,1,0,0,0,0,0,1,1,3,-1,-1,-1,-1,-1,-1,-1
200501CW10629,1,9,0,3,0,1,0,0,0,0,4,1,15,1,58,9,-1,-1,-1,-1,-1
200501CW10629,2,4,0,18,0,1,0,0,0,0,3,1,15,1,35,6,499,1,5,4,1
200501CW10630,1,5,0,18,0,8,1,0,0,0,4,1,15,1,24,5,636,1,2,7,1
200501CW10630,2,8,0,18,0,8,0,0,0,0,1,1,1,1,-1,-1,2664,2,12,5,1
200501CW10631,1,9,0,18,0,2,0,0,0,0,3,1,15,2,75,10,1299,1,3,8,1
200501CW10632,1,5,0,18,0,0,0,0,0,0,1,1,15,1,34,6,599,1,6,1,1
200501CW10632,2,1,0,9,0,0,0,0,0,0,2,1,15,1,26,6,-1,-1,-1,1,1
200501CW10633,1,1,0,18,0,0,0,0,0,0,1,1,15,2,34,6,-1,-1,-1,-1,-1
200501CW10633,2,9,0,6,0,0,0,0,0,0,3,1,15,1,41,7,1997,2,5,2,1
200501CW10635,1,9,0,7,0,8,0,0,0,0,4,1,15,2,44,7,1898,1,6,5,1
200501CW10635,2,1,0,15,0,8,0,0,0,0,1,1,15,1,23,5,-1,-1,-1,2,1
200501CW10636,1,9,0,9,0,8,0,0,0,0,3,1,15,2,51,8,1988,1,3,7,1
200501CW10636,2,3,0,13,0,8,0,0,0,0,1,1,15,1,24,5,125,1,2,2,1
200501CW10638,1,9,0,18,0,2,0,0,0,0,1,1,15,2,28,6,-1,-1,-1,10,3
200501CW10639,1,8,0,18,0,0,0,0,0,0,1,1,1,1,72,10,2664,1,5,-1,-1
200501CW10640,1,11,0,4,0,1,0,11,0,0,1,1,1,1,53,8,8300,2,5,5,1
200501CW10641,1,5,0,18,0,8,1,0,0,0,0,1,15,1,33,6,599,1,15,9,1
200501CW10641,2,9,0,9,0,8,0,0,0,0,0,1,15,2,38,7,2401,2,1,7,1
200501CW10642,1,5,0,18,0,8,1,0,0,0,0,1,15,2,39,7,599,1,3,3,1
200501CW10642,2,11,0,10,0,8,0,0,0,0,0,1,1,1,52,8,6370,2,2,-1,-1
200501CW10643,1,9,0,18,0,8,0,0,0,0,1,1,15,1,31,6,1587,1,7,4,1
200501CW10643,2,9,0,9,0,8,0,0,0,0,1,1,15,2,50,8,1149,1,1,4,1
200501CW10644,1,19,0,18,0,8,0,0,0,0,4,1,15,1,42,7,1998,2,-1,2,1
200501CW10644,2,1,0,18,0,8,0,0,0,0,1,1,15,1,-1,-1,-1,-1,-1,-1,-1
200501CW10645,1,3,0,18,0,8,0,0,0,0,1,1,15,1,17,4,-1,-1,-1,2,1
200501CW10645,2,9,0,10,0,8,0,0,0,0,2,1,15,1,42,7,1149,1,4,2,1
200501CW10646,1,10,0,18,0,0,0,0,0,0,2,1,15,1,53,8,-1,-1,-1,-1,-1
200501CW10646,2,8,0,18,0,0,0,0,0,0,1,1,1,1,47,8,2664,2,10,9,1
200501CW10647,1,4,0,7,0,8,0,0,0,0,3,1,15,1,35,6,-1,-1,-1,2,1
200501CW10647,2,9,0,7,0,8,0,0,0,0,4,1,15,1,35,6,-1,-1,-1,5,1
200501CW10648,1,3,0,7,0,8,0,0,0,0,0,1,15,1,42,7,89,1,20,1,1
200501CW10650,1,9,0,18,0,8,0,0,0,0,1,1,15,1,20,4,1598,1,-1,6,1
200501CW10650,2,9,0,9,0,8,0,0,0,0,4,1,15,2,32,6,1970,1,3,5,1
200501CW10651,1,11,0,18,0,8,0,0,0,0,1,1,1,1,57,9,8268,2,3,5,1
200501CW10651,2,9,0,16,0,8,0,0,0,0,1,1,15,1,39,7,-1,-1,-1,9,1
200501CW10651,3,9,0,16,0,8,0,0,0,0,0,1,15,3,-1,-1,-1,-1,-1,-1,-1
200501CW10652,1,1,0,18,0,8,0,0,0,0,3,1,15,1,30,6,-1,-1,-1,-1,-1
200501CW10652,2,9,0,9,0,8,0,0,0,0,1,1,15,1,48,8,-1,-1,-1,-1,-1
200501CW10653,1,3,0,18,0,0,0,0,0,0,4,1,15,1,25,5,85,1,4,3,1
200501CW10653,2,9,0,12,0,0,0,0,0,0,1,1,15,1,-1,-1,1390,1,5,-1,-1
200501CW10654,1,8,0,10,0,8,0,0,0,0,1,1,1,1,54,8,2402,2,3,-1,-1
200501CW10654,2,19,0,10,0,8,0,0,0,0,2,1,15,1,-1,-1,1700,2,8,-1,-1
200501CW10654,3,3,0,10,0,8,0,0,0,0,0,1,15,1,-1,-1,125,1,4,-1,-1
200501CW10655,1,9,0,7,0,8,0,0,0,0,1,1,15,1,66,10,1998,1,15,3,1
200501CW10656,1,11,0,18,0,0,0,0,0,0,0,1,1,1,35,6,-1,-1,-1,-1,-1
200501CW10656,2,11,0,4,0,0,0,0,0,0,0,1,1,3,-1,-1,-1,-1,-1,-1,-1
200501CW10657,1,8,0,18,0,2,0,0,0,0,1,1,1,1,38,7,2664,2,8,1,1
200501CW10657,2,9,0,1,0,2,0,0,0,0,2,1,15,2,-1,-1,1597,1,4,4,1
200501CW10658,1,9,0,2,0,2,0,0,0,0,3,1,15,1,70,10,3199,1,1,2,1
200501CW10658,2,1,0,18,0,2,0,0,0,0,1,1,15,1,-1,-1,-1,-1,-1,-1,-1
200501CW10659,1,19,0,18,0,0,0,0,0,0,4,1,1,3,-1,-1,-1,-1,-1,-1,-1
200501CW10660,1,11,0,18,0,2,0,0,0,0,0,1,1,1,61,9,6370,2,1,1,1
200501CW10661,1,9,0,18,0,0,0,0,0,0,1,1,15,1,-1,-1,1590,1,13,-1,-1
200501CW10663,1,9,0,18,0,8,0,0,0,0,1,1,15,1,44,7,1598,1,3,6,1
200501CW10663,2,9,0,18,0,8,0,0,0,0,1,1,15,2,52,8,2979,1,4,10,1
200501CW10664,1,9,0,12,0,1,0,0,0,0,3,1,15,1,25,5,3000,1,11,-1,-1
200501CW10664,2,8,0,7,0,1,0,0,0,0,2,1,1,1,58,9,2664,2,8,5,1
200501CW10664,3,9,0,18,0,1,0,0,0,0,1,1,15,1,26,6,1781,1,7,4,1
200501CW10665,1,9,0,9,0,8,0,0,0,0,4,1,15,2,40,7,2000,1,8,5,1
200501CW10665,2,1,0,18,0,8,0,0,0,0,1,1,15,2,40,7,-1,-1,-1,5,1
200501CW10666,1,19,0,2,0,2,0,0,0,0,3,1,15,1,33,6,-1,-1,-1,3,1
200501CW10666,2,1,0,18,0,2,0,8,0,0,4,1,15,1,38,7,-1,-1,-1,3,1
200501CW10667,1,3,0,18,0,8,0,0,0,0,1,1,15,1,32,6,-1,-1,-1,3,1
200501CW10667,2,11,0,9,0,8,0,0,0,0,1,1,1,1,47,8,9200,2,-1,5,1
200501CW10669,1,3,0,18,0,0,0,0,0,0,1,1,15,1,29,6,-1,-1,-1,4,1
200501CW10670,1,9,0,5,0,8,0,0,0,0,3,1,15,1,44,7,1998,1,9,1,1
200501CW10670,2,1,0,9,0,8,0,0,0,0,1,1,15,1,31,6,-1,-1,-1,1,1
200501CW10672,1,9,0,18,0,2,0,0,0,0,1,1,15,2,52,8,1598,1,2,4,1
200501CW10672,2,9,0,11,0,2,0,0,0,0,4,1,15,1,-1,-1,-1,-1,-1,-1,-1
200501CW10674,1,9,0,18,0,0,0,0,0,0,4,1,15,1,38,7,1998,1,8,2,1
200501CW10675,1,11,0,2,0,0,0,0,0,0,0,1,1,1,55,8,6370,2,3,4,1
200501CW10676,1,11,0,18,0,8,0,0,0,0,3,1,1,1,23,5,8268,2,2,5,1