Accident_Index,Vehicle_Reference,Vehicle_Type,Towing_and_Articulation,Vehicle_Manoeuvre,Vehicle_Location_Restricted_Lane,Junction_Location,Skidding_and_Overturning,Hit_Object_in_Carriageway,Vehicle_Leaving_Carriageway,Hit_Object_off_Carriageway,1st_Point_of_Impact,Was_Vehicle_Left_Hand_Drive?,Journey_Purpose_of_Driver,Sex_of_Driver,Age_of_Driver,Age_Band_of_Driver,Engine_Capacity_(CC),Propulsion_Code,Age_of_Vehicle,Driver_IMD_Decile,Driver_Home_Area_Type
200501CW10863,2,21,0,1,0,0,0,4,0,0,2,1,1,1,38,7,5861,2,4,3,1
200501CW10864,1,11,0,18,0,8,0,0,0,0,3,1,1,1,39,7,7300,2,2,2,1
200501CW10864,2,9,0,7,0,8,0,0,0,0,4,1,15,1,-1,-1,-1,-1,-1,-1,-1
200501CW10865,1,9,0,9,0,8,0,0,0,0,3,1,15,3,-1,-1,1295,1,17,-1,-1
200501CW10865,2,3,0,18,0,8,0,0,0,0,1,1,15,1,28,6,-1,-1,-1,3,1
200501CW10866,1,1,0,18,0,8,0,0,0,0,3,1,15,1,23,5,-1,-1,-1,2,1
200501CW10866,2,9,0,7,0,8,0,0,0,0,4,1,15,1,-1,-1,-1,-1,-1,-1,-1
200501CW10869,1,9,0,18,0,8,0,0,0,0,3,1,15,1,23,5,4398,1,3,4,1
200501CW10869,2,5,0,9,0,8,0,0,0,0,1,1,15,1,41,7,1199,1,3,3,1
200501CW10869,3,1,0,9,0,8,0,0,0,0,3,1,15,1,38,7,-1,-1,-1,4,1
200501CW10870,1,19,0,1,0,0,0,0,0,0,2,1,1,1,30,6,-1,-1,-1,-1,-1
200501CW10872,1,1,0,18,0,1,0,0,0,0,1,1,15,1,29,6,-1,-1,-1,7,1
200501CW10872,2,9,0,18,0,1,0,0,0,0,2,1,15,1,-1,-1,1988,1,6,1,1
200501CW10873,1,19,0,18,0,1,0,0,0,0,4,1,15,1,25,5,1998,2,1,5,2
200501CW10875,1,9,0,3,0,8,0,0,0,0,2,1,15,2,38,7,1600,1,6,-1,-1
200501CW10875,2,9,0,18,0,1,0,0,0,0,1,1,15,2,45,7,1598,1,8,-1,-1
200501CW10875,3,90,0,9,0,8,0,0,0,0,0,1,1,1,43,7,-1,-1,-1,-1,-1
200501CW10876,1,8,0,18,0,2,0,0,0,0,3,1,1,1,32,6,1990,1,-1,3,1
200501CW10877,1,8,0,5,0,8,0,0,0,0,0,1,1,1,48,8,-1,-1,-1,1,1
200501CW10878,1,9,0,1,0,0,0,0,0,0,3,1,15,1,-1,-1,1990,1,16,-1,-1
200501CW10879,1,1,0,17,0,8,0,0,0,0,3,1,15,1,38,7,-1,-1,-1,4,1
200501CW10879,2,21,0,11,0,8,0,0,0,0,4,1,15,3,-1,-1,-1,-1,-1,-1,-1
200501CW10880,1,9,0,18,0,1,0,0,0,0,3,1,15,1,31,6,1781,1,8,5,1
200501CW10880,2,9,0,7,0,1,0,0,0,0,4,1,15,1,-1,-1,1997,1,4,-1,-1
200501CW10881,1,8,0,8,0,8,0,0,0,0,1,1,1,1,59,9,2664,2,13,10,1
200501CW10881,2,9,0,1,0,8,0,0,0,0,2,1,15,1,-1,-1,-1,-1,-1,6,1
200501CW10884,1,8,0,10,0,1,0,0,0,0,2,1,1,1,67,10,2402,2,-1,7,1
200501CW10884,2,8,0,3,0,1,0,0,0,0,2,1,1,1,58,9,-1,-1,-1,8,1
200501CW10884,3,11,0,18,0,1,0,0,0,0,1,1,1,2,36,7,-1,-1,-1,2,1
200501CW10885,1,9,0,9,0,2,0,0,0,0,3,1,15,1,40,7,-1,-1,-1,-1,-1
200501CW10885,2,1,0,18,0,2,0,0,0,0,3,1,15,1,46,8,-1,-1,-1,1,1
200501CW10886,1,3,0,18,0,0,0,0,0,0,4,1,15,1,19,4,124,1,4,1,1
200501CW10887,1,11,0,4,0,2,0,0,0,0,1,1,1,2,43,7,8268,2,3,1,1
200501CW10888,1,9,0,7,0,8,0,0,0,0,4,1,15,1,46,8,1769,2,9,6,1
200501CW10888,2,1,0,18,0,8,0,0,0,0,1,1,15,1,49,8,-1,-1,-1,9,1
200501CW10889,1,8,0,6,0,0,0,0,0,0,0,1,1,1,37,7,1850,1,7,2,1
200501CW10889,2,5,0,14,0,0,0,0,0,0,4,1,15,1,30,6,955,1,1,4,1
200501CW10890,1,8,0,18,0,8,0,0,0,0,1,1,1,1,39,7,2664,2,9,3,1
200501CW10894,1,4,0,18,0,8,0,0,0,0,1,1,15,1,26,6,499,1,7,9,1
200501CW10894,2,9,0,18,0,8,0,0,0,0,2,1,15,1,42,7,2099,1,1,6,1
200501CW10894,3,9,0,12,0,8,0,0,0,0,0,1,15,3,-1,-1,-1,-1,-1,-1,-1
200501CW10895,1,5,0,18,0,0,0,0,0,0,1,1,15,1,27,6,645,1,4,4,1
200501CW10896,1,8,0,3,0,8,0,0,0,0,2,1,1,1,40,7,2664,2,7,3,1
200501CW10896,2,11,0,18,0,8,0,0,0,0,1,1,1,1,25,5,-1,2,10,6,1
200501CW10897,1,11,0,5,0,0,0,0,0,0,0,1,1,1,41,7,8268,2,3,-1,-1
200501CW10898,1,9,0,9,0,8,0,0,0,0,1,1,15,1,19,4,1248,2,1,2,1
200501CW10898,2,5,0,15,0,8,0,0,0,0,3,1,15,1,24,5,1130,1,1,6,1
200501CW10899,1,9,0,9,0,1,1,0,0,0,3,1,15,2,-1,-1,1299,1,9,6,1
200501CW10899,2,9,0,18,0,1,1,0,0,0,4,1,15,1,54,8,1598,1,15,3,1
200501CW10900,1,9,0,9,0,8,0,0,0,0,3,1,15,2,32,6,1840,1,3,3,1
200501CW10900,2,21,0,9,0,8,0,0,0,0,4,1,15,3,-1,-1,11967,2,1,-1,-1
200501CW10901,1,11,0,4,0,8,0,0,0,0,0,1,1,1,-1,-1,8268,2,2,1,1
200501CW10902,1,1,0,18,0,0,0,0,0,0,1,1,15,1,43,7,-1,-1,-1,3,1
200501CW10902,2,8,0,2,0,0,0,0,0,0,3,1,15,1,-1,-1,2664,2,6,-1,-1
200501CW10903,1,8,0,18,0,1,0,0,0,0,1,1,1,1,48,8,2446,2,5,-1,-1
200501CW10903,2,9,0,18,0,1,0,0,0,0,3,1,15,2,29,6,-1,-1,-1,7,1
200501CW10907,1,1,0,18,0,8,0,0,0,0,0,1,15,1,34,6,-1,-1,-1,4,1
200501CW10908,1,3,0,18,0,1,0,0,0,0,1,1,15,1,25,5,85,1,6,7,1
200501CW10908,2,9,0,9,0,8,0,0,0,0,1,1,15,2,33,6,1896,2,3,2,1
200501CW10909,1,11,0,18,0,1,0,0,0,0,2,1,1,2,36,7,7300,2,2,2,1
200501CW10909,2,9,0,7,0,1,0,0,0,0,1,1,15,1,31,6,1388,1,2,4,1
200501CW10910,1,8,0,14,0,0,0,0,0,0,4,1,1,1,-1,-1,1850,1,5,4,1
200501CW10910,2,11,0,3,0,0,0,0,0,0,0,1,1,3,-1,-1,-1,-1,-1,-1,-1
200501CW10911,1,8,0,4,0,2,0,0,0,0,0,1,1,1,58,9,2402,2,-1,8,1
200501CW10911,2,3,0,18,0,2,1,0,0,0,0,1,15,1,-1,-1,-1,-1,-1,-1,-1
200501CW10912,1,9,0,18,0,8,0,0,0,0,3,1,2,1,29,6,-1,-1,-1,3,1
200501CW10912,2,9,0,7,0,8,0,0,0,0,4,1,15,1,-1,-1,1149,1,6,-1,-1
200501CW10913,1,8,0,2,0,0,0,0,0,0,3,1,1,1,42,7,-1,-1,-1,9,1
200501CW10913,2,1,0,14,0,0,0,0,0,0,4,1,15,2,32,6,-1,-1,-1,1,1
200501CW10916,1,11,0,18,0,1,0,0,0,0,0,1,1,1,-1,-1,1000,2,20,2,1
200501CW10916,2,9,0,11,0,1,0,0,0,0,0,1,15,3,-1,-1,-1,-1,-1,-1,-1
200501CW10917,1,11,0,18,0,2,0,0,0,0,0,1,15,1,63,9,-1,2,42,5,1
200501CW10918,1,11,0,18,0,8,0,0,0,0,0,1,1,1,-1,-1,-1,2,4,5,1
200501CW10919,1,5,0,18,0,8,0,0,0,0,4,1,15,1,53,8,885,1,7,2,1
200501CW10919,2,9,0,7,0,8,0,0,0,0,1,1,15,1,-1,-1,1783,1,8,2,1
200501CW10920,1,9,0,9,0,8,0,0,0,0,4,1,15,1,28,6,2494,1,5,7,1
200501CW10920,2,9,0,18,0,8,0,0,0,0,1,1,15,1,-1,-1,-1,-1,-1,-1,-1
200501CW10923,1,1,0,2,0,0,0,0,0,0,3,1,15,1,31,6,-1,-1,-1,-1,-1
200501CW10923,2,9,0,14,0,0,0,0,0,0,4,1,15,3,-1,-1,-1,-1,-1,-1,-1
200501CW10924,1,9,0,9,0,2,0,0,0,0,1,1,15,1,28,6,1998,1,8,1,1
200501CW10925,1,9,0,9,0,2,0,0,0,0,2,1,1,1,60,9,-1,-1,-1,9,1
200501CW10925,2,9,0,9,0,2,0,0,0,0,1,1,15,1,-1,-1,-1,-1,-1,2,1
200501CW10926,1,9,0,4,0,1,0,0,0,0,2,1,15,2,46,8,-1,-1,-1,5,1
200501CW10926,2,9,0,18,0,1,0,0,0,0,1,1,15,1,-1,-1,1995,1,5,-1,1
200501CW10927,1,2,0,7,0,8,0,0,0,0,3,1,1,1,36,7,49,1,5,2,1
200501CW10927,2,9,0,7,0,8,0,0,0,0,4,1,15,1,-1,-1,-1,-1,-1,-1,-1
200501CW10928,1,1,0,18,0,0,0,0,0,0,3,1,15,1,53,8,-1,-1,-1,7,1
200501CW10928,2,9,0,18,0,0,0,0,0,0,4,1,1,1,-1,-1,-1,-1,-1,-1,-1
200501CW10929,1,11,0,18,0,1,0,0,0,0,1,1,1,1,44,7,7300,2,2,-1,-1
200501CW10930,1,9,0,9,0,8,0,0,0,0,1,1,15,2,29,6,1896,2,-1,10,1
200501CW10930,2,9,0,18,0,8,0,0,0,0,3,1,15,2,27,6,-1,-1,-1,-1,-1
200501CW10932,1,9,0,9,0,2,0,0,0,0,4,1,15,1,36,7,-1,-1,-1,2,1
200501CW10932,2,1,0,7,0,2,0,0,0,0,3,1,15,1,34,6,-1,-1,-1,-1,-1
200501CW10933,1,11,0,18,0,1,0,0,0,0,4,1,1,2,38,7,-1,-1,-1,1,1
200501CW10934,1,9,0,2,0,0,0,0,0,0,1,1,15,1,53,8,1896,2,2,4,1
200501CW10934,2,1,0,16,0,0,0,0,0,0,1,1,15,1,-1,-1,-1,-1,-1,7,1
200501CW10935,1,5,0,9,0,8,0,0,0,0,2,1,15,1,28,6,600,1,6,-1,-1
200501CW10935,2,9,0,18,0,8,0,0,0,0,1,1,15,1,33,6,1589,1,9,3,1
200501CW10936,1,11,0,2,0,1,0,0,0,0,0,1,1,3,-1,-1,-1,-1,-1,-1,-1
200501CW10937,1,11,0,9,0,8,0,0,0,0,0,1,1,1,33,6,-1,2,4,-1,1
200501CW10938,1,5,0,18,0,0,1,0,0,0,3,1,15,1,27,6,-1,-1,-1,4,1
200501CW10939,1,9,0,18,0,1,0,0,0,0,4,1,15,1,50,8,1994,1,14,6,1
200501CW10940,1,11,0,4,0,0,0,0,0,0,4,1,1,1,23,5,9200,2,1,5,1
200501CW10941,1,21,0,6,0,8,0,0,0,0,3,1,1,1,33,6,-1,-1,-1,-1,-1
200501CW10941,2,3,0,13,0,8,0,0,0,0,1,1,15,1,30,6,-1,-1,-1,4,1
200501CW10944,1,9,0,14,0,1,0,0,0,0,1,1,15,2,75,10,1240,1,2,5,1
200501CW10946,1,8,0,12,0,0,0,0,0,0,0,1,1,3,-1,-1,-1,-1,-1,-1,-1
200501CW10946,2,9,0,18,0,0,0,0,0,0,2,1,15,1,26,6,-1,-1,-1,-1,1
200501CW10946,3,11,0,18,0,0,0,0,0,0,1,1,1,1,37,7,7300,2,-1,5,1
200501CW10947,1,8,0,18,0,8,0,10,1,10,3,1,1,1,49,8,2402,2,1,10,3
200501CW10947,2,9,0,11,0,8,0,0,0,0,4,1,15,1,-1,-1,1587,1,10,-1,-1
200501CW10948,1,9,0,11,0,0,0,0,0,0,4,1,15,1,25,5,1590,1,11,3,1
200501CW10949,1,11,0,4,0,1,0,0,0,0,0,1,1,1,36,7,9200,2,-1,5,1
200501CW10950,1,1,0,18,0,0,0,0,0,0,1,1,15,1,31,6,-1,-1,-1,2,1
200501CW10950,2,9,0,2,0,0,0,0,0,0,3,1,15,1,24,5,1390,1,4,5,1
200501CW10951,1,11,0,9,0,8,0,0,0,0,4,1,1,1,46,8,11000,2,1,-1,-1
200501CW10952,1,11,0,18,0,1,0,0,0,0,1,1,1,1,39,7,7300,2,1,-1,-1
200501CW10953,1,11,0,18,0,8,0,0,0,0,2,1,15,1,-1,-1,-1,-1,-1,-1,-1
200501CW10954,1,3,0,18,0,1,0,0,0,0,1,1,15,1,20,4,124,1,9,1,1
200501CW10956,1,2,0,16,0,8,0,0,0,0,3,1,15,1,25,5,49,1,1,3,1
200501CW10957,1,9,0,18,0,8,0,0,0,0,1,1,15,1,34,6,2979,1,1,6,1
200501CW10957,2,2,0,9,0,8,0,0,0,0,4,1,15,1,44,7,49,1,1,6,1
200501CW10958,1,9,0,16,0,1,0,0,0,0,1,1,15,1,-1,-1,2493,1,5,7,1
200501CW10959,1,5,0,14,0,0,0,0,0,0,4,1,15,2,51,8,652,1,3,10,2
200501CW10959,2,9,0,12,0,0,0,0,0,0,3,1,15,1,40,7,3982,1,11,8,1
200501CW10961,1,9,0,3,0,0,0,0,0,0,2,1,15,1,37,7,1596,1,9,-1,-1
200501CW10961,2,1,0,18,0,0,0,0,0,0,1,1,15,1,20,4,-1,-1,-1,2,1
200501CW10962,1,1,0,18,0,0,0,0,0,0,1,1,15,2,24,5,-1,-1,-1,5,1
200501CW10962,2,9,0,1,0,0,0,0,0,0,2,1,15,1,-1,-1,-1,-1,-1,-1,-1
200501CW10963,1,9,0,18,0,8,0,0,0,0,4,1,15,1,49,8,1896,2,-1,4,1
200501CW10963,2,3,0,9,0,8,0,0,0,0,3,1,15,1,28,6,100,1,-1,7,1
200501CW10964,1,5,0,17,0,2,0,0,0,0,1,1,15,1,30,6,748,1,1,10,1
200501CW10965,1,1,0,18,0,8,0,0,0,0,3,1,15,1,31,6,-1,-1,-1,4,1
200501CW10965,2,9,0,7,0,8,0,0,0,0,4,1,15,1,-1,-1,1242,1,7,-1,-1
200501CW10966,1,9,0,1,0,8,0,0,0,0,2,1,15,2,-1,-1,2979,1,3,-1,-1
200501CW10966,2,1,0,18,0,8,0,0,0,0,4,1,15,2,-1,-1,-1,-1,-1,-1,-1
200501CW10967,1,21,0,9,0,8,0,0,0,0,1,1,15,1,41,7,6370,2,2,4,1
200501CW10967,2,5,0,18,0,8,0,0,0,0,1,1,15,1,32,6,600,1,8,5,1
200501CW10968,1,11,0,18,0,2,0,0,0,0,3,1,1,1,41,7,-1,-1,-1,4,1
200501CW10969,1,9,0,18,0,0,0,8,0,0,1,1,15,1,-1,-1,2685,2,1,8,1
200501CW10969,2,8,0,4,0,0,0,0,0,0,4,1,1,1,-1,-1,-1,-1,-1,6,1
200501CW10969,3,9,0,2,0,0,0,0,0,0,2,1,15,3,-1,-1,-1,-1,-1,-1,-1
200501CW10970,1,9,0,18,0,8,0,0,0,0,4,1,15,1,47,8,-1,-1,-1,3,1
200501CW10970,2,1,0,12,0,8,0,0,0,0,3,1,15,1,27,6,-1,-1,-1,5,1
200501CW10971,1,11,0,2,0,8,0,0,0,0,0,1,15,1,-1,-1,8268,2,2,1,1
200501CW10973,1,1,0,18,0,1,0,0,0,0,3,1,15,1,53,8,-1,-1,-1,7,1
200501CW10973,2,9,0,13,0,1,0,0,0,0,4,1,15,1,-1,-1,-1,-1,-1,-1,-1
200501CW10974,1,8,0,4,0,2,0,0,0,0,2,1,15,1,61,9,2402,2,2,10,1
200501CW10974,2,4,0,18,0,2,0,0,0,0,1,1,15,1,-1,-1,399,1,15,2,1
200501CW10975,1,11,0,7,0,8,0,0,0,0,0,1,1,1,31,6,8268,2,1,-1,-1
200501CW10977,1,1,0,18,0,8,0,0,0,0,1,1,15,1,22,5,-1,-1,-1,1,1
200501CW10977,2,8,0,7,0,8,0,0,0,0,4,1,1,3,-1,-1,-1,-1,-1,-1,-1
200501CW10978,1,8,0,14,0,1,0,0,0,0,4,1,1,1,41,7,2664,2,6,3,1
200501CW10979,1,11,0,18,0,0,0,0,0,0,0,1,1,1,24,5,-1,-1,-1,4,1
200501CW10979,2,8,0,11,0,0,0,0,0,0,0,1,1,1,-1,-1,-1,-1,-1,-1,-1
200501CW10980,1,2,0,18,0,2,0,0,0,0,1,1,15,2,34,6,-1,-1,-1,1,1
200501CW10980,2,8,0,18,0,2,0,0,0,0,2,1,1,1,-1,-1,-1,-1,-1,-1,-1
200501CW10981,1,9,0,5,0,0,0,0,0,0,1,1,15,1,-1,-1,-1,-1,-1,-1,-1
200501CW10983,1,9,0,4,0,2,0,0,0,0,1,1,15,1,-1,-1,1984,1,-1,-1,-1
200501CW10984,1,9,0,2,0,0,0,0,0,0,3,1,15,1,-1,-1,-1,-1,-1,-1,-1
200501CW10984,2,1,0,18,0,0,0,0,0,0,4,1,15,2,51,8,-1,-1,-1,1,1
200501CW10985,1,9,0,4,0,1,0,0,0,0,1,1,15,1,29,6,-1,-1,-1,2,1
200501CW10985,2,9,0,4,0,1,0,0,0,0,2,1,15,1,49,8,3301,1,1,5,1
200501CW10986,1,19,0,3,0,0,0,0,0,0,2,1,15,1,43,7,-1,-1,-1,-1,-1
200501CW10986,2,9,0,18,0,0,0,0,0,0,1,1,15,1,-1,-1,-1,-1,-1,-1,-1
200501CW10987,1,1,0,7,0,1,0,0,1,0,3,1,15,1,34,6,-1,-1,-1,10,1
200501CW10987,2,19,0,7,0,1,0,0,1,0,4,1,15,1,-1,-1,-1,-1,-1,6,1
200501CW10989,1,1,0,7,0,8,0,0,0,0,0,1,2,1,27,6,-1,-1,-1,4,1
200501CW10990,1,1,0,12,0,8,0,0,0,0,3,1,15,1,29,6,-1,-1,-1,3,1
200501CW10990,2,9,0,18,0,8,0,0,0,0,4,1,15,1,-1,-1,-1,-1,-1,-1,-1
200501CW10991,1,11,0,7,0,8,0,0,0,0,0,1,1,1,-1,-1,8268,2,2,-1,-1
200501CW10992,1,9,0,9,0,8,0,0,0,0,4,1,15,2,40,7,1587,1,2,5,1
200501CW10992,2,5,0,18,0,8,0,0,0,0,1,1,15,1,-1,-1,-1,-1,-1,-1,-1
200501CW10993,1,9,0,18,0,0,0,0,0,0,1,1,15,1,-1,-1,1781,1,3,-1,-1
200501CW10995,1,9,0,18,0,0,0,0,0,0,4,1,15,1,-1,-1,1998,1,13,6,1
200501CW10995,2,4,0,11,0,0,0,0,0,0,3,1,15,1,39,7,487,1,-1,8,1
200501CW10996,1,3,0,18,0,8,0,0,0,0,3,1,15,1,29,6,124,1,-1,9,1
200501CW10996,2,9,0,9,0,8,0,0,0,0,3,1,15,1,-1,-1,1998,1,9,-1,-1
200501CW10997,1,11,0,13,0,2,0,0,0,0,4,1,1,1,-1,-1,-1,-1,-1,-1,-1
200501CW10997,2,1,0,18,0,2,0,10,1,10,3,1,15,2,31,6,-1,-1,-1,2,1
200501CW10999,1,19,0,1,0,0,0,0,0,0,2,1,1,1,20,4,1753,2,5,10,1
200501CW10999,2,1,0,18,0,0,0,0,0,0,1,1,15,1,-1,-1,-1,-1,-1,-1,-1
200501CW11000,1,2,0,13,0,0,0,0,0,0,1,1,15,1,32,6,49,1,5,1,1
200501CW11000,2,1,0,18,0,0,0,0,0,0,1,1,15,1,32,6,-1,-1,-1,5,1
200501CW11002,1,9,0,18,0,1,0,0,0,0,1,1,15,1,71,10,1587,1,8,-1,-1
200501CW11003,1,1,0,18,0,2,0,0,0,0,1,1,15,1,22,5,-1,-1,-1,-1,-1
200501CW11003,2,19,0,6,0,2,0,0,0,0,3,1,15,1,22,5,1998,2,2,-1,-1
200501CW11004,1,1,0,18,0,8,0,0,0,0,1,1,15,1,45,7,-1,-1,-1,6,1
200501CW11004,2,9,0,18,0,8,0,0,0,0,1,1,15,1,27,6,1590,1,15,8,1
200501CW11006,1,19,0,1,0,0,0,0,0,0,2,1,1,1,-1,-1,-1,-1,-1,-1,-1
200501CW11007,1,9,0,6,0,0,0,0,0,0,1,1,15,1,64,9,1998,1,8,6,1
200501CW11007,2,2,0,18,0,0,0,0,0,0,1,1,15,2,26,6,49,1,-1,10,1
200501CW11008,1,5,0,7,0,8,0,10,1,7,3,1,15,1,44,7,-1,-1,-1,5,1
200501CW11008,2,11,0,7,0,8,0,0,0,0,4,1,1,1,58,9,7790,2,2,4,1
200501CW11009,1,11,0,5,0,0,0,0,0,0,0,1,1,2,38,7,-1,-1,-1,3,1
200501CW11010,1,9,0,18,0,0,0,0,0,0,4,1,1,1,42,7,-1,-1,-1,2,1
200501CW11010,2,1,0,18,9,0,0,0,0,0,3,1,15,2,24,5,-1,-1,-1,6,1
200501CW11011,1,4,0,14,0,1,0,0,0,0,1,1,15,1,42,7,499,1,-1,1,1
200501CW11013,1,11,0,4,0,0,0,0,0,0,0,1,1,1,52,8,6370,2,2,3,1
200501CW11015,1,19,0,18,0,8,0,0,0,0,0,1,1,1,23,5,-1,-1,-1,3,1
200501CW11015,2,1,0,18,0,8,1,0,0,0,0,1,15,1,30,6,-1,-1,-1,3,1
200501CW11016,1,11,0,5,0,0,0,0,0,0,0,1,1,3,-1,-1,-1,-1,-1,-1,-1
200501CW11017,1,11,0,2,0,0,0,0,0,0,0,1,1,1,33,6,8300,2,5,-1,-1
200501CW11018,1,9,0,18,0,0,0,0,0,0,4,1,15,1,70,10,1598,1,1,7,1
200501CW11018,2,1,0,7,0,0,0,0,0,0,1,1,15,2,30,6,-1,-1,-1,4,1
200501CW11020,1,5,0,12,0,1,0,0,0,0,1,1,15,1,33,6,599,1,4,8,3
200501CW11021,1,9,0,1,0,1,0,0,0,0,2,1,15,1,29,6,1686,2,-1,6,1
200501CW11022,1,9,0,5,0,0,0,0,0,0,4,1,1,1,40,7,999,1,1,2,1
200501CW11023,1,9,0,3,0,1,0,0,0,0,4,1,15,1,27,6,1489,1,7,2,1
200501CW11024,1,8,0,18,0,1,0,0,0,0,4,1,1,1,61,9,-1,-1,-1,6,1
200501CW11025,1,9,0,9,0,2,0,0,0,0,1,1,15,2,-1,-1,1597,1,14,5,1
200501CW11026,1,9,0,7,0,2,0,0,0,0,1,1,15,1,40,7,1984,1,10,5,1
200501CW11026,2,1,0,18,0,2,0,0,0,0,2,1,15,1,45,7,-1,-1,-1,-1,-1
200501CW11027,1,8,0,18,0,1,0,0,0,0,4,1,1,1,80,11,2664,2,14,5,1
200501CW11028,1,9,0,18,0,8,0,0,0,0,4,1,15,2,49,8,-1,-1,-1,3,1
200501CW11028,2,9,0,9,0,8,0,0,0,0,1,1,15,1,23,5,1994,2,8,4,1
200501CW11029,1,9,0,18,0,8,0,10,7,1,1,1,15,1,53,8,-1,-1,-1,-1,-1
200501CW11029,2,8,0,18,0,8,0,10,7,1,4,1,1,1,50,8,2664,2,4,-1,-1
200501CW11032,1,9,0,18,0,8,0,0,0,0,3,1,15,1,33,6,1968,2,-1,1,1
200501CW11032,2,9,0,18,0,8,0,0,0,0,1,1,15,1,21,5,1199,1,5,9,3
200501CW11033,1,9,0,9,0,8,0,0,0,0,1,1,15,2,40,7,2597,1,3,7,1
200501CW11034,1,11,0,18,0,1,0,0,0,0,0,1,1,1,-1,-1,7300,2,1,1,1
200501CW11034,2,9,0,11,0,1,0,0,0,0,0,1,15,3,-1,-1,1598,1,-1,-1,-1
200501CW11035,1,11,0,11,0,0,0,0,0,0,4,1,1,1,29,6,-1,2,40,2,1
200501CW11035,2,9,0,18,0,0,0,0,0,0,3,1,15,2,34,6,-1,-1,-1,-1,-1
200501CW11036,1,8,0,18,0,0,0,0,0,0,1,1,1,1,64,9,2664,2,13,9,1
200501CW11037,1,9,0,18,0,2,0,0,0,0,1,1,15,1,31,6,-1,-1,-1,-1,-1
200501CW11039,1,8,0,13,0,0,0,0,0,0,1,1,1,1,30,6,-1,-1,-1,8,2
200501CW11040,1,8,0,4,0,0,0,0,0,0,4,1,1,1,82,11,9999,2,17,7,1
200501CW11040,2,5,0,18,0,0,0,8,2,4,3,1,15,1,31,6,598,1,9,2,1
200501CW11041,1,9,0,11,0,1,0,0,0,0,4,1,15,1,40,7,-1,-1,-1,4,1
200501CW11041,2,2,0,18,0,1,0,0,0,0,3,1,15,2,27,6,49,1,2,3,1
200501CW11042,1,9,0,18,0,1,0,0,0,0,1,1,15,2,-1,-1,-1,-1,-1,-1,-1
200501CW11043,1,8,0,18,0,1,0,0,0,0,1,1,1,1,-1,-1,-1,-1,-1,-1,-1
200501CW11044,1,8,0,18,0,0,0,0,0,0,1,1,1,1,57,9,2664,2,7,10,1
200501CW11044,2,1,0,18,0,0,0,0,0,0,2,1,15,2,33,6,-1,-1,-1,5,1
200501CW11045,1,9,0,18,0,8,0,0,0,0,3,1,15,1,28,6,-1,-1,-1,2,1
200501CW11045,2,9,0,9,0,8,0,0,0,0,1,1,15,2,37,7,1839,1,8,3,1
200501CW11046,1,5,0,15,0,1,0,8,1,5,1,1,15,1,43,7,1172,1,2,3,1
200501CW11046,2,8,0,3,0,1,0,0,0,0,4,1,1,1,61,9,2496,2,7,3,1
200501CW11047,1,9,0,18,0,8,0,0,0,0,1,1,15,1,38,7,-1,-1,-1,5,1
200501CW11047,2,9,0,3,0,8,0,0,0,0,2,1,15,1,-1,-1,-1,-1,-1,-1,-1
200501CW11048,1,1,0,18,0,0,0,0,0,0,1,1,15,1,35,6,-1,-1,-1,3,1
200501CW11048,2,9,0,3,0,0,0,0,0,0,2,1,15,1,-1,-1,-1,-1,-1,-1,-1
200501CW11049,1,11,0,18,0,0,0,0,0,0,0,1,1,1,35,6,-1,-1,-1,-1,-1
200501CW11050,1,8,0,18,0,8,0,10,1,2,1,1,1,1,62,9,2664,2,9,9,1
200501CW11050,2,9,0,9,0,1,0,0,0,0,1,1,15,1,32,6,-1,-1,-1,6,1
200501CW11051,1,9,0,18,0,0,0,0,0,0,3,1,15,1,-1,-1,-1,-1,-1,-1,-1
200501CW11052,1,11,0,7,0,8,0,0,0,0,1,1,1,1,41,7,8268,2,3,3,1
200501CW11054,1,11,0,18,0,2,0,0,0,0,4,1,1,1,37,7,-1,-1,-1,2,1
200501CW11055,1,9,0,14,0,1,0,0,0,0,4,1,15,2,31,6,1588,1,2,2,1
200501CW11055,2,1,0,14,0,1,0,4,0,0,3,1,15,2,23,5,-1,-1,-1,-1,-1
200501CW11056,1,11,0,18,0,0,0,0,0,0,0,1,1,1,29,6,-1,2,40,2,1
200501CW11058,1,1,0,18,0,8,0,0,0,0,1,1,15,1,28,6,-1,-1,-1,6,1
200501CW11058,2,9,0,9,0,8,0,0,0,0,1,1,15,1,39,7,1497,1,4,1,1
200501CW11060,1,11,0,5,0,0,0,0,0,0,4,1,1,1,52,8,-1,2,42,8,1
200501CW11063,1,9,0,18,0,1,0,0,0,0,3,1,15,1,39,7,1581,1,9,2,1
200501CW11065,1,11,0,4,0,1,0,0,0,0,0,1,1,1,44,7,-1,2,39,1,1
200501CW11066,1,9,0,9,0,8,0,0,0,0,3,1,15,1,31,6,599,1,4,8,1
200501CW11066,2,1,0,17,0,8,0,0,0,0,1,1,15,2,26,6,-1,-1,-1,5,1
200501CW11067,1,3,0,18,0,2,0,4,0,0,1,1,15,2,27,6,124,1,1,1,1
200501CW11067,2,9,0,2,0,2,0,0,0,0,3,2,15,1,35,6,-1,-1,-1,8,1
200501CW11068,1,9,0,14,0,2,0,0,0,0,3,1,15,1,26,6,1910,2,-1,4,1
200501CW11068,2,8,0,14,0,1,0,0,0,0,3,1,1,1,57,9,2664,2,5,10,1