Accident_Index,Vehicle_Reference,Vehicle_Type,Towing_and_Articulation,Vehicle_Manoeuvre,Vehicle_Location_Restricted_Lane,Junction_Location,Skidding_and_Overturning,Hit_Object_in_Carriageway,Vehicle_Leaving_Carriageway,Hit_Object_off_Carriageway,1st_Point_of_Impact,Was_Vehicle_Left_Hand_Drive?,Journey_Purpose_of_Driver,Sex_of_Driver,Age_of_Driver,Age_Band_of_Driver,Engine_Capacity_(CC),Propulsion_Code,Age_of_Vehicle,Driver_IMD_Decile,Driver_Home_Area_Type
200501CW11069,1,5,0,18,0,0,0,0,0,0,1,1,2,1,36,7,600,1,1,7,1
200501CW11069,2,9,0,5,0,0,0,0,0,0,3,1,15,1,37,7,1796,1,-1,-1,-1
200501CW11070,1,9,0,18,0,1,0,0,0,0,1,1,15,1,-1,-1,2362,1,1,3,1
200501CW11071,1,11,0,18,0,8,0,0,0,0,4,1,1,1,47,8,8268,2,2,1,1
200501CW11071,2,1,0,18,0,8,1,0,0,0,3,1,15,1,26,6,-1,-1,-1,1,1
200501CW11072,1,9,0,9,0,0,0,0,0,0,1,1,15,2,25,5,1995,1,9,5,1
200501CW11072,2,1,0,18,0,0,0,0,0,0,1,1,15,1,35,6,-1,-1,-1,4,1
200501CW11074,1,5,0,18,0,0,0,0,0,0,3,1,15,1,25,5,599,1,2,-1,-1
200501CW11076,1,9,0,18,0,0,0,0,0,0,1,1,15,1,40,7,1590,1,10,-1,-1
200501CW11076,2,1,0,18,0,0,0,0,0,0,3,1,15,1,12,3,-1,-1,-1,-1,-1
200501CW11077,1,10,0,18,0,0,0,10,1,2,1,1,15,1,52,8,-1,-1,-1,2,1
200501CW11078,1,9,0,18,0,0,0,0,0,0,1,1,15,1,54,8,1242,1,7,2,1
200501CW11080,1,11,0,4,0,2,0,0,0,0,0,1,1,1,38,7,8268,2,3,2,1
200501CW11081,1,2,0,18,0,8,0,0,0,0,1,1,15,1,31,6,49,1,8,3,1
200501CW11081,2,8,0,6,0,8,0,0,0,0,3,1,1,1,61,9,2664,2,11,6,1
200501CW11084,1,11,0,18,0,0,0,0,0,0,4,1,1,1,30,6,6370,2,1,-1,-1
200501CW11085,1,11,0,7,0,2,0,0,0,0,4,1,1,1,52,8,12000,2,-1,3,1
200501CW11087,1,21,0,18,0,8,0,0,0,0,1,1,15,1,29,6,5880,2,4,7,2
200501CW11087,2,8,0,4,0,8,0,0,0,0,2,1,1,1,54,8,2664,2,6,-1,-1
200501CW11088,1,11,0,18,0,0,0,0,0,0,0,1,1,2,-1,-1,-1,-1,-1,-1,-1
200501CW11090,1,9,0,18,0,2,0,0,0,0,4,1,15,1,39,7,-1,-1,-1,1,1
200501CW11090,2,1,0,18,0,2,0,0,0,0,3,1,15,1,42,7,-1,-1,-1,4,1
200501CW11091,1,10,0,3,0,0,0,0,0,0,2,1,15,1,22,5,2402,2,1,7,1
200501CW11091,2,2,0,18,0,0,0,0,0,0,1,1,15,1,36,7,49,1,6,1,1
200501CW11092,1,8,0,18,0,8,0,0,0,0,1,1,1,1,35,6,-1,-1,-1,7,1
200501CW11093,1,9,0,9,0,8,0,0,0,0,1,1,15,1,45,7,2151,2,3,3,1
200501CW11094,1,11,0,5,0,0,0,0,0,0,0,1,1,1,55,8,9200,2,2,-1,-1
200501CW11095,1,9,0,17,0,8,0,0,0,0,1,1,15,2,27,6,1590,1,4,2,1
200501CW11096,1,9,0,18,0,0,0,10,1,7,1,1,15,1,22,5,-1,-1,-1,1,1
200501CW11096,2,9,0,18,0,0,0,0,0,0,0,1,15,3,-1,-1,-1,-1,-1,-1,-1
200501CW11097,1,8,0,3,0,1,0,0,0,0,2,1,1,1,-1,-1,1896,2,5,-1,-1
200501CW11097,2,9,0,18,0,1,0,0,0,0,1,1,15,1,-1,-1,-1,-1,-1,-1,-1
200501CW11098,1,9,0,5,0,0,0,0,0,0,1,1,15,3,-1,-1,-1,-1,-1,-1,-1
200501CW11099,1,9,0,9,0,8,0,0,0,0,4,1,15,3,-1,-1,-1,-1,-1,-1,-1
200501CW11099,2,9,0,18,0,8,0,0,0,0,1,1,15,1,26,6,2435,1,4,-1,-1
200501CW11104,1,1,0,18,0,8,0,0,0,0,3,1,15,2,27,6,-1,-1,-1,2,1
200501CW11104,2,21,0,7,0,8,0,0,0,0,4,1,1,1,33,6,12580,2,-1,8,1
200501CW11105,1,9,0,7,0,8,0,0,0,0,4,1,15,3,-1,-1,-1,-1,-1,-1,-1
200501CW11106,1,4,0,18,0,0,0,0,0,0,1,1,15,1,33,6,-1,-1,-1,2,1
200501CW11106,2,9,0,12,0,0,0,0,0,0,1,1,15,1,34,6,-1,-1,-1,-1,-1
200501CW11107,1,9,0,9,0,8,0,0,0,0,1,1,15,1,35,6,2997,1,2,6,1
200501CW11107,2,19,0,18,0,8,0,0,0,0,3,1,1,1,44,7,2299,2,9,1,1
200501CW11109,1,9,0,7,0,8,0,0,0,0,4,1,15,1,-1,-1,-1,-1,-1,-1,-1
200501CW11110,1,9,0,18,0,1,0,10,4,6,1,1,15,1,18,4,1199,1,1,4,1
200501CW11111,1,3,0,18,0,0,1,0,0,0,1,1,15,1,26,6,124,1,1,-1,-1
200501CW11111,2,1,0,12,0,0,0,0,0,0,2,1,15,1,-1,-1,-1,-1,-1,1,1
200501CW11113,1,11,0,5,0,1,0,0,0,0,0,1,15,1,38,7,8268,2,3,8,1
200501CW11113,2,8,0,4,0,1,0,0,0,0,0,1,15,1,48,8,2402,2,2,9,1
200501CW11115,1,9,0,18,0,0,0,0,0,0,1,1,15,1,29,6,1799,1,9,2,1
200501CW11115,2,9,0,18,0,0,0,0,0,0,1,1,15,3,-1,-1,1588,1,3,-1,-1
200501CW11116,1,5,0,18,0,1,0,0,0,0,4,1,15,1,30,6,998,1,-1,6,1
200501CW11117,1,5,0,13,0,0,1,0,0,0,4,1,15,1,32,6,-1,-1,-1,3,1
200501CW11117,2,8,0,18,0,0,0,0,0,0,3,1,1,1,62,9,2664,2,14,-1,-1
200501CW11119,1,19,0,18,0,0,0,0,0,0,4,1,15,1,34,6,2295,7,1,3,1
200501CW11120,1,1,0,18,0,8,0,0,0,0,1,1,15,1,18,4,-1,-1,-1,5,1
200501CW11120,2,9,0,7,0,8,0,0,0,0,4,1,15,2,-1,-1,-1,-1,-1,-1,-1
200501CW11123,1,8,0,5,0,8,0,0,0,0,1,1,1,1,-1,-1,-1,-1,-1,-1,-1
200501CW11126,1,1,0,9,0,8,0,0,0,0,3,1,15,2,27,6,-1,-1,-1,6,1
200501CW11126,2,9,0,18,0,8,0,0,0,0,4,1,15,1,-1,-1,-1,-1,-1,8,1
200501CW11127,1,9,0,9,0,8,0,0,0,0,4,1,15,1,28,6,1799,1,8,2,1
200501CW11127,2,3,0,18,0,8,0,0,0,0,1,1,15,1,22,5,124,1,3,-1,-1
200501CW11131,1,5,0,18,0,0,0,0,0,0,1,1,15,1,40,7,998,1,1,2,1
200501CW11132,1,11,0,18,0,8,0,0,0,0,1,1,1,1,46,8,7790,2,2,4,1
200501CW11133,1,9,0,5,0,8,0,0,0,0,4,1,15,1,49,8,-1,-1,-1,6,1
200501CW11133,2,8,0,9,0,8,0,0,0,0,1,1,1,1,45,7,1800,6,12,7,3
200501CW11134,1,9,0,18,0,0,0,0,0,0,1,1,15,1,20,4,1595,1,13,2,1
200501CW11136,1,9,0,18,0,8,0,0,0,0,1,1,15,1,65,9,1998,1,8,9,1
200501CW11136,2,9,0,9,0,8,0,0,0,0,4,1,15,1,27,6,1999,1,3,2,1
200501CW11137,1,9,0,1,0,1,0,4,0,0,2,1,15,1,54,8,1086,1,-1,6,1
200501CW11137,2,9,0,2,0,1,0,0,0,0,1,1,15,2,31,6,3400,6,6,-1,-1
200501CW11139,1,9,0,9,0,8,0,0,0,0,3,1,15,2,27,6,998,1,10,4,1
200501CW11139,2,19,0,18,0,8,0,0,0,0,4,1,1,1,-1,-1,2402,2,2,-1,-1
200501CW11141,1,3,0,2,0,0,0,0,0,0,2,1,1,1,29,6,124,1,2,2,1
200501CW11141,2,9,0,5,0,0,0,0,0,0,1,1,15,2,41,7,-1,-1,-1,-1,-1
200501CW11142,1,3,0,18,0,8,0,0,0,0,3,1,15,1,20,4,85,1,4,6,1
200501CW11142,2,3,0,7,0,8,0,0,0,0,4,1,15,1,-1,-1,125,1,1,-1,-1
200501CW11143,1,5,0,18,0,8,0,4,0,0,1,1,15,1,34,6,599,1,5,6,1
200501CW11143,2,9,0,9,0,8,0,0,0,0,3,1,15,1,54,8,-1,-1,-1,8,1
200501CW11144,1,9,0,1,0,1,0,0,0,0,2,1,15,1,-1,-1,1997,1,11,-1,-1
200501CW11145,1,1,0,18,0,8,0,0,0,0,4,1,15,2,55,8,-1,-1,-1,-1,-1
200501CW11145,2,9,0,7,0,8,0,0,0,0,1,1,15,1,-1,-1,3199,1,5,-1,-1
200501CW11146,1,11,0,18,0,1,0,0,0,0,1,1,1,1,32,6,8268,2,2,1,1
200501CW11146,2,9,0,7,0,1,0,0,0,0,2,1,15,1,-1,-1,-1,-1,-1,-1,-1
200501CW11147,1,1,0,3,0,1,0,0,0,0,2,1,15,1,27,6,-1,-1,-1,6,1
200501CW11147,2,9,0,18,0,1,0,0,0,0,1,1,15,1,-1,-1,-1,-1,-1,-1,-1
200501CW11148,1,3,0,5,0,1,0,0,0,0,2,1,15,1,35,6,125,1,2,4,1
200501CW11148,2,8,0,18,0,1,0,0,0,0,1,1,1,1,-1,-1,2664,2,9,8,1
200501CW11151,1,1,0,18,0,1,0,0,0,0,4,1,15,1,28,6,-1,-1,-1,3,1
200501CW11151,2,9,0,7,0,8,0,0,0,0,0,1,15,1,41,7,2494,1,1,9,1
200501CW11152,1,2,0,7,0,8,0,0,0,0,1,1,15,1,30,6,49,1,1,6,1
200501CW11152,2,90,0,18,0,8,0,0,0,0,4,1,1,1,37,7,-1,-1,-1,2,1
200501CW11153,1,9,0,2,0,0,0,0,0,0,4,2,15,1,51,8,-1,-1,-1,-1,-1
200501CW11153,2,1,0,18,0,0,0,0,0,0,1,1,15,2,37,7,-1,-1,-1,6,1
200501CW11155,1,5,0,7,0,2,0,0,0,0,4,1,15,1,26,6,600,1,6,1,1
200501CW11156,1,5,0,12,0,1,0,0,0,0,3,1,15,1,-1,-1,742,1,8,9,1
200501CW11156,2,9,0,18,0,1,0,0,0,0,4,1,15,3,-1,-1,-1,-1,-1,-1,-1
200501CW11157,1,9,0,9,0,1,0,0,0,0,3,1,15,2,70,10,1998,1,6,6,1
200501CW11157,2,2,0,18,0,1,0,0,0,0,1,1,15,1,-1,-1,-1,-1,-1,-1,-1
200501CW11161,1,8,0,18,0,8,0,0,0,0,1,1,15,1,52,8,-1,-1,-1,8,1
200501CW11161,2,9,0,18,0,8,0,0,0,0,3,1,15,1,76,11,1985,1,13,6,1
200501CW11162,1,9,0,18,0,8,0,0,0,0,4,1,15,1,31,6,1331,1,11,4,1
200501CW11162,2,8,0,18,0,8,5,0,0,0,2,1,1,1,-1,-1,2664,2,10,-1,-1
200501CW11163,1,9,0,18,0,1,0,0,0,0,1,1,15,1,-1,-1,-1,-1,-1,-1,-1
200501CW11164,1,9,0,18,0,1,0,0,0,0,1,1,15,2,49,8,2188,2,4,7,1
200501CW11165,1,8,0,18,0,8,0,10,3,0,3,1,1,1,34,6,1896,2,4,1,1
200501CW11165,2,9,0,9,0,8,0,1,7,0,3,1,15,1,37,7,2283,2,7,4,1
200501CW11166,1,4,0,18,0,0,1,10,7,2,3,1,15,1,25,5,498,1,7,1,1
200501CW11166,2,9,0,13,0,0,0,0,0,0,4,1,15,2,24,5,1339,1,2,3,1
200501CW11167,1,9,0,7,0,8,0,0,0,0,1,1,15,1,47,8,-1,-1,-1,5,1
200501CW11169,1,1,0,18,0,8,0,0,0,0,1,1,15,2,60,9,-1,-1,-1,4,1
200501CW11169,2,9,0,18,0,8,0,0,0,0,3,1,15,3,-1,-1,-1,-1,-1,-1,-1
200501CW11170,1,1,0,9,0,8,0,0,0,0,3,1,15,1,12,3,-1,-1,-1,-1,-1
200501CW11170,2,9,0,13,0,8,0,0,0,0,4,1,15,1,41,7,-1,-1,-1,2,1
200501CW11171,1,9,0,18,0,1,0,0,0,0,1,1,15,3,-1,-1,1998,1,14,-1,-1
200501CW11172,1,11,0,18,0,1,0,10,1,4,4,1,1,1,44,7,8300,2,5,3,1
200501CW11172,2,9,0,7,0,1,0,0,0,0,0,1,15,1,-1,-1,-1,-1,-1,-1,-1
200501CW11175,1,11,0,2,0,2,0,0,0,0,2,1,1,1,54,8,8268,2,2,3,1
200501CW11175,2,11,0,14,0,2,0,0,0,0,1,1,1,1,22,5,7300,2,3,-1,-1
200501CW11176,1,9,0,9,0,8,0,0,0,0,3,1,1,1,33,6,1896,2,-1,9,3
200501CW11176,2,5,0,14,0,8,0,0,0,0,1,1,15,2,31,6,599,1,3,-1,-1
200501CW11177,1,11,0,5,0,0,0,0,0,0,3,1,1,3,-1,-1,-1,-1,-1,-1,-1
200501CW11178,1,9,0,13,0,0,0,0,0,0,3,1,15,1,-1,-1,1796,1,12,-1,-1
200501CW11178,2,3,0,13,0,0,0,0,0,0,4,1,15,1,44,7,75,1,11,1,1
200501CW11178,3,1,0,18,0,0,0,0,0,0,3,1,15,1,67,10,-1,-1,-1,-1,-1
200501CW11179,1,11,0,18,0,2,0,0,0,0,4,1,1,1,55,8,6370,2,1,1,1
200501CW11180,1,9,0,4,0,1,0,0,0,0,1,1,15,1,-1,-1,2993,2,1,3,1
200501CW11181,1,8,0,18,0,0,0,0,0,0,1,1,1,1,-1,-1,-1,-1,-1,-1,-1
200501CW11181,2,5,0,2,0,0,0,0,0,0,2,1,1,1,29,6,599,1,5,2,1
200501CW11182,1,9,0,9,0,8,0,0,0,0,1,1,15,1,32,6,3199,1,8,2,1
200501CW11182,2,1,0,18,4,8,0,0,0,0,1,1,15,1,35,6,-1,-1,-1,9,1
200501CW11183,1,8,0,18,0,1,0,0,0,0,2,1,15,1,56,9,2664,2,8,9,1
200501CW11183,2,1,0,18,0,1,0,0,0,0,1,1,15,1,34,6,-1,-1,-1,4,1
200501CW11184,1,9,0,5,0,1,0,0,0,0,4,1,15,1,45,7,1998,1,9,2,1
200501CW11185,1,9,0,3,0,1,0,0,0,0,2,1,15,1,28,6,-1,-1,-1,4,1
200501CW11185,2,9,0,18,0,1,0,0,0,0,1,1,15,1,38,7,1794,1,3,2,1
200501CW11186,1,11,0,5,0,1,0,0,0,0,0,1,1,1,49,8,6370,2,1,3,1
200501CW11187,1,11,0,5,0,1,0,0,0,0,1,1,1,1,-1,-1,-1,-1,-1,-1,-1
200501CW11188,1,1,0,18,0,0,0,8,0,0,3,1,15,1,22,5,-1,-1,-1,3,1
200501CW11188,2,8,0,2,0,0,0,0,0,0,4,1,1,1,-1,-1,2664,2,16,4,1
200501CW11189,1,1,0,18,0,0,0,10,1,2,1,1,15,1,52,8,-1,-1,-1,4,1
200501CW11190,1,11,0,18,0,8,0,0,0,0,0,1,1,1,-1,-1,8268,2,2,-1,-1
200501CW11191,1,11,0,5,0,0,0,0,0,0,0,1,1,1,47,8,7300,2,1,8,1
200501CW11192,1,9,0,18,0,8,0,10,1,1,3,1,15,1,20,4,-1,-1,-1,3,1
200501CW11192,2,3,0,18,0,8,0,0,0,0,1,1,15,1,30,6,124,1,-1,2,1
200501CW11192,3,9,0,18,0,8,0,0,0,0,1,1,15,1,28,6,998,1,6,8,1
200501CW11193,1,11,0,7,0,8,0,0,0,0,3,1,15,1,-1,-1,-1,-1,-1,-1,-1
200501CW11194,1,11,0,5,0,0,0,0,0,0,0,1,1,1,29,6,-1,-1,-1,2,1
200501CW11195,1,19,0,18,0,0,0,0,0,0,1,1,15,1,33,6,1389,1,11,6,1
200501CW11196,1,9,0,9,0,8,0,0,0,0,1,1,15,1,32,6,-1,-1,-1,-1,-1
200501CW11196,2,3,0,14,0,8,0,0,0,0,1,1,15,1,24,5,124,1,4,2,1
200501CW11197,1,3,0,4,0,0,0,0,0,0,3,1,15,1,34,6,125,1,1,6,1
200501CW11197,2,9,0,11,0,0,0,0,0,0,4,1,15,2,36,7,1769,1,3,1,1
200501CW11198,1,9,0,7,0,8,0,0,0,0,3,1,15,1,50,8,1796,1,6,5,1
200501CW11198,2,1,0,9,0,8,0,0,0,0,4,1,15,1,26,6,-1,-1,-1,3,1
200501CW11202,1,5,0,18,0,2,1,0,0,0,4,1,15,1,36,7,1137,1,5,3,1
200501CW11202,2,8,0,12,0,2,0,0,0,0,0,1,1,1,-1,-1,2664,2,7,1,1
200501CW11204,1,9,0,18,0,8,0,0,0,0,1,1,15,1,40,7,1798,1,4,4,1
200501CW11204,2,9,0,18,0,8,0,0,0,0,4,1,15,1,-1,-1,-1,-1,-1,-1,-1
200501CW11205,1,1,0,18,0,2,0,0,0,0,4,1,15,1,-1,-1,-1,-1,-1,-1,-1
200501CW11207,1,9,0,9,0,8,0,0,0,0,3,1,15,2,41,7,954,1,14,5,1
200501CW11207,2,5,0,18,0,8,1,0,0,0,1,1,15,1,26,6,636,1,-1,5,1
200501CW11208,1,19,0,18,0,0,0,0,0,0,4,1,1,3,-1,-1,-1,-1,-1,-1,-1
200501CW11209,1,9,0,18,0,1,0,0,0,0,3,1,15,1,23,5,1597,1,12,9,1
200501CW11210,1,9,0,18,0,0,0,0,0,0,3,1,15,1,46,8,1998,1,7,-1,-1
200501CW11211,1,9,0,5,0,2,0,0,0,0,2,1,15,1,58,9,698,1,2,4,1
200501CW11211,2,9,0,2,0,2,0,0,0,0,2,1,15,1,-1,-1,1796,1,5,-1,-1
200501CW11211,3,9,0,2,0,2,0,0,0,0,3,1,15,1,-1,-1,1600,1,13,-1,-1
200501CW11211,4,9,0,2,0,2,0,0,0,0,3,1,15,1,-1,-1,1299,1,9,-1,-1
200501CW11211,5,9,0,2,0,2,0,0,0,0,3,1,15,1,-1,-1,1199,1,5,2,1
200501CW11213,1,9,0,9,0,8,0,0,0,0,3,1,15,1,39,7,2993,2,1,10,2
200501CW11213,2,1,0,18,0,8,0,0,0,0,1,1,15,1,37,7,-1,-1,-1,4,1
200501CW11215,1,1,0,18,0,8,0,0,0,0,3,1,15,1,39,7,-1,-1,-1,3,1
200501CW11215,2,9,0,7,0,8,0,0,0,0,4,1,15,1,-1,-1,-1,-1,-1,3,1
200501CW11216,1,9,0,3,0,1,0,0,0,0,1,1,15,1,53,8,1995,2,5,-1,-1
200501CW11216,2,19,0,1,0,1,0,0,0,0,2,1,1,1,-1,-1,1968,2,1,6,1
200501CW11217,1,21,0,18,0,8,0,0,0,0,1,1,1,1,37,7,-1,2,1,1,1
200501CW11217,2,1,0,18,0,8,0,0,0,0,3,1,15,1,30,6,-1,-1,-1,-1,-1
200501CW11219,1,9,0,7,0,8,0,0,0,0,3,1,15,1,41,7,-1,-1,-1,8,1
200501CW11219,2,1,0,15,0,8,0,0,0,0,4,1,15,1,30,6,-1,-1,-1,3,1
200501CW11220,1,9,0,9,0,8,0,0,0,0,1,1,15,1,26,6,1580,1,13,6,1
200501CW11221,1,3,0,18,0,8,0,0,0,0,1,1,15,1,27,6,125,1,-1,6,1
200501CW11222,1,9,0,9,0,1,0,0,0,0,1,1,15,1,32,6,2498,1,8,2,1
200501CW11222,2,2,0,9,0,1,0,0,0,0,3,1,15,2,28,6,-1,-1,-1,3,1
200501CW11223,1,9,0,18,0,0,0,10,7,0,1,1,15,1,-1,-1,-1,-1,-1,-1,-1
200501CW11224,1,9,0,18,0,8,0,0,0,0,1,1,15,1,45,7,-1,-1,-1,4,1
200501CW11224,2,8,0,18,0,8,0,0,0,0,3,1,1,1,63,9,1998,1,2,6,1
200501CW11225,1,4,0,15,0,0,0,0,0,0,1,1,15,1,45,7,499,1,4,4,1
200501CW11225,2,9,0,18,0,0,0,0,0,0,2,1,15,1,39,7,2151,2,6,10,2
200501CW11226,1,9,0,4,0,2,0,0,0,0,1,1,15,1,36,7,2959,1,14,6,1
200501CW11226,2,9,0,18,0,2,0,0,0,0,2,1,15,1,-1,-1,1781,1,12,5,1
200501CW11227,1,9,0,1,0,1,0,0,0,0,2,1,15,2,26,6,-1,-1,-1,4,1
200501CW11228,1,9,0,18,0,1,0,0,0,0,1,1,15,1,46,8,-1,-1,-1,6,1
200501CW11229,1,11,0,18,0,2,0,0,0,0,1,1,1,1,30,6,8268,2,2,-1,-1
200501CW11230,1,9,0,18,0,8,0,0,0,0,1,1,15,2,33,6,1590,1,12,2,1
200501CW11230,2,1,0,9,0,8,0,0,0,0,3,1,15,1,67,10,-1,-1,-1,8,1
200501CW11232,1,9,0,18,0,8,0,0,0,0,3,1,15,2,32,6,-1,-1,-1,8,1
200501CW11232,2,1,0,18,0,8,0,0,0,0,4,1,15,1,35,6,-1,-1,-1,5,1
200501CW11233,1,3,0,14,0,0,0,0,0,0,1,1,15,1,24,5,124,1,3,-1,-1
200501CW11236,1,2,0,13,0,1,1,0,0,0,0,1,15,2,26,6,-1,-1,-1,6,1
200501CW11236,2,9,0,9,0,2,0,0,0,0,0,1,15,3,-1,-1,-1,-1,-1,-1,-1
200501CW11237,1,11,0,9,0,8,0,0,0,0,1,1,1,1,67,10,6370,2,2,3,1
200501CW11238,1,5,0,4,0,1,0,0,0,0,0,1,15,1,39,7,599,1,6,2,1
200501CW11239,1,2,0,18,0,0,0,0,0,0,1,1,15,1,40,7,-1,-1,-1,9,1
200501CW11240,1,9,0,17,0,0,0,0,0,0,1,1,15,1,25,5,1896,2,-1,4,1
200501CW11240,2,1,0,18,0,0,0,0,0,0,2,1,15,1,39,7,-1,-1,-1,5,1
200501CW11242,1,1,0,18,0,0,0,0,0,0,4,1,15,1,22,5,-1,-1,-1,6,1
200501CW11242,2,9,0,5,0,0,0,0,0,0,3,1,15,2,26,6,2000,2,-1,-1,-1
200501CW11243,1,19,0,18,0,2,0,4,0,0,4,1,1,1,41,7,2463,2,2,3,1
200501CW11245,1,9,0,3,0,1,0,0,0,0,2,1,15,1,47,8,1391,1,8,1,1
200501CW11245,2,19,0,18,0,1,0,0,0,0,1,1,15,1,-1,-1,-1,-1,-1,-1,-1
200501CW11249,1,19,0,18,0,8,0,0,0,0,1,1,15,1,-1,-1,-1,-1,-1,-1,-1
200501CW11250,1,11,0,5,0,2,0,0,0,0,0,1,1,1,-1,-1,-1,-1,-1,-1,-1
200501CW11251,1,8,0,18,0,2,0,0,0,0,1,1,15,1,35,6,2664,2,5,5,1
200501CW11253,1,11,0,18,0,1,0,0,0,0,0,1,15,1,-1,-1,-1,-1,-1,-1,-1
200501CW11254,1,5,0,18,0,8,0,0,0,0,1,1,15,1,41,7,918,1,7,9,1
200501CW11254,2,19,0,9,0,8,0,0,0,0,4,1,15,1,21,5,2496,2,9,2,1
200501CW11255,1,3,0,7,0,8,0,0,0,0,1,1,15,1,33,6,124,1,-1,7,1
200501CW11256,1,3,0,4,0,1,0,0,0,0,0,1,15,1,22,5,124,1,5,4,1
200501CW11256,2,9,0,18,0,1,0,0,0,0,0,1,15,1,-1,-1,-1,-1,-1,-1,-1
200501CW11257,1,9,0,9,0,8,0,0,0,0,3,1,15,1,30,6,1896,2,8,3,1
200501CW11257,2,1,0,18,0,8,0,0,0,0,1,1,15,2,-1,-1,-1,-1,-1,-1,-1
200501CW11258,1,9,0,18,0,0,0,0,0,0,1,1,15,1,43,7,1332,1,-1,3,1
200501CW11260,1,5,0,13,0,8,0,0,0,0,4,1,15,1,21,5,937,1,11,7,1
200501CW11260,2,9,0,9,0,8,0,0,0,0,3,1,15,2,31,6,1581,1,9,2,1
200501CW11261,1,3,0,18,0,1,0,0,0,0,4,1,15,1,37,7,125,1,1,7,1
200501CW11261,2,9,0,6,0,1,0,0,0,0,3,1,15,1,-1,-1,1229,1,-1,-1,-1
200501CW11264,1,9,0,18,0,2,0,0,0,0,3,1,15,1,32,6,1600,1,-1,5,1
200501CW11264,2,9,0,18,0,2,0,0,0,0,4,1,15,1,49,8,3222,2,2,7,1
200501CW11265,1,9,0,4,0,0,0,0,0,0,2,1,1,1,38,7,3222,2,1,3,1
200501CW11265,2,8,0,4,0,0,0,0,0,0,1,1,1,1,61,9,2979,1,1,2,1
200501CW11266,1,5,0,18,0,0,0,0,0,0,4,1,15,1,40,7,599,1,4,5,1
200501CW11266,2,9,0,12,0,0,0,0,0,0,4,1,15,1,-1,-1,-1,-1,-1,-1,-1
200501CW11267,1,19,0,1,0,8,0,0,0,0,2,1,1,1,26,6,2400,2,1,6,1
200501CW11268,1,9,0,2,0,1,0,0,0,0,3,1,15,1,23,5,-1,-1,-1,4,1
200501CW11268,2,1,0,18,0,1,0,8,0,0,1,1,15,1,42,7,-1,-1,-1,3,1
200501CW11270,1,19,0,1,0,0,0,0,0,0,2,1,1,1,32,6,1686,2,1,8,1
200501CW11271,1,3,0,16,0,1,0,0,0,0,1,1,15,3,-1,-1,124,1,3,-1,-1
200501CW11272,1,19,0,4,0,1,0,0,0,0,2,1,1,1,28,6,2664,2,2,2,1
200501CW11272,2,1,0,18,0,1,0,0,0,0,1,1,15,1,39,7,-1,-1,-1,1,1
200501CW11273,1,9,0,16,0,1,0,0,0,0,4,1,15,1,38,7,1995,2,3,2,1
200501CW11273,2,1,0,12,0,1,0,0,0,0,3,1,15,2,34,6,-1,-1,-1,3,1
200501CW11276,1,9,0,9,0,8,0,0,0,0,4,1,15,1,20,4,1598,1,4,8,1
200501CW11276,2,1,0,18,0,8,0,0,0,0,1,1,15,1,42,7,-1,-1,-1,4,1
200501CW11278,1,17,0,9,0,2,0,0,0,0,4,1,1,1,44,7,3990,2,3,-1,-1
200501CW11279,1,11,0,18,0,1,0,0,0,0,1,1,1,1,-1,-1,-1,2,39,7,1
200501CW11280,1,9,0,9,0,8,0,0,0,0,3,1,1,1,29,6,-1,-1,-1,6,1
200501CW11281,1,8,0,18,0,0,0,0,0,0,1,1,15,1,56,9,2402,2,3,10,1
200501CW11282,1,9,0,7,0,8,0,0,0,0,1,1,15,1,45,7,3246,1,3,-1,-1
200501CW11284,1,5,0,9,0,8,0,0,0,0,3,1,15,1,-1,-1,-1,-1,-1,-1,-1
200501CW11284,2,9,0,18,0,8,0,0,0,0,1,1,15,3,-1,-1,-1,-1,-1,-1,-1
200501CW11285,1,11,0,18,0,0,0,0,0,0,0,1,15,1,-1,-1,-1,-1,-1,-1,-1
200501CW11288,1,1,0,18,0,8,0,0,0,0,2,1,15,1,21,5,-1,-1,-1,1,1
200501CW11288,2,11,0,18,0,8,0,0,0,0,1,1,1,1,-1,-1,-1,-1,-1,-1,-1
200501CW11289,1,3,0,18,0,0,0,0,0,0,1,1,15,1,37,7,124,1,2,2,1
200501CW11290,1,9,0,6,0,2,0,0,0,0,3,1,15,1,23,5,-1,-1,-1,2,1
200501CW11290,2,5,0,18,0,2,1,0,0,0,1,1,15,1,27,6,599,1,3,7,1
200501CW11292,1,4,0,7,0,2,0,0,0,0,4,1,15,1,33,6,150,1,4,3,1
200501CW11293,1,1,0,18,0,1,0,0,0,0,3,1,15,1,48,8,-1,-1,-1,7,1
200501CW11293,2,4,0,9,0,1,0,0,0,0,3,1,15,3,-1,-1,-1,-1,-1,-1,-1
200501CW11298,1,9,0,18,0,0,0,0,0,0,3,1,15,1,-1,-1,-1,-1,-1,-1,-1
200501CW11300,1,20,0,15,0,8,0,0,0,0,3,1,1,1,32,6,-1,2,9,7,1
200501CW11300,2,1,0,9,0,8,0,0,0,0,4,1,2,1,27,6,-1,-1,-1,4,1
200501CW11302,1,1,0,18,4,0,0,0,0,0,2,1,15,1,19,4,-1,-1,-1,-1,-1
200501CW11302,2,9,0,2,4,0,0,0,0,0,0,1,15,1,33,6,-1,-1,-1,2,1