Accident_Index,Vehicle_Reference,Vehicle_Type,Towing_and_Articulation,Vehicle_Manoeuvre,Vehicle_Location_Restricted_Lane,Junction_Location,Skidding_and_Overturning,Hit_Object_in_Carriageway,Vehicle_Leaving_Carriageway,Hit_Object_off_Carriageway,1st_Point_of_Impact,Was_Vehicle_Left_Hand_Drive?,Journey_Purpose_of_Driver,Sex_of_Driver,Age_of_Driver,Age_Band_of_Driver,Engine_Capacity_(CC),Propulsion_Code,Age_of_Vehicle,Driver_IMD_Decile,Driver_Home_Area_Type
200501CW11512,2,9,0,18,0,1,0,0,0,0,4,1,15,1,21,5,1400,1,6,-1,-1
200501CW11514,1,9,0,18,0,1,0,0,0,0,4,1,15,1,35,6,1996,1,10,1,1
200501CW11514,2,1,0,18,0,1,0,0,0,0,1,1,15,1,49,8,-1,-1,-1,7,3
200501CW11516,1,9,0,2,0,1,0,0,0,0,3,1,15,1,36,7,2438,1,11,3,1
200501CW11516,2,1,0,18,0,1,1,4,0,0,1,1,15,2,25,5,-1,-1,-1,2,1
200501CW11518,1,9,0,18,0,1,0,0,0,0,1,1,15,1,21,5,-1,-1,-1,4,1
200501CW11521,1,5,0,13,0,1,1,0,0,0,0,1,15,1,39,7,600,1,3,4,1
200501CW11522,1,8,0,11,0,8,0,0,0,0,2,1,1,1,-1,-1,-1,-1,-1,-1,-1
200501CW11522,2,4,0,7,0,8,0,0,0,0,1,1,2,1,35,6,498,1,4,4,1
200501CW11523,1,5,0,18,0,8,0,0,0,0,1,1,15,1,48,8,782,1,-1,7,1
200501CW11523,2,9,0,9,0,8,0,0,0,0,4,1,15,1,37,7,1747,1,4,3,1
200501CW11524,1,19,0,6,0,0,0,0,0,0,3,1,1,1,53,8,2300,2,1,6,3
200501CW11524,2,1,0,13,0,0,0,0,0,0,1,1,2,1,52,8,-1,-1,-1,3,1
200501CW11525,1,19,0,2,0,0,0,0,0,0,3,1,15,1,-1,-1,-1,-1,-1,-1,-1
200501CW11525,2,1,0,18,0,0,0,0,0,0,4,1,15,2,27,6,-1,-1,-1,3,1
200501CW11526,1,3,0,18,0,8,0,0,0,0,1,1,15,1,64,9,100,1,1,2,1
200501CW11526,2,1,0,18,0,8,0,0,0,0,1,1,15,1,14,3,-1,-1,-1,5,1
200501CW11527,1,9,0,10,0,8,0,0,0,0,2,1,15,1,29,6,1587,1,12,1,1
200501CW11527,2,9,0,18,0,8,0,0,0,0,1,1,15,1,-1,-1,3199,1,8,-1,-1
200501CW11528,1,11,0,18,0,0,0,0,0,0,0,1,1,1,38,7,7300,2,4,5,1
200501CW11529,1,3,0,6,0,0,0,0,0,0,3,1,15,1,18,4,125,1,-1,2,1
200501CW11529,2,19,0,13,0,0,0,0,0,0,4,1,1,1,-1,-1,2402,2,4,3,1
200501CW11530,1,9,0,1,0,2,0,0,0,0,2,1,15,1,-1,-1,2972,1,4,-1,-1
200501CW11533,1,9,0,3,0,8,0,0,0,0,2,1,15,1,59,9,1598,1,3,6,1
200501CW11533,2,19,0,18,0,8,0,0,0,0,1,1,15,1,-1,-1,1896,2,-1,-1,-1
200501CW11533,3,9,0,3,0,8,0,0,0,0,2,1,15,1,-1,-1,-1,-1,-1,-1,-1
200501CW11536,1,9,0,10,0,8,0,0,0,0,4,1,15,1,32,6,-1,-1,-1,2,1
200501CW11536,2,9,0,18,0,8,0,0,0,0,1,1,15,1,-1,-1,1998,1,5,6,1
200501CW11537,1,9,0,3,0,2,0,0,0,0,2,1,15,2,41,7,998,1,1,7,1
200501CW11537,2,9,0,18,0,2,0,0,0,0,1,1,15,1,-1,-1,1998,1,7,-1,-1
200501CW11538,1,8,0,7,0,8,0,0,0,0,4,1,1,1,71,10,2664,2,12,6,1
200501CW11539,1,8,0,9,0,8,0,0,0,0,1,1,1,1,58,9,-1,-1,-1,9,1
200501CW11543,1,11,0,4,0,1,0,0,0,0,0,1,1,1,-1,-1,8268,2,4,3,1
200501CW11544,1,9,0,2,0,0,0,0,0,0,3,1,15,1,-1,-1,2494,1,6,-1,-1
200501CW11544,2,1,0,18,0,0,0,4,0,0,1,1,15,1,32,6,-1,-1,-1,3,1
200501CW11545,1,1,0,18,0,8,0,0,0,0,2,1,15,1,29,6,-1,-1,-1,8,1
200501CW11545,2,9,0,7,0,8,0,0,0,0,1,1,15,1,-1,-1,-1,-1,-1,-1,-1
200501CW11547,1,9,0,3,0,0,0,0,0,0,2,1,15,1,80,11,1339,1,1,10,1
200501CW11547,2,9,0,3,0,0,0,0,0,0,2,1,15,1,-1,-1,3226,2,5,-1,-1
200501CW11547,3,9,0,18,0,0,0,0,0,0,1,1,15,2,-1,-1,-1,-1,-1,-1,-1
200501CW11548,1,11,0,5,0,1,0,0,0,0,0,1,1,2,30,6,-1,-1,-1,2,1
200501CW11549,1,1,0,18,0,8,0,0,0,0,3,1,15,1,38,7,-1,-1,-1,10,1
200501CW11549,2,9,0,7,0,8,0,0,0,0,4,1,15,1,-1,-1,-1,-1,-1,-1,-1
200501CW11550,1,1,0,18,0,1,0,0,0,0,4,1,15,2,25,5,-1,-1,-1,7,1
200501CW11550,2,9,0,2,0,1,0,0,0,0,0,1,15,2,-1,-1,-1,-1,-1,5,1
200501CW11551,1,8,0,18,0,0,0,0,0,0,1,1,1,1,35,6,2664,2,6,2,1
200501CW11553,1,9,0,18,0,8,0,0,0,0,1,1,3,2,-1,-1,-1,-1,-1,7,1
200501CW11553,2,5,0,7,0,8,0,0,0,0,2,1,15,1,26,6,600,1,-1,-1,-1
200501CW11555,1,5,0,18,0,8,0,0,0,0,2,1,15,1,32,6,640,1,2,3,1
200501CW11555,2,19,0,18,0,8,0,0,0,0,1,1,15,1,-1,-1,2400,2,4,1,1
200501CW11557,1,2,0,9,0,2,0,0,0,0,4,1,15,2,31,6,49,1,4,5,1
200501CW11557,2,9,0,2,0,2,0,0,0,0,3,1,15,1,-1,-1,1798,1,2,-1,-1
200501CW11558,1,9,0,9,0,8,0,0,0,0,3,1,15,1,29,6,1762,1,8,6,1
200501CW11559,1,9,0,18,0,8,0,0,0,0,1,1,15,1,28,6,-1,-1,-1,2,1
200501CW11559,2,9,0,18,0,8,0,10,1,1,3,1,15,1,-1,-1,1171,1,9,-1,-1
200501CW11562,1,9,0,3,0,1,0,0,0,0,2,1,15,1,37,7,3199,1,6,1,1
200501CW11562,2,9,0,18,0,1,0,0,0,0,1,1,15,1,-1,-1,1896,2,-1,3,1
200501CW11566,1,1,0,18,0,8,0,0,0,0,3,1,15,1,31,6,-1,-1,-1,2,1
200501CW11566,2,9,0,18,0,8,0,0,0,0,1,1,15,1,-1,-1,2494,1,2,8,1
200501CW11567,1,8,0,18,0,0,0,0,0,0,1,1,15,1,40,7,2664,2,4,8,1
200501CW11569,1,19,0,3,0,1,0,0,0,0,2,1,15,1,21,5,-1,-1,-1,6,1
200501CW11569,2,3,0,18,0,1,0,0,0,0,1,1,15,1,-1,-1,-1,-1,-1,-1,-1
200501CW11570,1,9,0,4,0,1,0,0,0,0,2,1,15,2,27,6,1299,1,4,7,1
200501CW11570,2,9,0,18,0,1,0,0,0,0,1,1,15,1,50,8,1985,1,6,-1,-1
200501CW11571,1,21,1,12,2,1,0,0,0,0,3,1,1,1,35,6,5480,2,5,-1,-1
200501CW11571,2,3,0,18,0,1,0,0,0,0,1,1,15,2,26,6,124,1,6,5,1
200501CW11573,1,9,0,9,0,5,0,0,0,0,1,1,15,1,26,6,-1,-1,-1,7,1
200501CW11573,2,9,0,18,0,1,0,10,1,2,1,1,1,2,36,7,1997,1,10,9,1
200501CW11575,1,8,0,6,0,1,0,0,0,0,3,1,1,1,27,6,2402,2,-1,2,1
200501CW11575,2,5,0,13,0,1,1,0,0,0,1,1,2,1,53,8,535,1,7,3,1
200501CW11576,1,9,0,5,0,8,0,0,0,0,1,1,15,1,47,8,1997,2,1,3,1
200501CW11577,1,9,0,7,0,8,0,0,0,0,1,1,15,1,49,8,1896,2,4,3,1
200501CW11577,2,1,0,18,0,8,0,0,0,0,4,1,15,2,33,6,-1,-1,-1,8,1
200501CW11578,1,19,0,3,0,1,0,0,0,0,2,1,1,1,-1,-1,1870,2,3,5,1
200501CW11578,2,90,0,18,0,1,1,0,0,0,1,1,1,1,47,8,-1,2,17,-1,-1
200501CW11580,1,9,0,16,0,8,0,0,0,0,1,1,15,2,47,8,1598,1,2,-1,-1
200501CW11581,1,11,0,5,0,2,0,0,0,0,0,1,1,1,43,7,7300,2,-1,2,1
200501CW11582,1,9,0,3,0,0,0,0,0,0,2,1,15,1,70,10,-1,-1,-1,3,1
200501CW11582,2,1,0,3,0,0,1,0,0,0,1,1,15,1,35,6,-1,-1,-1,-1,-1
200501CW11583,1,19,0,3,0,8,0,0,0,0,2,1,1,1,44,7,2299,2,7,4,1
200501CW11583,2,9,0,3,0,8,0,0,0,0,2,1,15,2,29,6,1995,1,3,5,1
200501CW11583,3,11,0,5,0,8,0,0,0,0,1,1,1,1,35,6,7300,2,3,4,1
200501CW11587,1,9,0,18,0,0,0,0,0,0,2,1,15,2,24,5,-1,-1,-1,7,1
200501CW11587,2,9,0,18,0,0,0,0,0,0,1,1,15,2,-1,-1,1984,1,9,-1,-1
200501CW11588,1,5,0,18,0,0,1,0,0,0,4,1,15,1,42,7,742,1,16,8,1
200501CW11588,2,9,0,12,0,0,0,0,0,0,3,1,15,1,-1,-1,-1,-1,-1,-1,-1
200501CW11589,1,1,0,18,0,8,0,0,0,0,3,1,15,1,33,6,-1,-1,-1,3,1
200501CW11589,2,9,0,9,0,8,0,0,0,0,1,1,15,1,-1,-1,1595,1,7,-1,-1
200501CW11590,1,9,0,18,0,0,0,0,0,0,2,1,15,1,24,5,1998,1,8,4,1
200501CW11590,2,9,0,6,0,0,0,0,0,0,1,1,15,1,-1,-1,-1,-1,-1,-1,-1
200501CW11591,1,5,0,18,0,0,0,0,0,0,1,1,15,1,-1,-1,-1,-1,-1,-1,-1
200501CW11591,2,9,0,6,0,0,0,0,0,0,3,1,15,1,-1,-1,1796,1,5,7,1
200501CW11593,1,11,0,4,0,0,0,0,0,0,0,1,1,1,-1,-1,8268,2,2,-1,-1
200501CW11595,1,9,0,7,0,1,0,0,0,0,3,1,15,2,35,6,2995,1,1,6,1
200501CW11595,2,9,0,18,0,1,0,0,0,0,1,1,15,1,-1,-1,4973,1,8,-1,-1
200501CW11598,1,9,0,18,0,1,0,0,0,0,3,1,15,1,39,7,2188,2,1,1,1
200501CW11598,2,9,0,7,0,1,0,0,0,0,1,1,15,1,-1,-1,1595,1,14,2,1
200501CW11599,1,19,0,3,0,8,0,0,0,0,4,1,15,1,30,6,-1,-1,-1,1,1
200501CW11599,2,4,0,15,0,8,0,0,0,0,1,1,15,1,39,7,399,1,8,4,1
200501CW11600,1,8,0,3,0,1,0,0,0,0,2,1,1,1,37,7,1968,2,-1,2,1
200501CW11600,2,20,0,18,0,1,0,0,0,0,1,1,1,1,60,9,4250,2,-1,2,1
200501CW11601,1,2,0,18,0,8,0,0,0,0,0,1,2,1,44,7,49,1,3,4,1
200501CW11601,2,9,0,1,0,8,0,0,0,0,0,1,1,1,23,5,1590,1,3,5,1
200501CW11602,1,9,0,18,0,0,0,0,0,0,4,1,15,1,40,7,1998,1,12,2,1
200501CW11603,1,5,0,18,0,1,0,0,0,0,1,1,2,1,25,5,-1,-1,-1,1,1
200501CW11603,2,9,0,3,0,8,0,0,0,0,2,1,1,2,27,6,1600,1,7,2,1
200501CW11604,1,11,0,18,0,0,0,0,0,0,0,1,1,1,48,8,8286,2,4,2,1
200501CW11605,1,9,0,9,0,8,0,0,0,0,1,1,15,1,25,5,-1,-1,-1,3,1
200501CW11605,2,2,0,18,0,8,0,0,0,0,4,1,15,1,28,6,49,1,3,-1,-1
200501CW11607,1,11,0,5,0,0,0,0,0,0,0,1,1,1,54,8,8268,2,3,-1,-1
200501CW11608,1,8,0,18,0,8,0,0,0,0,4,1,1,1,63,9,-1,-1,-1,9,1
200501CW11608,2,9,0,18,0,8,0,0,0,0,1,1,15,1,23,5,1396,1,7,2,1
200501CW11609,1,9,0,18,0,1,0,10,3,10,1,1,15,1,70,10,1668,1,4,7,1
200501CW11610,1,9,0,4,0,1,0,0,0,0,2,1,15,1,31,6,1753,2,10,-1,-1
200501CW11610,2,9,0,18,0,1,0,0,0,0,1,1,15,1,-1,-1,-1,-1,-1,-1,-1
200501CW11612,1,8,0,9,0,8,0,0,0,0,0,1,1,1,51,8,2496,2,15,4,1
200501CW11613,1,4,0,18,0,8,1,0,0,0,1,1,15,1,-1,-1,499,1,6,-1,-1
200501CW11614,1,9,0,7,0,8,0,0,0,0,1,1,15,1,90,11,1598,1,2,4,1
200501CW11614,2,9,0,18,0,8,0,0,0,0,1,1,15,2,49,8,1124,1,5,2,1
200501CW11618,1,5,0,18,0,2,0,0,0,0,3,1,15,1,32,6,599,1,6,2,1
200501CW11619,1,9,0,18,0,1,0,0,0,0,1,1,15,1,36,7,-1,-1,-1,2,1
200501CW11621,1,11,0,18,0,0,0,0,0,0,1,1,1,3,-1,-1,-1,-1,-1,-1,-1
200501CW11622,1,8,0,4,0,1,0,0,0,0,0,1,1,1,35,6,1119,1,11,3,1
200501CW11622,2,11,0,18,0,1,0,0,0,0,0,1,1,1,52,8,7300,2,2,5,1
200501CW11623,1,9,0,5,0,1,0,0,0,0,3,1,15,2,23,5,-1,-1,-1,6,1
200501CW11623,2,1,0,18,0,1,0,0,0,0,4,1,15,1,26,6,-1,-1,-1,4,1
200501CW11624,1,5,0,7,0,1,1,0,0,0,4,1,2,1,39,7,520,1,2,4,1
200501CW11625,1,3,0,5,0,0,0,0,0,0,3,1,15,1,33,6,124,1,3,1,1
200501CW11625,2,9,0,5,0,0,0,0,0,0,4,1,15,2,-1,-1,1198,1,-1,7,1
200501CW11626,1,11,0,18,0,1,0,0,0,0,0,1,1,1,29,6,8268,2,2,-1,-1
200501CW11626,2,19,0,11,0,1,0,0,0,0,0,1,15,3,-1,-1,-1,-1,-1,-1,-1
200501CW11629,1,9,0,18,0,0,2,0,0,0,1,1,15,2,35,6,1390,1,4,3,1
200501CW11629,2,4,0,2,0,0,0,0,0,0,4,1,15,2,-1,-1,-1,-1,-1,-1,-1
200501CW11629,3,9,0,2,0,0,0,0,0,0,3,1,15,2,-1,-1,1124,1,4,-1,-1
200501CW11631,1,11,0,18,0,1,0,0,0,0,4,1,1,1,48,8,9200,2,1,3,1
200501CW11632,1,9,0,18,0,2,0,0,0,0,1,1,15,3,-1,-1,1596,1,14,-1,-1
200501CW11633,1,9,0,18,0,1,0,0,0,0,4,1,1,1,58,9,-1,-1,-1,-1,-1
200501CW11634,1,9,0,7,0,8,0,0,0,0,1,1,15,3,-1,-1,2171,1,-1,-1,-1
200501CW11634,2,1,0,18,0,8,0,0,0,0,4,1,15,1,24,5,-1,-1,-1,2,1
200501CW11635,1,5,0,18,0,8,0,0,0,0,1,1,15,1,36,7,1450,1,-1,4,1
200501CW11635,2,9,0,9,0,8,0,0,0,0,4,1,15,1,32,6,-1,-1,-1,4,1
200501CW11636,1,9,0,18,0,1,0,0,0,0,1,1,15,2,50,8,1527,2,9,2,1
200501CW11636,2,9,0,9,0,6,0,0,0,0,1,1,15,3,-1,-1,-1,-1,-1,-1,-1
200501CW11637,1,8,0,9,0,8,0,0,0,0,4,1,1,1,61,9,2664,2,14,3,1
200501CW11637,2,1,0,18,0,8,0,0,0,0,1,1,15,2,37,7,-1,-1,-1,3,1
200501CW11639,1,9,0,7,0,1,0,0,0,0,1,1,1,1,54,8,-1,-1,-1,8,1
200501CW11640,1,9,0,6,0,8,0,0,0,0,3,1,15,1,25,5,1364,7,-1,10,1
200501CW11640,2,3,0,18,0,8,0,0,0,0,1,1,15,1,27,6,125,1,3,2,1
200501CW11642,1,3,0,13,0,1,0,0,0,0,1,1,15,1,41,7,124,1,1,2,1
200501CW11643,1,9,0,18,0,0,0,0,0,0,1,1,15,3,-1,-1,-1,-1,-1,-1,-1
200501CW11646,1,11,0,18,0,0,0,0,0,0,0,1,1,1,56,9,8268,2,2,-1,-1
200501CW11647,1,9,0,18,0,2,0,0,0,0,1,1,15,3,-1,-1,-1,-1,-1,-1,-1
200501CW11648,1,11,1,2,0,1,0,0,0,0,0,1,1,1,44,7,6370,2,1,1,1
200501CW11649,1,1,0,14,0,8,0,0,0,0,1,1,15,1,26,6,-1,-1,-1,7,1
200501CW11649,2,9,0,9,0,8,0,0,0,0,3,1,1,1,-1,-1,-1,-1,-1,-1,-1
200501CW11650,1,9,0,18,0,1,0,0,0,0,1,1,15,1,-1,-1,-1,-1,-1,6,1
200501CW11650,2,1,0,3,0,1,0,0,0,0,2,1,15,2,-1,-1,-1,-1,-1,-1,-1
200501CW11651,1,11,0,18,0,2,0,0,0,0,1,1,1,1,37,7,7300,2,1,3,1
200501CW11652,1,9,0,9,0,8,0,0,0,0,1,1,15,1,29,6,-1,-1,-1,-1,-1
200501CW11652,2,2,0,18,0,8,0,0,0,0,3,1,15,1,39,7,-1,-1,-1,-1,-1
200501CW11653,1,8,0,18,0,0,1,0,0,0,1,1,1,1,58,9,2664,2,8,5,1
200501CW11654,1,4,0,4,0,1,0,0,0,0,1,1,2,1,42,7,499,1,-1,2,1
200501CW11655,1,3,0,14,0,1,0,0,0,0,3,1,1,1,34,6,124,1,-1,4,1
200501CW11655,2,8,0,6,0,1,0,0,0,0,1,1,1,1,40,7,2664,2,4,3,1
200501CW11656,1,9,0,18,0,8,0,0,0,0,3,1,15,1,54,8,-1,-1,-1,-1,-1
200501CW11656,2,9,0,18,0,8,0,0,0,0,1,1,15,1,58,9,-1,-1,-1,3,1
200501CW11659,1,11,1,18,0,2,0,0,0,0,0,1,1,1,46,8,-1,-1,-1,1,1
200501CW11660,1,1,0,18,0,0,0,0,0,0,3,1,15,1,24,5,-1,-1,-1,3,1
200501CW11660,2,8,0,6,0,0,0,0,0,0,1,1,1,2,-1,-1,-1,-1,-1,-1,-1
200501CW11662,1,9,0,18,0,3,0,0,0,0,2,1,15,1,30,6,1895,1,5,2,1
200501CW11662,2,9,0,4,0,3,0,0,0,0,1,1,15,2,-1,-1,1998,1,7,-1,-1
200501CW11664,1,9,0,7,0,8,0,0,0,0,1,1,2,2,56,9,-1,-1,-1,7,1
200501CW11664,2,5,0,18,0,8,1,0,0,0,1,1,2,1,32,6,-1,-1,-1,6,1
200501CW11666,1,1,0,18,0,8,0,0,0,0,3,1,15,1,44,7,-1,-1,-1,5,1
200501CW11666,2,9,0,7,0,8,0,0,0,0,4,1,15,1,-1,-1,1769,2,13,-1,-1
200501CW11667,1,8,0,18,0,1,0,0,0,0,1,1,1,1,-1,-1,2664,2,5,7,1
200501CW11668,1,11,0,18,2,0,0,0,0,0,1,1,15,1,-1,-1,7300,2,1,-1,-1
200501CW11668,2,9,0,18,2,0,0,0,0,0,2,1,15,3,-1,-1,-1,-1,-1,-1,-1
200501CW11669,1,5,0,12,0,0,0,0,0,0,2,1,15,1,28,6,599,1,7,3,1
200501CW11669,2,9,0,18,0,0,0,0,0,0,1,1,15,2,-1,-1,-1,-1,-1,-1,-1
200501CW11670,1,9,0,18,0,8,0,0,0,0,1,1,15,1,47,8,1399,2,1,3,1
200501CW11670,2,21,0,18,0,8,0,0,0,0,4,1,15,1,-1,-1,-1,-1,-1,-1,-1
200501CW11671,1,9,0,18,0,2,0,0,0,0,1,1,15,1,36,7,1762,1,5,2,1
200501CW11672,1,5,0,18,0,8,0,0,0,0,1,1,15,1,-1,-1,-1,-1,-1,4,1
200501CW11673,1,9,0,11,0,0,0,0,0,0,0,1,15,1,61,9,2597,1,2,4,1
200501CW11673,2,2,0,18,0,0,0,0,0,0,0,1,15,2,27,6,49,1,1,-1,-1
200501CW11674,1,11,0,17,0,0,0,0,0,0,1,1,1,2,22,5,7300,2,-1,2,1
200501CW11674,2,9,0,11,0,0,0,0,0,0,2,1,15,1,37,7,-1,-1,-1,5,1
200501CW11675,1,11,0,5,0,0,0,0,0,0,0,1,1,1,56,9,-1,-1,-1,6,1
200501CW11676,1,1,0,18,0,1,0,0,0,0,1,1,15,2,20,4,-1,-1,-1,8,1
200501CW11676,2,8,0,4,0,1,0,0,0,0,2,1,15,1,63,9,-1,-1,-1,6,1
200501CW11677,1,9,0,9,0,1,0,0,0,0,4,1,15,1,70,10,-1,-1,-1,-1,-1
200501CW11677,2,5,0,18,0,1,0,0,0,0,1,1,15,1,41,7,599,1,6,-1,-1
200501CW11680,1,20,0,4,0,2,0,0,0,0,3,1,1,1,45,7,6000,2,16,3,1
200501CW11682,1,8,0,9,0,0,0,0,0,0,4,1,1,1,46,8,1900,2,5,7,1
200501CW11682,2,5,0,18,0,0,0,0,0,0,1,1,15,1,40,7,992,1,1,5,1
200501CW11683,1,9,0,18,0,1,0,0,0,0,3,1,15,1,37,7,1796,1,3,6,1
200501CW11683,2,9,0,9,0,1,0,0,0,0,4,1,15,3,-1,-1,-1,-1,-1,-1,-1
200501CW11684,1,1,0,18,0,8,0,0,0,0,0,1,15,2,37,7,-1,-1,-1,2,1
200501CW11684,2,3,0,7,0,8,0,0,0,0,0,1,15,2,-1,-1,-1,-1,-1,-1,-1
200501CW11687,1,5,0,18,0,1,0,0,0,0,4,1,15,1,54,8,996,1,1,9,1
200501CW11688,1,9,0,11,0,8,0,0,0,0,4,1,15,1,41,7,1762,1,5,1,1
200501CW11688,2,9,0,2,0,8,0,0,0,0,3,1,15,1,-1,-1,1984,1,10,-1,-1
200501CW11690,1,11,0,3,0,1,1,0,0,0,0,1,1,1,56,9,7300,2,4,-1,-1
200501CW11691,1,9,0,9,0,8,0,0,0,0,1,1,15,2,-1,-1,973,1,5,-1,-1
200501CW11693,1,11,0,9,0,8,0,0,0,0,4,1,1,1,-1,-1,-1,-1,-1,-1,-1
200501CW11696,1,3,0,18,0,0,0,0,0,0,1,1,15,1,26,6,124,1,2,2,1
200501CW11696,2,9,0,11,0,0,0,0,0,0,2,1,15,3,-1,-1,2997,1,7,-1,-1
200501CW11697,1,11,0,4,0,0,0,0,0,0,4,1,1,1,58,9,7300,2,1,1,1
200501CW11698,1,4,0,12,0,8,0,0,0,0,3,1,2,2,43,7,499,1,-1,5,1
200501CW11698,2,9,0,18,0,8,0,0,0,0,4,1,15,2,-1,-1,-1,-1,-1,-1,-1
200501CW11700,1,1,0,18,0,0,0,8,0,0,1,1,15,1,26,6,-1,-1,-1,8,1
200501CW11700,2,9,0,2,0,0,0,0,0,0,3,1,15,2,-1,-1,-1,-1,-1,-1,-1
200501CW11701,1,1,0,18,0,0,0,0,0,0,3,1,15,1,38,7,-1,-1,-1,3,1
200501CW11701,2,9,0,6,0,0,0,0,0,0,1,1,15,3,-1,-1,1762,1,7,-1,-1
200501CW11703,1,8,0,7,0,2,0,0,0,0,0,1,1,1,52,8,-1,-1,-1,3,1
200501CW11703,2,1,0,7,0,2,0,10,1,0,0,1,15,1,38,7,-1,-1,-1,7,1
200501CW11704,1,5,0,18,0,0,0,0,0,0,4,1,15,1,35,6,650,1,22,6,1
200501CW11706,1,4,0,18,0,8,0,0,0,0,0,1,1,1,25,5,499,1,5,6,1
200501CW11707,1,9,0,9,0,8,0,0,0,0,3,1,15,1,49,8,-1,-1,-1,4,1
200501CW11707,2,2,0,13,0,8,0,0,0,0,1,1,15,1,28,6,-1,-1,-1,5,1
200501CW11708,1,19,0,9,0,8,0,0,0,0,4,1,15,1,33,6,2496,2,6,4,1
200501CW11708,2,1,0,18,0,8,0,0,0,0,1,1,15,1,31,6,-1,-1,-1,4,1
200501CW11709,1,3,0,18,0,2,0,0,0,0,4,1,15,1,29,6,125,1,1,3,1
200501CW11709,2,9,0,9,0,6,0,0,0,0,1,1,15,1,-1,-1,1124,1,12,3,1
200501CW11710,1,9,0,18,0,1,0,0,0,0,3,1,15,3,-1,-1,-1,-1,-1,-1,-1
200501CW11711,1,9,0,7,0,8,0,0,0,0,4,1,15,1,27,6,2494,1,2,3,1
200501CW11711,2,5,0,18,0,8,0,0,0,0,1,1,15,1,45,7,659,1,-1,4,1
200501CW11715,1,9,0,18,0,0,0,0,0,0,1,1,15,1,66,10,1994,2,9,1,1
200501CW11715,2,9,0,5,0,0,0,0,0,0,3,1,15,1,26,6,1299,1,3,1,1
200501CW11716,1,9,0,6,0,0,0,0,0,0,0,1,15,1,28,6,1996,1,7,4,1
200501CW11716,2,2,0,18,0,0,0,0,0,0,0,1,15,1,24,5,49,1,4,4,1
200501CW11717,1,9,0,18,0,2,0,0,0,0,1,1,15,1,25,5,-1,-1,-1,-1,1
200501CW11717,2,9,0,18,0,2,0,0,0,0,2,1,15,1,38,7,1997,1,1,8,1
200501CW11718,1,11,0,18,0,1,0,0,0,0,4,1,1,1,39,7,-1,-1,-1,2,1
200501CW11720,1,11,0,18,0,1,0,0,0,0,0,1,1,1,35,6,7300,2,1,-1,-1
200501CW11721,1,9,0,18,0,0,0,10,1,2,4,1,15,1,22,5,1196,1,9,-1,-1
200501CW11722,1,9,0,7,0,1,0,0,0,0,1,1,15,1,26,6,-1,-1,-1,-1,-1
200501CW11722,2,11,0,18,2,1,0,0,0,0,4,1,1,1,60,9,-1,-1,-1,-1,-1
200501CW11723,1,9,0,18,0,0,0,0,0,0,4,1,15,3,-1,-1,-1,-1,-1,-1,-1
200501CW11725,1,9,0,18,0,8,0,0,0,0,3,1,15,1,36,7,1905,2,7,1,1
200501CW11725,2,9,0,18,0,8,0,0,0,0,1,1,15,3,-1,-1,1799,1,8,-1,-1
200501CW11726,1,11,0,18,0,1,0,0,0,0,3,1,1,1,39,7,7300,2,-1,3,1
200501CW11726,2,19,0,18,0,1,0,0,0,0,4,1,1,1,55,8,1868,2,6,-1,-1
200501CW11727,1,9,0,9,0,0,0,10,7,10,1,1,15,2,34,6,1360,1,-1,1,1
200501CW11728,1,9,0,3,0,2,0,0,0,0,4,1,15,1,-1,-1,-1,-1,-1,-1,-1
200501CW11728,2,1,0,15,0,2,0,0,0,0,1,1,15,1,30,6,-1,-1,-1,4,1
200501CW11729,1,1,0,18,0,1,0,0,0,0,1,1,15,1,34,6,-1,-1,-1,9,2
200501CW11729,2,9,0,2,0,1,0,0,0,0,2,1,15,1,-1,-1,-1,-1,-1,-1,-1
200501CW11730,1,1,0,18,0,0,0,0,0,0,1,1,15,1,63,9,-1,-1,-1,1,1
200501CW11730,2,9,0,7,0,0,0,0,0,0,1,1,15,3,-1,-1,-1,-1,-1,-1,-1
200501CW11731,1,9,0,18,0,1,0,0,0,0,0,1,15,3,-1,-1,1390,1,1,-1,-1
200501CW11735,1,4,0,18,0,8,1,0,0,0,4,1,15,1,27,6,499,1,4,7,1
200501CW11735,2,19,0,9,0,8,0,0,0,0,1,1,1,1,25,5,-1,-1,-1,-1,-1
200501CW11737,1,11,0,18,0,0,0,0,0,0,1,1,1,1,33,6,7300,2,4,2,1
200501CW11738,1,9,0,5,0,8,0,0,0,0,1,1,15,1,57,9,4172,1,-1,6,2
200501CW11738,2,1,0,5,0,8,0,0,0,0,2,1,15,2,48,8,-1,-1,-1,4,1
200501CW11739,1,9,0,16,0,8,0,10,7,10,1,1,15,1,25,5,1686,2,-1,4,1
200501CW11740,1,1,0,18,0,8,0,0,0,0,3,1,15,2,25,5,-1,-1,-1,6,1
200501CW11740,2,8,0,14,0,8,0,0,0,0,4,1,1,1,-1,-1,2664,2,7,-1,-1
200501CW11741,1,3,0,18,0,2,0,0,0,0,1,1,2,1,28,6,124,1,1,2,1
200501CW11743,1,3,0,18,0,0,0,0,0,0,1,1,15,1,45,7,125,1,-1,7,1
200501CW11744,1,9,0,12,0,0,0,0,0,0,4,1,15,1,36,7,1598,1,5,3,1