Accident_Index,Vehicle_Reference,Vehicle_Type,Towing_and_Articulation,Vehicle_Manoeuvre,Vehicle_Location_Restricted_Lane,Junction_Location,Skidding_and_Overturning,Hit_Object_in_Carriageway,Vehicle_Leaving_Carriageway,Hit_Object_off_Carriageway,1st_Point_of_Impact,Was_Vehicle_Left_Hand_Drive?,Journey_Purpose_of_Driver,Sex_of_Driver,Age_of_Driver,Age_Band_of_Driver,Engine_Capacity_(CC),Propulsion_Code,Age_of_Vehicle,Driver_IMD_Decile,Driver_Home_Area_Type
200501EO40004,1,9,0,7,0,8,0,0,0,0,1,1,15,1,64,9,1781,1,15,-1,-1
200501EO40004,2,1,0,18,0,8,0,0,0,0,1,1,1,1,-1,-1,-1,-1,-1,-1,-1
200501EO40005,1,9,0,3,0,8,0,0,0,0,2,1,15,2,32,6,1598,1,1,-1,-1
200501EO40005,2,9,0,3,0,8,0,0,0,0,2,1,15,1,47,8,1389,1,10,1,1
200501EO40005,3,9,0,18,0,8,0,0,0,0,1,1,15,1,35,6,1461,2,2,2,1
200501EO40006,1,19,0,18,0,3,0,0,0,0,3,1,15,1,43,7,2496,2,6,1,1
200501EO40008,1,1,0,18,0,8,0,0,0,0,2,1,15,1,32,6,-1,-1,-1,1,1
200501EO40008,2,9,0,18,0,8,0,0,0,0,1,1,15,3,-1,-1,-1,-1,-1,-1,-1
200501EO40009,1,9,0,9,0,8,0,0,0,0,3,1,15,1,44,7,1895,1,6,4,1
200501EO40009,2,1,0,18,2,8,0,0,0,0,1,1,15,2,29,6,-1,-1,-1,7,1
200501EO40010,1,1,0,18,0,8,0,0,0,0,1,1,2,1,35,6,-1,-1,-1,2,1
200501EO40010,2,9,0,9,0,8,0,0,0,0,3,1,15,1,-1,-1,1597,1,6,-1,-1
200501EO40011,1,9,0,18,0,8,0,0,0,0,1,1,15,2,40,7,-1,-1,-1,-1,-1
200501EO40011,2,9,0,7,0,8,0,0,0,0,1,1,15,1,-1,-1,1905,2,13,3,1
200501EO40012,1,5,0,18,0,1,0,0,0,0,1,1,15,1,34,6,645,1,6,2,1
200501EO40013,1,9,0,3,0,8,0,0,0,0,2,1,15,1,40,7,-1,-1,-1,3,1
200501EO40013,2,19,0,3,0,8,0,0,0,0,2,1,1,1,-1,-1,2494,2,3,-1,-1
200501EO40013,3,19,0,18,0,8,0,0,0,0,1,1,1,1,-1,-1,2148,2,1,-1,-1
200501EO40014,1,11,0,4,0,1,0,0,0,0,0,1,15,1,29,6,-1,2,6,5,1
200501EO40018,1,9,0,6,0,2,0,0,0,0,3,1,15,1,44,7,-1,-1,-1,2,1
200501EO40018,2,2,0,18,0,2,0,0,0,0,1,1,15,1,36,7,-1,-1,-1,2,1
200501EO40019,1,1,0,18,0,8,0,0,0,0,0,1,2,2,61,9,-1,-1,-1,3,1
200501EO40019,2,19,0,9,0,8,0,0,0,0,0,1,1,1,-1,-1,2151,2,3,-1,-1
200501EO40020,1,3,0,18,0,2,0,0,0,0,1,1,15,1,28,6,85,1,3,-1,-1
200501EO40022,1,5,0,7,0,1,0,0,0,0,1,1,15,1,42,7,-1,-1,-1,9,1
200501EO40023,1,9,0,18,0,0,0,0,0,0,1,1,15,3,-1,-1,-1,-1,-1,-1,-1
200501EO40025,1,9,0,9,0,8,0,0,0,0,1,1,15,3,-1,-1,-1,-1,-1,-1,-1
200501EO40025,2,3,0,18,0,8,0,0,0,0,4,1,15,1,32,6,85,1,8,6,1
200501EO40025,3,9,0,3,0,8,0,0,0,0,1,1,15,3,-1,-1,-1,-1,-1,-1,-1
200501EO40026,1,9,0,9,0,8,0,0,0,0,1,1,15,1,30,6,1493,1,10,7,1
200501EO40026,2,2,0,18,0,8,0,0,0,0,3,1,15,1,26,6,-1,-1,-1,4,1
200501EO40027,1,1,0,18,0,1,0,0,0,0,1,1,15,3,-1,-1,-1,-1,-1,-1,-1
200501EO40028,1,19,0,18,0,0,0,0,0,0,3,1,15,1,46,8,-1,-1,-1,9,3
200501EO40030,1,11,0,18,0,8,0,0,0,0,0,1,1,1,36,7,-1,-1,-1,1,1
200501EO40030,2,9,0,7,0,8,0,0,0,0,0,1,15,1,63,9,1996,1,9,-1,-1
200501EO40031,1,19,0,9,0,8,0,0,0,0,4,1,15,1,24,5,-1,-1,-1,-1,-1
200501EO40031,2,2,0,18,0,8,0,0,0,0,1,1,15,1,30,6,49,1,2,9,1
200501EO40032,1,1,0,18,0,8,0,0,0,0,0,1,15,1,26,6,-1,-1,-1,-1,-1
200501EO40032,2,2,0,9,0,8,0,0,0,0,0,1,15,3,-1,-1,-1,-1,-1,-1,-1
200501EO40033,1,9,0,9,0,8,0,0,0,0,4,1,15,2,51,8,1997,2,2,8,1
200501EO40033,2,3,0,15,0,8,0,0,0,0,1,1,15,1,30,6,125,1,2,-1,-1
200501EO40035,1,9,0,1,0,0,0,0,0,0,2,1,15,1,40,7,1995,1,1,-1,-1
200501EO40036,1,9,0,9,0,1,0,0,0,0,2,1,15,1,50,8,1796,1,3,8,1
200501EO40036,2,1,0,18,0,1,0,0,0,0,1,1,15,1,-1,-1,-1,-1,-1,-1,-1
200501EO40037,1,9,0,18,0,0,0,0,0,0,4,1,15,1,44,7,1995,2,5,1,1
200501EO40037,2,9,0,2,0,0,0,0,0,0,1,1,15,1,-1,-1,-1,-1,-1,-1,-1
200501EO40038,1,9,0,1,0,0,0,0,0,0,2,1,15,1,27,6,1596,1,3,7,1
200501EO40040,1,9,0,4,0,0,0,0,0,0,1,1,15,1,29,6,1997,2,3,6,1
200501EO40041,1,9,0,18,0,1,0,0,0,0,3,1,15,2,49,8,-1,-1,-1,3,1
200501EO40042,1,19,0,3,0,1,0,0,0,0,2,1,15,1,56,9,2151,2,2,-1,-1
200501EO40042,2,9,0,18,0,1,0,0,0,0,1,1,15,1,47,8,1812,1,22,-1,-1
200501EO40043,1,9,0,5,0,2,0,0,0,0,1,1,15,3,-1,-1,-1,-1,-1,-1,-1
200501EO40046,1,9,0,6,0,0,0,0,0,0,3,1,15,2,-1,-1,1242,1,4,8,1
200501EO40046,2,3,0,18,0,0,0,0,0,0,1,1,15,1,38,7,125,1,35,5,1
200501EO40047,1,9,0,18,0,1,0,0,0,0,3,1,15,1,43,7,-1,-1,-1,-1,-1
200501EO40049,1,9,0,6,0,2,0,0,0,0,3,1,15,1,25,5,1598,1,9,4,2
200501EO40049,2,5,0,18,0,2,0,0,0,0,4,1,15,1,33,6,553,1,8,9,2
200501EO40053,1,8,0,12,0,2,0,0,0,0,3,1,15,1,47,8,2402,2,1,7,1
200501EO40053,2,5,0,18,0,2,0,0,0,0,4,1,15,1,32,6,599,1,1,3,1
200501EO40054,1,19,0,12,0,1,0,0,0,0,3,1,1,1,-1,-1,-1,-1,-1,-1,-1
200501EO40054,2,11,0,18,0,1,0,0,0,0,2,1,1,1,31,6,-1,-1,-1,4,1
200501EO40054,3,11,0,3,0,1,0,0,0,0,2,1,1,1,26,6,7300,2,2,1,1
200501EO40056,1,1,0,15,0,0,0,0,0,0,1,1,15,1,26,6,-1,-1,-1,3,1
200501EO40056,2,9,0,15,0,0,0,0,0,0,1,1,15,1,-1,-1,-1,-1,-1,-1,-1
200501EO40059,1,9,0,6,0,2,0,0,0,0,3,1,15,1,25,5,-1,-1,-1,-1,-1
200501EO40059,2,4,0,18,0,2,0,0,0,0,1,1,15,1,27,6,487,1,1,8,1
200501EO40060,1,2,0,18,0,2,0,0,0,0,1,1,15,3,-1,-1,-1,-1,-1,-1,-1
200501EO40063,1,5,0,4,0,1,0,0,0,0,1,1,15,1,53,8,553,1,12,1,1
200501EO40064,1,2,0,18,0,0,0,0,0,0,1,1,15,1,34,6,49,1,1,6,1
200501EO40064,2,9,0,6,0,0,0,0,0,0,3,1,15,1,30,6,998,1,1,-1,-1
200501EO40066,1,9,0,18,0,8,0,0,0,0,3,1,15,1,-1,-1,-1,-1,-1,-1,-1
200501EO40066,2,1,0,18,0,8,0,0,0,0,1,1,15,2,23,5,-1,-1,-1,3,1
200501EO40068,1,19,0,7,0,8,0,0,0,0,1,1,15,1,43,7,-1,-1,-1,1,1
200501EO40068,2,1,0,18,0,8,0,0,0,0,4,1,15,1,38,7,-1,-1,-1,2,1
200501EO40069,1,19,0,7,0,8,0,0,0,0,2,1,1,1,41,7,2402,2,2,6,1
200501EO40069,2,1,0,18,0,8,0,0,0,0,1,1,15,2,21,5,-1,-1,-1,2,1
200501EO40075,1,11,0,18,0,0,0,0,0,0,0,1,1,1,-1,-1,-1,-1,-1,-1,-1
200501EO40082,1,3,0,18,0,8,0,0,0,0,1,1,15,1,21,5,124,1,13,3,1
200501EO40082,2,9,0,9,0,8,0,0,0,0,4,1,15,1,23,5,-1,-1,-1,-1,-1
200501EO40085,1,2,0,8,0,1,0,0,0,0,2,1,15,1,32,6,49,1,4,-1,-1
200501EO40085,2,9,0,18,0,1,0,0,0,0,1,1,15,1,-1,-1,1686,2,4,-1,-1
200501EO40086,1,2,0,18,0,8,0,0,0,0,1,1,15,1,19,4,49,1,3,3,1
200501EO40086,2,9,0,9,0,8,0,0,0,0,1,1,15,1,42,7,2200,2,10,-1,-1
200501EO40087,1,5,0,18,0,8,0,0,0,0,3,1,15,1,30,6,599,1,7,4,1
200501EO40087,2,5,0,9,0,8,0,0,0,0,4,1,15,1,-1,-1,-1,-1,-1,-1,-1
200501EO40089,1,9,0,18,0,8,0,0,0,0,1,1,15,1,33,6,1761,1,9,-1,-1
200501EO40089,2,9,0,9,0,8,0,0,0,0,3,1,15,1,-1,-1,1781,1,5,1,1
200501EO40095,1,21,0,7,0,8,0,0,0,0,4,1,15,1,57,9,-1,-1,-1,6,1
200501EO40095,2,1,0,18,0,8,0,0,0,0,1,1,15,2,29,6,-1,-1,-1,4,1
200501EO40097,1,5,0,14,0,8,0,0,0,0,1,1,15,1,36,7,553,1,16,6,1
200501EO40097,2,9,0,18,0,8,0,0,0,0,2,1,15,1,-1,-1,-1,-1,-1,-1,-1
200501EO40099,1,11,0,18,0,0,0,0,0,0,0,1,1,1,43,7,-1,2,7,-1,-1
200501EO40100,1,11,0,5,0,8,0,0,0,0,0,1,1,1,58,9,-1,2,4,-1,-1
200501EO40102,1,9,0,9,0,8,0,0,0,0,4,1,15,1,53,8,1985,1,5,5,1
200501EO40102,2,2,0,18,0,8,0,0,0,0,1,1,15,1,24,5,-1,-1,-1,7,1
200501EO40103,1,9,0,9,0,6,0,0,0,0,3,1,15,2,20,4,1149,1,3,1,1
200501EO40103,2,9,0,18,0,8,0,0,0,0,4,1,15,1,53,8,2259,1,11,7,1
200501EO40103,3,19,0,2,0,8,0,0,0,0,3,1,15,1,24,5,2402,2,1,1,1
200501EO40104,1,11,0,18,0,2,0,0,0,0,1,1,1,1,53,8,6370,2,1,2,1
200501EO40107,1,9,0,4,0,0,0,0,0,0,2,1,15,1,73,10,1761,1,8,2,1
200501EO40107,2,9,0,18,0,0,0,0,0,0,1,1,15,1,-1,-1,2497,1,12,-1,-1
200501EO40108,1,9,0,18,0,8,0,0,0,0,0,1,15,2,38,7,1587,1,3,3,1
200501EO40109,1,9,0,18,0,8,0,0,0,0,1,1,15,2,47,8,993,1,4,-1,-1
200501EO40109,2,19,0,18,0,8,0,0,0,0,3,1,15,1,27,6,2496,2,5,4,1
200501EO40111,1,9,0,18,0,8,0,0,0,0,1,1,15,2,18,4,1149,1,1,-1,-1
200501EO40111,2,9,0,18,0,8,0,0,0,0,3,1,15,2,30,6,-1,-1,-1,5,1
200501EO40112,1,5,0,14,0,8,0,0,0,0,1,1,15,1,38,7,-1,-1,-1,2,1
200501EO40112,2,9,0,9,0,8,0,0,0,0,3,1,15,2,54,8,1587,1,6,5,1
200501EO40113,1,2,0,18,0,1,0,0,0,0,4,1,15,1,18,4,49,1,2,5,1
200501EO40113,2,9,0,9,0,8,0,0,0,0,3,1,15,1,59,9,1762,1,6,10,1
200501EO40114,1,9,0,18,0,0,0,0,0,0,1,1,15,2,41,7,1598,1,2,3,1
200501EO40115,1,11,0,18,0,2,0,0,0,0,3,1,1,1,51,8,6370,2,1,-1,-1
200501EO40115,2,19,0,18,0,2,0,0,0,0,4,1,1,1,32,6,2402,2,3,6,1
200501EO40117,1,4,0,18,0,2,0,0,0,0,1,1,15,1,38,7,-1,-1,-1,6,1
200501EO40118,1,9,0,9,0,8,0,0,0,0,3,1,15,1,29,6,1985,1,4,2,1
200501EO40118,2,1,0,18,0,8,0,0,0,0,1,1,15,2,47,8,-1,-1,-1,1,1
200501EO40119,1,9,0,16,0,0,0,0,0,0,3,1,15,1,41,7,-1,-1,-1,5,1
200501EO40119,2,9,0,16,0,0,0,10,1,10,4,1,15,1,20,4,1761,1,9,2,1
200501EO40122,1,8,0,3,0,0,0,0,0,0,2,1,1,1,41,7,2264,2,16,5,1
200501EO40122,2,8,0,18,0,0,0,0,0,0,1,1,15,1,-1,-1,1598,1,4,-1,-1
200501EO40123,1,2,0,7,0,8,0,0,0,0,4,1,15,1,52,8,49,1,2,1,1
200501EO40123,2,9,0,9,0,8,0,0,0,0,2,1,15,1,74,10,1348,1,4,4,1
200501EO40124,1,9,0,3,0,1,0,0,0,0,2,1,15,1,29,6,1781,1,7,3,1
200501EO40124,2,9,0,18,0,1,0,0,0,0,1,1,15,1,-1,-1,1905,1,13,-1,-1
200501EO40125,1,9,0,18,0,0,0,0,0,0,1,1,15,1,-1,-1,-1,-1,-1,-1,-1
200501EO40127,1,1,0,18,0,8,0,0,0,0,1,1,15,1,47,8,-1,-1,-1,5,1
200501EO40127,2,9,0,7,0,8,0,0,0,0,1,1,15,1,-1,-1,2799,1,11,-1,-1
200501EO40128,1,8,0,6,0,0,0,0,0,0,4,1,1,1,33,6,1974,2,5,3,1
200501EO40128,2,5,0,5,0,0,0,0,0,0,3,1,15,1,27,6,748,1,1,6,2
200501EO40129,1,1,0,18,0,8,0,0,0,0,1,1,15,1,41,7,-1,-1,-1,4,1
200501EO40129,2,9,0,9,0,8,0,0,0,0,1,1,15,1,35,6,1839,1,1,-1,-1
200501EO40130,1,9,0,7,0,8,0,0,0,0,2,1,15,1,21,5,1796,1,4,2,1
200501EO40130,2,9,0,18,0,8,0,0,0,0,1,1,15,1,38,7,1596,1,9,3,1
200501EO40131,1,21,0,18,0,0,0,0,0,0,4,1,15,1,38,7,-1,-1,-1,7,1
200501EO40131,2,9,0,4,0,0,0,0,0,0,2,1,15,2,34,6,-1,-1,-1,4,1
200501EO40131,3,9,0,2,0,0,0,0,0,0,3,1,15,2,26,6,1968,2,-1,6,1
200501EO40131,4,9,0,2,0,0,0,0,0,0,3,1,15,2,52,8,1118,1,13,5,1
200501EO40133,1,19,0,18,0,2,0,0,0,0,4,1,15,3,-1,-1,-1,-1,-1,-1,-1
200501EO40134,1,5,0,18,0,0,0,0,0,0,3,1,15,1,43,7,535,1,11,3,1
200501EO40135,1,9,0,9,0,2,0,0,0,0,1,1,15,1,56,9,1995,2,3,5,1
200501EO40136,1,9,0,1,0,1,0,10,1,2,2,1,15,1,36,7,1988,1,7,5,1
200501EO40137,1,2,0,18,0,0,0,0,0,0,1,1,15,1,24,5,49,1,5,-1,-1
200501EO40137,2,9,0,11,0,0,0,0,0,0,2,1,15,1,-1,-1,-1,-1,-1,-1,-1
200501EO40138,1,9,0,18,0,8,0,0,0,0,2,1,15,1,25,5,1587,1,2,3,1
200501EO40138,2,2,0,18,0,8,0,0,0,0,1,1,15,1,39,7,49,1,3,3,1
200501EO40139,1,9,0,18,0,1,0,0,0,0,1,1,15,1,45,7,-1,-1,-1,1,1
200501EO40140,1,9,0,18,0,1,0,0,0,0,1,1,15,1,-1,-1,-1,-1,-1,-1,-1
200501EO40141,1,9,0,3,0,2,0,0,0,0,2,1,15,1,45,7,1997,1,5,5,1
200501EO40141,2,9,0,18,0,2,0,0,0,0,1,1,15,1,-1,-1,1753,2,2,-1,-1
200501EO40143,1,1,0,18,0,1,0,0,0,0,1,1,15,1,44,7,-1,-1,-1,1,1
200501EO40143,2,9,0,9,0,1,0,0,0,0,3,1,15,1,58,9,1997,2,2,4,1
200501EO40144,1,9,0,1,0,1,0,0,0,0,2,1,15,2,58,9,-1,-1,-1,2,1
200501EO40145,1,11,0,4,0,8,0,0,0,0,1,1,1,1,59,9,7300,2,2,-1,2
200501EO40145,2,5,0,4,0,8,0,0,0,0,2,1,15,1,28,6,-1,-1,-1,3,1
200501EO40146,1,8,0,17,0,1,0,0,0,0,3,1,15,1,46,8,2664,2,10,3,1
200501EO40146,2,1,0,17,0,1,0,0,0,0,4,1,15,1,34,6,-1,-1,-1,2,1
200501EO40148,1,8,0,18,0,0,0,0,0,0,1,1,1,1,28,6,2664,2,8,2,1
200501EO40151,1,5,0,18,0,0,0,0,0,0,4,1,15,1,37,7,-1,-1,-1,-1,-1
200501EO40151,2,10,0,6,0,0,0,0,0,0,0,1,15,1,46,8,-1,-1,-1,3,1
200501EO40152,1,11,0,18,0,0,0,0,0,0,4,1,1,1,37,7,5883,2,4,2,1
200501EO40153,1,9,0,18,0,0,0,0,0,0,1,1,15,3,-1,-1,-1,-1,-1,-1,-1
200501EO40156,1,5,0,18,0,8,0,0,0,0,0,1,15,1,29,6,599,1,1,5,1
200501EO40156,2,9,0,9,0,8,0,0,0,0,0,1,15,1,54,8,2401,2,-1,7,1
200501EO40157,1,9,0,18,0,1,0,0,0,0,1,1,15,1,23,5,2494,1,2,4,1
200501EO40157,2,9,0,3,0,1,0,0,0,0,2,1,15,1,45,7,-1,-1,-1,1,1
200501EO40158,1,9,0,9,0,8,0,0,0,0,1,1,15,1,56,9,-1,-1,-1,9,1
200501EO40158,2,3,0,18,0,8,0,0,0,0,1,1,15,1,42,7,124,1,5,8,1
200501EO40160,1,19,0,7,0,8,0,0,0,0,1,1,15,1,33,6,2460,2,1,3,1
200501EO40160,2,1,0,18,0,8,0,0,0,0,1,1,15,1,24,5,-1,-1,-1,-1,-1
200501EO40161,1,3,0,4,0,0,0,0,0,0,2,1,15,2,28,6,124,1,1,3,1
200501EO40161,2,10,0,18,0,0,0,0,0,0,1,1,15,2,-1,-1,-1,-1,-1,-1,-1
200501EO40163,1,19,0,18,0,0,0,0,0,0,2,1,15,1,49,8,2402,2,4,4,1
200501EO40163,2,9,0,18,0,0,0,0,0,0,3,1,15,1,31,6,-1,-1,-1,10,1
200501EO40163,3,3,0,13,0,0,0,0,0,0,4,1,15,1,17,4,125,1,1,1,1
200501EO40165,1,8,0,18,0,1,0,0,0,0,3,1,1,1,36,7,2402,2,3,8,1
200501EO40166,1,2,0,18,0,0,0,0,0,0,0,1,15,2,44,7,49,1,3,3,1
200501EO40167,1,3,0,18,0,0,0,0,0,0,0,1,15,2,18,4,124,1,1,3,1
200501EO40167,2,9,0,5,0,0,0,0,0,0,0,1,15,3,-1,-1,-1,-1,-1,-1,-1
200501EO40168,1,1,0,16,0,2,0,0,0,0,1,1,15,1,24,5,-1,-1,-1,3,1
200501EO40168,2,21,0,16,0,2,0,0,0,0,4,1,15,1,31,6,12130,2,6,4,1
200501EO40169,1,9,0,9,0,1,0,0,0,0,3,1,15,1,45,7,1997,2,1,6,1
200501EO40169,2,1,0,18,0,1,0,0,0,0,1,1,15,1,47,8,-1,-1,-1,-1,-1
200501EO40170,1,1,0,18,0,8,0,0,0,0,4,1,15,1,26,6,-1,-1,-1,-1,-1
200501EO40170,2,9,0,9,0,8,0,0,0,0,1,1,15,1,-1,-1,-1,-1,-1,-1,-1
200501EO40170,3,19,0,18,0,1,0,0,0,0,3,1,15,3,-1,-1,-1,-1,-1,-1,-1
200501EO40171,1,9,0,1,0,0,0,0,0,0,2,1,15,2,38,7,1998,1,3,7,1
200501EO40172,1,9,0,18,0,0,0,0,0,0,1,1,15,1,17,4,-1,-1,-1,10,1
200501EO40174,1,2,0,18,0,1,1,0,0,0,3,1,15,1,26,6,-1,-1,-1,1,1
200501EO40174,2,9,0,11,0,1,0,0,0,0,4,1,15,1,32,6,1118,1,14,4,1
200501EO40175,1,9,0,18,0,8,0,0,0,0,1,1,15,1,42,7,-1,-1,-1,4,1
200501EO40175,2,9,0,9,0,8,0,0,0,0,4,1,15,1,22,5,-1,-1,-1,8,1
200501EO40176,1,11,0,4,0,4,0,0,0,0,0,1,1,1,52,8,6370,2,1,2,1
200501EO40177,1,9,0,2,0,2,0,0,0,0,3,1,15,1,42,7,-1,-1,-1,9,1
200501EO40177,2,3,0,18,0,2,0,0,0,0,1,1,15,1,29,6,125,1,1,3,1
200501EO40177,3,9,0,18,0,1,0,0,0,0,3,1,15,1,62,9,-1,-1,-1,5,1
200501EO40178,1,4,0,18,0,8,0,0,0,0,1,1,15,1,23,5,176,1,1,9,1
200501EO40178,2,8,0,7,0,8,0,0,0,0,4,1,1,1,49,8,2664,2,5,7,1
200501EO40179,1,19,0,18,0,1,0,0,0,0,4,1,15,1,40,7,-1,-1,-1,6,1
200501EO40180,1,9,0,9,0,3,0,0,0,0,1,1,15,1,58,9,-1,-1,-1,9,1
200501EO40181,1,9,0,7,0,1,0,0,0,0,1,1,15,1,41,7,-1,-1,-1,4,1
200501EO40182,1,9,0,13,0,0,0,0,0,0,1,1,15,1,46,8,2500,1,10,-1,-1
200501EO40185,1,1,0,9,0,1,0,0,0,0,2,1,15,1,64,9,-1,-1,-1,4,1
200501EO40185,2,19,0,18,0,1,0,0,0,0,1,1,15,1,43,7,2295,7,2,3,1
200501EO40187,1,9,0,16,0,8,0,0,0,0,4,1,15,1,25,5,1590,1,10,2,1
200501EO40187,2,9,0,12,0,8,0,0,0,0,3,1,15,2,-1,-1,-1,-1,-1,-1,-1
200501EO40188,1,8,0,18,0,0,0,0,0,0,1,1,1,1,47,8,2664,2,10,6,1
200501EO40188,2,8,0,18,0,0,0,0,0,0,1,1,1,1,-1,-1,2664,2,11,-1,-1
200501EO40189,1,9,0,4,0,1,0,0,0,0,2,1,15,1,37,7,1762,1,8,2,1
200501EO40189,2,19,0,18,0,1,0,0,0,0,1,1,15,1,32,6,2402,2,3,3,1
200501EO40190,1,1,0,12,0,1,0,0,0,0,1,1,15,1,50,8,-1,-1,-1,5,1
200501EO40190,2,9,0,18,0,1,0,0,0,0,1,1,15,1,41,7,1796,1,13,3,1
200501EO40191,1,9,0,18,0,0,0,0,0,0,1,1,15,1,-1,-1,1796,1,6,-1,-1
200501EO40193,1,9,0,18,0,8,0,0,0,0,4,1,15,2,58,9,1390,1,7,3,1
200501EO40193,2,9,0,18,0,8,0,0,0,0,1,1,15,1,46,8,1984,1,13,-1,-1
200501EO40195,1,19,0,18,0,8,1,0,0,0,1,1,15,1,-1,-1,2402,2,3,-1,-1
200501EO40197,1,9,0,18,0,0,0,0,0,0,4,1,15,2,28,6,1242,1,2,2,1
200501EO40198,1,9,0,18,0,0,0,0,0,0,1,1,15,1,25,5,-1,-1,-1,1,1
200501EO40199,1,9,0,10,0,0,0,0,0,0,1,1,15,1,21,5,1984,1,10,3,1
200501EO40199,2,9,0,18,0,0,0,0,0,0,1,1,15,1,45,7,1781,1,10,3,1
200501EO40200,1,3,0,18,0,1,0,0,0,0,1,1,15,1,20,4,124,1,6,2,1
200501EO40201,1,3,0,18,0,0,0,0,0,0,1,1,15,1,25,5,124,1,2,2,1
200501EO40202,1,9,0,4,0,2,0,0,0,0,3,1,15,1,66,10,-1,-1,-1,2,1
200501EO40202,2,1,0,4,0,2,0,0,0,0,2,1,15,1,27,6,-1,-1,-1,2,1
200501EO40203,1,19,0,18,0,8,0,0,0,0,1,1,15,1,26,6,2000,2,3,7,1
200501EO40203,2,9,0,18,0,8,0,0,0,0,4,1,15,1,73,10,2179,2,3,5,1
200501EO40204,1,5,0,15,0,8,0,0,0,0,1,1,15,1,56,9,843,1,22,1,1
200501EO40204,2,9,0,7,0,8,0,0,0,0,4,1,15,1,30,6,1590,1,10,2,1
200501EO40205,1,11,0,4,0,0,0,0,0,0,0,1,1,1,44,7,7300,2,2,3,1
200501EO40206,1,9,0,18,0,1,0,0,0,0,1,1,15,1,-1,-1,-1,-1,-1,-1,-1
200501EO40207,1,3,0,18,0,8,0,0,0,0,3,1,15,1,26,6,85,1,8,2,1
200501EO40207,2,9,0,9,0,8,0,0,0,0,1,1,15,1,31,6,1997,2,2,9,3
200501EO40208,1,11,0,5,0,2,0,0,0,0,0,1,15,1,48,8,-1,-1,-1,2,1
200501EO40209,1,3,0,18,0,8,0,0,0,0,1,1,15,1,31,6,100,1,6,3,1
200501EO40210,1,4,0,14,0,2,0,0,0,0,2,1,15,1,46,8,-1,-1,-1,3,1
200501EO40210,2,9,0,5,0,2,0,0,0,0,1,1,15,1,-1,-1,-1,-1,-1,-1,-1
200501EO40211,1,5,0,13,0,1,0,0,0,0,1,1,15,1,27,6,998,1,4,8,3
200501EO40212,1,19,0,4,0,2,0,0,0,0,0,1,15,1,19,4,2188,2,4,8,1
200501EO40212,2,3,0,18,0,2,0,0,0,0,0,1,15,1,36,7,124,1,1,2,1
200501EO40213,1,3,0,18,0,8,0,0,0,0,1,1,15,2,20,4,124,1,14,-1,-1
200501EO40213,2,9,0,9,0,8,0,0,0,0,3,1,15,1,25,5,1997,1,11,-1,-1
200501EO40214,1,11,0,18,0,3,0,0,0,0,4,1,15,1,42,7,-1,-1,-1,-1,-1
200501EO40215,1,11,0,18,0,2,0,0,0,0,1,1,15,1,40,7,7300,2,2,4,1
200501EO40217,1,9,0,9,0,8,0,0,0,0,3,1,15,1,58,9,1597,1,10,3,1
200501EO40217,2,1,0,9,0,8,0,0,0,0,4,1,15,2,57,9,-1,-1,-1,3,1
200501EO40218,1,11,0,18,0,3,0,0,0,0,1,1,1,1,25,5,-1,-1,-1,1,1
200501EO40220,1,9,0,4,0,1,0,0,0,0,1,1,15,1,47,8,-1,-1,-1,-1,-1
200501EO40221,1,9,0,18,0,0,0,0,0,0,1,1,15,1,31,6,-1,-1,-1,-1,-1
200501EO40222,1,5,0,18,0,8,0,0,0,0,1,1,15,1,29,6,955,1,3,3,1
200501EO40222,2,9,0,9,0,8,0,0,0,0,4,1,15,1,-1,-1,1998,1,11,-1,-1
200501EO40223,1,9,0,18,0,0,1,0,0,0,1,1,15,2,50,8,1391,1,12,3,1
200501EO40224,1,9,0,9,0,0,0,0,0,0,1,1,15,2,26,6,1598,1,1,4,1
200501EO40224,2,9,0,18,0,0,0,0,0,0,4,1,15,2,25,5,1598,1,2,3,1
200501EO40227,1,9,0,5,0,1,0,0,0,0,1,1,15,1,42,7,1796,1,1,2,1
200501EO40228,1,9,0,3,0,1,0,0,0,0,4,1,15,2,36,7,-1,-1,-1,4,1
200501EO40228,2,9,0,12,0,1,0,0,0,0,1,1,15,3,-1,-1,-1,-1,-1,-1,-1
200501EO40229,1,9,0,18,0,2,1,0,0,0,1,1,15,1,41,7,1590,1,5,6,1
200501EO40229,2,1,0,18,0,2,0,0,0,0,3,1,15,2,49,8,-1,-1,-1,3,1
200501EO40230,1,9,0,18,0,1,0,0,0,0,1,1,15,2,32,6,1870,2,2,5,1
200501EO40230,2,9,0,2,0,1,0,0,0,0,2,1,15,1,35,6,-1,-1,-1,-1,-1
200501EO40231,1,1,0,17,0,1,0,0,0,0,3,1,15,1,39,7,-1,-1,-1,3,1
200501EO40231,2,9,0,17,0,1,0,0,0,0,4,1,15,1,-1,-1,-1,-1,-1,-1,-1
200501EO40232,1,9,0,3,0,1,0,0,0,0,2,1,15,1,51,8,1592,2,12,2,1
200501EO40232,2,9,0,18,0,1,0,0,0,0,1,1,15,1,-1,-1,1119,1,9,-1,-1