Accident_Index,Vehicle_Reference,Vehicle_Type,Towing_and_Articulation,Vehicle_Manoeuvre,Vehicle_Location_Restricted_Lane,Junction_Location,Skidding_and_Overturning,Hit_Object_in_Carriageway,Vehicle_Leaving_Carriageway,Hit_Object_off_Carriageway,1st_Point_of_Impact,Was_Vehicle_Left_Hand_Drive?,Journey_Purpose_of_Driver,Sex_of_Driver,Age_of_Driver,Age_Band_of_Driver,Engine_Capacity_(CC),Propulsion_Code,Age_of_Vehicle,Driver_IMD_Decile,Driver_Home_Area_Type
200501EO40233,1,9,0,6,0,0,0,0,0,0,2,1,15,1,31,6,1762,1,10,-1,-1
200501EO40233,2,5,0,18,0,0,0,0,0,0,1,1,15,1,28,6,599,1,7,3,1
200501EO40234,1,9,0,9,0,8,0,0,0,0,3,1,15,2,34,6,1781,1,6,4,1
200501EO40234,2,2,0,18,0,8,0,0,0,0,1,1,15,2,33,6,-1,-1,-1,2,1
200501EO40235,1,9,0,18,0,1,0,0,0,0,3,1,15,1,74,10,1117,1,15,3,1
200501EO40236,1,9,0,9,0,8,0,0,0,0,1,1,15,1,25,5,-1,-1,-1,3,1
200501EO40236,2,19,0,18,0,8,0,0,0,0,1,1,15,1,37,7,-1,-1,-1,1,1
200501EO40237,1,10,0,3,0,0,0,0,0,0,2,1,1,1,-1,-1,-1,2,6,2,1
200501EO40237,2,21,0,18,0,0,0,0,0,0,1,1,1,1,29,6,8970,2,1,3,1
200501EO40238,1,9,0,18,0,2,0,0,0,0,4,1,15,1,-1,-1,-1,-1,-1,-1,-1
200501EO40239,1,9,0,9,0,8,0,0,0,0,1,1,15,1,32,6,-1,-1,-1,7,1
200501EO40239,2,5,0,18,0,8,0,0,0,0,1,1,15,1,35,6,-1,-1,-1,3,1
200501EO40240,1,9,0,18,0,1,0,0,0,0,2,1,15,1,61,9,-1,-1,-1,3,1
200501EO40241,1,9,0,18,0,8,0,10,1,7,1,1,15,1,19,4,1360,1,1,8,1
200501EO40241,2,9,0,18,0,1,0,0,0,0,0,1,15,3,-1,-1,1998,1,7,-1,-1
200501EO40242,1,9,0,18,0,3,0,0,0,0,1,1,15,1,40,7,2290,1,9,4,1
200501EO40243,1,9,0,18,0,2,0,0,0,0,3,1,15,1,42,7,1596,1,8,2,1
200501EO40243,2,1,0,9,0,2,0,0,0,0,1,1,15,1,26,6,-1,-1,-1,-1,-1
200501EO40245,1,5,0,18,0,8,0,0,0,0,1,1,15,1,54,8,599,1,7,3,1
200501EO40245,2,9,0,5,0,8,0,0,0,0,3,1,15,1,36,7,1995,1,7,1,1
200501EO40246,1,9,0,11,0,1,0,0,0,0,4,1,15,2,49,8,2397,1,6,4,1
200501EO40246,2,1,0,18,0,1,0,0,0,0,1,1,15,1,25,5,-1,-1,-1,-1,-1
200501EO40247,1,1,0,15,0,1,0,0,0,0,1,1,15,1,25,5,-1,-1,-1,2,1
200501EO40247,2,8,0,3,0,1,0,0,0,0,4,1,1,1,34,6,2664,2,6,5,1
200501EO40248,1,3,0,18,0,1,0,0,0,0,1,1,15,1,33,6,-1,-1,-1,1,1
200501EO40248,2,9,0,15,0,1,0,0,0,0,3,1,15,1,38,7,1896,2,2,6,1
200501EO40249,1,1,0,18,0,2,0,0,0,0,2,1,15,1,24,5,-1,-1,-1,3,1
200501EO40249,2,9,0,7,0,2,0,0,0,0,1,1,15,1,30,6,1796,1,6,1,1
200501EO40250,1,3,0,18,0,8,0,0,0,0,1,1,15,1,25,5,124,1,1,2,1
200501EO40250,2,9,0,18,0,8,0,0,0,0,3,1,15,3,-1,-1,-1,-1,-1,-1,-1
200501EO40251,1,9,0,9,0,8,0,0,0,0,3,1,15,1,-1,-1,-1,-1,-1,-1,-1
200501EO40251,2,1,0,18,0,8,0,0,0,0,1,1,15,2,29,6,-1,-1,-1,8,1
200501EO40252,1,11,0,18,0,0,0,0,0,0,1,1,15,1,35,6,-1,2,2,8,3
200501EO40252,2,9,0,18,0,0,0,0,0,0,2,1,15,2,53,8,1896,2,2,5,1
200501EO40253,1,2,0,18,0,1,0,0,0,0,4,1,15,1,26,6,-1,-1,-1,4,1
200501EO40255,1,8,0,18,0,0,0,0,0,0,3,1,15,1,-1,-1,2664,2,13,-1,-1
200501EO40256,1,8,0,18,0,1,0,0,0,0,4,1,15,1,52,8,-1,-1,-1,10,3
200501EO40257,1,9,0,1,0,1,0,0,0,0,2,1,15,2,-1,-1,1299,1,5,-1,-1
200501EO40258,1,9,0,9,0,2,0,0,0,0,1,1,15,1,16,4,-1,-1,-1,-1,-1
200501EO40258,2,1,0,18,0,2,0,0,0,0,4,1,15,2,34,6,-1,-1,-1,-1,-1
200501EO40259,1,9,0,5,0,0,0,0,0,0,3,1,15,1,25,5,1587,1,13,3,1
200501EO40259,2,5,0,18,0,0,0,0,0,0,1,1,15,1,57,9,600,1,2,2,1
200501EO40260,1,9,0,9,0,8,0,0,0,0,1,1,15,1,69,10,-1,-1,-1,2,1
200501EO40260,2,1,0,15,0,8,0,0,0,0,1,1,15,1,36,7,-1,-1,-1,5,1
200501EO40261,1,3,0,18,0,8,0,0,0,0,4,1,15,2,39,7,-1,-1,-1,2,1
200501EO40261,2,9,0,18,0,8,0,0,0,0,1,1,15,1,-1,-1,1598,1,7,-1,-1
200501EO40263,1,1,0,15,0,0,0,0,0,0,3,1,15,1,35,6,-1,-1,-1,10,2
200501EO40263,2,9,0,11,0,0,0,0,0,0,4,1,15,3,-1,-1,1896,2,1,-1,-1
200501EO40264,1,1,0,18,0,0,0,0,0,0,1,1,15,1,14,3,-1,-1,-1,-1,-1
200501EO40264,2,9,0,18,0,0,0,0,0,0,3,1,15,2,60,9,-1,-1,-1,2,1
200501EO40265,1,5,0,18,0,8,0,0,0,0,0,1,15,1,20,4,600,1,8,2,1
200501EO40267,1,9,0,3,0,0,0,0,0,0,1,1,15,1,27,6,1896,2,3,7,1
200501EO40267,2,5,0,18,0,0,0,0,0,0,1,1,15,1,21,5,-1,-1,-1,2,1
200501EO40268,1,4,0,18,0,8,0,0,0,0,3,1,15,1,31,6,499,1,12,3,1
200501EO40268,2,19,0,9,0,8,0,0,0,0,4,1,15,1,-1,-1,-1,-1,-1,-1,-1
200501EO40269,1,9,0,9,0,2,0,0,0,0,3,1,15,2,38,7,2171,1,1,5,1
200501EO40269,2,19,0,18,0,1,0,0,0,0,1,1,15,1,-1,-1,-1,-1,-1,-1,-1
200501EO40271,1,11,0,14,0,2,0,0,0,0,0,1,15,1,46,8,-1,2,5,2,1
200501EO40272,1,8,0,18,0,1,0,0,0,0,1,1,15,1,25,5,2402,2,-1,9,1
200501EO40273,1,9,0,18,0,1,0,0,0,0,3,1,15,1,41,7,1999,2,3,3,1
200501EO40273,2,4,0,18,0,1,0,0,0,0,1,1,15,1,40,7,499,1,20,6,1
200501EO40274,1,19,0,18,0,2,0,0,0,0,1,1,15,1,30,6,-1,-1,-1,6,1
200501EO40274,2,1,0,18,0,1,0,0,0,0,1,1,15,1,30,6,-1,-1,-1,2,1
200501EO40275,1,9,0,6,0,0,0,0,0,0,3,1,15,1,24,5,2495,2,1,2,1
200501EO40275,2,2,0,18,0,0,0,0,0,0,1,1,15,2,29,6,-1,-1,-1,1,1
200501EO40276,1,9,0,4,0,1,0,0,0,0,2,1,15,1,30,6,1796,1,5,7,1
200501EO40276,2,9,0,18,0,1,0,0,0,0,1,1,15,1,25,5,2000,1,9,2,1
200501EO40277,1,9,0,6,0,2,0,0,0,0,1,1,15,1,25,5,-1,-1,-1,5,3
200501EO40277,2,9,0,2,0,2,0,0,0,0,2,1,15,1,33,6,1896,2,-1,4,1
200501EO40277,3,5,0,18,0,2,0,0,0,0,1,1,15,1,23,5,600,1,5,-1,-1
200501EO40278,1,19,0,9,0,2,0,0,0,0,1,1,15,1,-1,-1,1686,2,2,-1,-1
200501EO40279,1,9,0,3,0,1,0,0,0,0,2,1,15,1,57,9,-1,-1,-1,2,1
200501EO40279,2,9,0,18,0,1,0,0,0,0,1,1,15,1,34,6,1997,2,8,3,1
200501EO40280,1,9,0,7,0,8,0,0,0,0,2,1,15,1,48,8,1796,1,8,6,1
200501EO40280,2,19,0,18,0,8,0,0,0,0,1,1,15,1,28,6,1952,2,13,4,1
200501EO40281,1,3,0,18,0,8,0,0,0,0,1,1,15,1,37,7,-1,-1,-1,4,1
200501EO40281,2,9,0,9,0,8,0,0,0,0,3,1,15,2,21,5,-1,-1,-1,-1,-1
200501EO40282,1,9,0,18,0,8,0,0,0,0,4,1,15,1,37,7,1598,1,6,5,1
200501EO40282,2,19,0,9,0,8,0,0,0,0,1,1,15,1,43,7,2151,2,5,3,1
200501EO40283,1,20,0,18,0,8,0,0,0,0,1,1,1,1,46,8,-1,2,6,-1,-1
200501EO40283,2,9,0,3,0,8,0,0,0,0,2,1,15,1,38,7,1951,2,1,3,1
200501EO40284,1,9,0,18,0,1,0,0,0,0,3,1,15,2,41,7,1600,1,1,4,1
200501EO40285,1,11,0,7,0,2,0,0,0,0,4,1,15,1,59,9,-1,-1,-1,3,1
200501EO40285,2,1,0,18,0,2,0,0,0,0,3,1,15,1,40,7,-1,-1,-1,2,1
200501EO40286,1,9,0,18,0,0,0,0,0,0,1,1,15,1,46,8,3199,1,8,3,1
200501EO40287,1,4,0,7,0,1,0,0,0,0,2,1,15,1,44,7,223,1,2,6,1
200501EO40287,2,11,0,18,0,1,0,0,0,0,1,1,15,3,-1,-1,7300,2,-1,-1,-1
200501EO40288,1,11,0,4,0,0,0,0,0,0,0,1,1,1,43,7,8268,2,3,5,1
200501EO40290,1,19,0,18,0,2,0,0,0,0,4,1,15,1,40,7,2404,2,17,6,3
200501EO40290,2,1,0,18,0,2,0,0,0,0,3,1,15,1,24,5,-1,-1,-1,-1,-1
200501EO40291,1,9,0,18,0,0,5,0,8,7,1,1,15,1,25,5,1596,1,1,6,1
200501EO40292,1,9,0,18,0,2,0,0,0,0,1,1,15,1,34,6,1896,2,2,3,1
200501EO40293,1,1,0,18,0,2,0,0,0,0,0,1,15,1,26,6,-1,-1,-1,2,1
200501EO40294,1,9,0,18,0,0,5,0,0,0,1,1,15,2,67,10,1731,1,8,3,1
200501EO40295,1,5,0,18,0,0,0,0,0,0,1,1,15,1,36,7,583,1,3,-1,-1
200501EO40295,2,9,0,12,0,0,0,0,0,0,4,1,15,1,53,8,998,1,8,2,1
200501EO40296,1,11,0,18,0,1,0,0,0,0,1,1,15,1,42,7,-1,-1,-1,1,1
200501EO40297,1,9,0,9,0,8,0,0,0,0,1,1,15,1,40,7,1988,1,6,6,1
200501EO40297,2,1,0,18,0,8,0,0,0,0,1,1,15,1,33,6,-1,-1,-1,5,1
200501EO40298,1,5,0,9,0,8,0,0,0,0,4,1,15,1,41,7,647,1,1,1,1
200501EO40298,2,9,0,9,0,8,0,0,0,0,3,1,15,1,27,6,2171,1,2,2,1
200501EO40299,1,11,0,18,0,0,0,0,0,0,4,1,15,1,34,6,7300,2,2,1,1
200501EO40300,1,5,0,7,0,8,0,0,0,0,1,1,15,2,28,6,-1,-1,-1,4,1
200501EO40300,2,21,0,7,0,8,0,0,0,0,4,1,15,1,46,8,6370,2,5,10,1
200501EO40301,1,9,0,9,0,8,0,0,0,0,1,1,15,1,33,6,1043,1,12,3,1
200501EO40301,2,5,0,18,0,8,0,0,0,0,3,1,15,1,37,7,748,1,10,2,1
200501EO40302,1,9,0,18,0,1,0,0,0,0,1,1,15,1,28,6,2148,2,1,9,2
200501EO40303,1,1,0,18,0,8,0,0,0,0,1,1,15,1,29,6,-1,-1,-1,-1,-1
200501EO40303,2,9,0,7,0,8,0,0,0,0,4,1,15,1,-1,-1,-1,-1,-1,-1,-1
200501EO40304,1,1,0,18,0,8,0,0,0,0,1,1,15,1,35,6,-1,-1,-1,3,1
200501EO40304,2,9,0,9,0,8,0,0,0,0,4,1,15,2,-1,-1,698,1,1,9,1
200501EO40305,1,5,0,18,0,8,0,0,0,0,0,1,15,1,29,6,-1,-1,-1,4,1
200501EO40305,2,9,0,9,0,8,0,0,0,0,0,1,15,1,-1,-1,1998,1,7,1,1
200501EO40306,1,3,0,18,0,0,0,0,0,0,3,1,15,1,21,5,124,1,1,-1,-1
200501EO40306,2,9,0,3,0,0,0,0,0,0,4,1,15,1,58,9,2068,2,12,2,1
200501EO40307,1,4,0,13,0,8,0,0,0,0,1,1,15,1,28,6,487,1,12,4,1
200501EO40307,2,9,0,9,0,8,0,0,0,0,3,1,15,1,-1,-1,-1,-1,-1,-1,-1
200501EO40308,1,8,0,13,0,0,0,0,0,0,1,1,1,1,-1,-1,-1,-1,-1,5,1
200501EO40309,1,11,0,4,0,1,0,0,0,0,0,1,15,1,49,8,6370,2,1,2,1
200501EO40310,1,9,0,9,0,3,0,0,0,0,1,1,15,2,26,6,-1,-1,-1,1,1
200501EO40312,1,9,0,18,0,8,0,0,0,0,1,1,15,2,59,9,-1,-1,-1,-1,-1
200501EO40313,1,9,0,18,0,0,0,0,0,0,4,1,15,1,22,5,1598,1,7,-1,-1
200501EO40314,1,1,0,18,0,1,0,0,0,0,0,1,15,1,50,8,-1,-1,-1,2,1
200501EO40314,2,9,0,9,0,1,0,0,0,0,0,1,15,1,-1,-1,-1,-1,-1,6,1
200501EO40315,1,9,0,9,0,8,0,0,0,0,4,1,15,1,-1,-1,-1,-1,-1,-1,-1
200501EO40315,2,1,0,18,0,8,0,0,0,0,1,1,15,1,37,7,-1,-1,-1,6,1
200501EO40316,1,3,0,7,0,2,0,0,0,0,0,1,15,1,70,10,125,1,3,5,1
200501EO40317,1,19,0,18,0,0,0,0,0,0,4,1,15,1,49,8,-1,-1,-1,1,1
200501EO40318,1,3,0,18,0,8,0,0,0,0,4,1,15,1,33,6,124,1,2,7,1
200501EO40318,2,19,0,9,0,8,0,0,0,0,1,1,15,1,-1,-1,1753,2,9,2,1
200501EO40319,1,11,0,4,0,0,0,0,0,0,1,1,15,3,-1,-1,-1,-1,-1,-1,-1
200501EO40320,1,4,0,13,0,1,1,0,0,0,0,1,15,1,32,6,-1,-1,-1,4,1
200501EO40320,2,11,0,18,0,8,0,0,0,0,0,1,1,1,39,7,9600,2,12,-1,-1
200501EO40321,1,9,0,18,0,1,0,0,0,0,3,1,15,1,26,6,-1,-1,-1,3,1
200501EO40322,1,1,0,18,0,2,0,0,0,0,3,1,15,1,59,9,-1,-1,-1,4,1
200501EO40322,2,9,0,18,0,1,0,0,0,0,3,1,15,3,-1,-1,-1,-1,-1,-1,-1
200501EO40323,1,5,0,18,0,1,0,0,0,0,0,1,15,1,31,6,600,1,1,4,1
200501EO40323,2,1,0,18,0,8,0,0,0,0,0,1,15,1,-1,-1,-1,-1,-1,3,1
200501EO40324,1,90,0,9,0,8,0,0,0,0,4,1,15,3,-1,-1,-1,-1,-1,-1,-1
200501EO40325,1,9,0,5,0,8,0,0,0,0,3,1,15,1,39,7,1199,1,1,10,1
200501EO40325,2,1,0,18,0,8,0,0,0,0,1,1,15,1,20,4,-1,-1,-1,5,1
200501EO40326,1,11,0,4,0,0,0,0,0,0,0,1,15,1,38,7,6370,2,2,-1,-1
200501EO40327,1,11,0,9,0,8,0,0,0,0,0,1,15,1,53,8,8268,2,2,-1,-1
200501EO40328,1,1,0,18,0,1,0,0,0,0,1,1,15,1,58,9,-1,-1,-1,1,1
200501EO40328,2,9,0,2,0,1,0,0,0,0,3,1,15,3,-1,-1,-1,-1,-1,-1,-1
200501EO40329,1,9,0,18,0,2,0,0,0,0,4,1,15,2,47,8,2926,2,6,2,1
200501EO40330,1,5,0,13,0,8,0,0,0,0,1,1,15,1,35,6,1085,1,11,1,1
200501EO40330,2,9,0,9,0,8,0,0,0,0,3,1,15,3,-1,-1,1996,1,11,-1,-1
200501EO40331,1,9,0,18,0,0,0,0,0,0,1,1,15,2,45,7,1769,1,2,5,1
200501EO40332,1,19,0,7,0,8,0,0,0,0,1,1,15,1,-1,-1,970,1,8,-1,-1
200501EO40333,1,9,0,18,0,3,0,0,0,0,3,1,15,1,24,5,1149,1,3,1,1
200501EO40334,1,11,0,5,0,0,0,0,0,0,1,1,15,1,52,8,8268,2,2,-1,-1
200501EO40335,1,9,0,18,0,8,0,0,0,0,1,1,15,1,25,5,1598,1,1,4,1
200501EO40336,1,9,0,18,0,1,0,0,0,0,4,1,15,2,38,7,1998,1,9,-1,-1
200501EO40339,1,9,0,18,0,2,0,0,0,0,1,1,15,2,29,6,973,1,5,-1,-1
200501EO40340,1,9,0,18,0,1,0,0,0,0,4,1,15,1,72,10,2198,1,3,8,1
200501EO40341,1,9,0,18,0,8,0,0,0,0,1,1,15,2,25,5,1242,1,3,8,1
200501EO40341,2,9,0,18,0,8,0,0,0,0,3,1,15,1,79,11,1896,2,1,10,1
200501EO40342,1,19,0,18,0,1,0,0,0,0,1,1,15,1,44,7,1298,1,3,2,1
200501EO40343,1,4,0,18,0,2,0,0,0,0,1,1,15,1,-1,-1,249,1,-1,3,1
200501EO40344,1,8,0,2,0,0,0,0,0,0,4,1,15,1,54,8,2664,2,6,-1,-1
200501EO40344,2,1,0,18,0,0,0,0,0,0,1,1,15,1,30,6,-1,-1,-1,3,1
200501EO40345,1,5,0,18,0,1,0,0,0,0,1,1,15,1,36,7,1085,1,5,-1,-1
200501EO40345,2,1,0,12,0,2,0,0,0,0,4,1,15,1,15,3,-1,-1,-1,2,1
200501EO40346,1,11,0,18,0,2,0,0,0,0,4,1,1,1,33,6,7300,2,2,2,1
200501EO40347,1,9,0,18,0,0,0,0,0,0,1,1,15,2,-1,-1,1781,1,5,-1,-1
200501EO40347,2,8,0,18,0,0,0,0,0,0,4,1,1,1,33,6,-1,-1,-1,5,1
200501EO40348,1,9,0,18,0,0,0,0,0,0,1,1,15,1,48,8,-1,-1,-1,7,1
200501EO40349,1,11,0,18,0,3,0,0,0,0,4,1,15,1,45,7,8268,2,2,2,1
200501EO40350,1,9,0,2,0,1,0,0,0,0,1,1,15,1,44,7,1396,1,16,1,1
200501EO40350,2,1,0,18,0,2,0,0,0,0,1,1,15,1,29,6,-1,-1,-1,3,1
200501EO40351,1,9,0,17,0,0,0,10,1,10,4,1,15,1,22,5,1796,1,12,3,1
200501EO40352,1,2,0,18,0,0,0,0,0,0,1,1,15,1,38,7,49,1,2,7,1
200501EO40352,2,9,0,6,0,0,0,0,0,0,3,1,15,1,-1,-1,1796,1,2,-1,-1
200501EO40353,1,4,0,18,0,0,0,0,0,0,4,1,15,1,44,7,487,1,2,8,1
200501EO40353,2,19,0,3,0,0,0,0,0,0,4,1,15,1,-1,-1,1998,2,4,-1,-1
200501EO40354,1,9,0,18,0,8,0,0,0,0,3,1,15,1,52,8,1796,1,6,5,1
200501EO40354,2,9,0,7,0,8,0,0,0,0,1,1,15,1,-1,-1,-1,-1,-1,-1,-1
200501EO40355,1,1,0,3,0,1,0,0,0,0,2,1,15,1,40,7,-1,-1,-1,2,1
200501EO40355,2,9,0,18,0,1,0,0,0,0,1,1,15,1,-1,-1,1598,1,15,-1,-1
200501EO40356,1,5,0,18,0,1,0,0,0,0,3,1,15,1,29,6,599,1,7,1,1
200501EO40356,2,9,0,11,0,1,0,0,0,0,4,1,15,1,-1,-1,-1,-1,-1,-1,-1
200501EO40358,1,9,0,18,0,2,0,0,0,0,1,1,15,2,41,7,998,1,3,-1,-1
200501EO40359,1,1,0,18,0,8,0,0,0,0,4,1,15,1,-1,-1,-1,-1,-1,4,1
200501EO40359,2,1,0,18,0,8,0,0,0,0,1,1,15,1,-1,-1,-1,-1,-1,-1,-1
200501EO40360,1,9,0,18,0,0,0,0,0,0,1,1,15,2,35,6,2171,2,4,-1,-1
200501EO40361,1,9,0,5,0,8,0,0,0,0,2,1,15,1,-1,-1,1995,2,4,1,1
200501EO40361,2,9,0,18,0,8,0,0,0,0,1,1,15,1,31,6,1998,2,2,9,2
200501EO40362,1,9,0,4,0,2,0,0,0,0,0,1,15,1,44,7,-1,-1,-1,1,1
200501EO40362,2,9,0,9,0,8,0,0,0,0,0,1,15,1,-1,-1,-1,-1,-1,4,1
200501EO40363,1,9,0,9,0,8,0,0,0,0,1,1,15,1,57,9,2316,1,18,3,1
200501EO40363,2,3,0,18,0,8,0,0,0,0,1,1,15,1,35,6,124,1,-1,2,1
200501EO40364,1,11,0,18,0,2,0,0,0,0,4,1,15,1,50,8,9200,2,-1,2,1
200501EO40365,1,11,0,18,0,4,0,0,0,0,0,1,15,1,48,8,-1,2,6,3,1
200501EO40366,1,11,0,5,0,0,0,0,0,0,0,1,15,1,-1,-1,-1,-1,-1,-1,-1
200501EO40367,1,4,0,18,0,1,0,0,0,0,4,1,15,2,-1,-1,-1,-1,-1,-1,-1
200501EO40368,1,9,0,1,0,0,0,0,0,0,2,1,15,1,-1,-1,-1,-1,-1,-1,-1
200501EO40369,1,9,0,18,0,8,0,0,0,0,1,1,15,1,30,6,-1,-1,-1,4,1
200501EO40370,1,8,0,18,0,2,0,0,0,0,4,1,15,1,68,10,2402,2,1,9,1
200501EO40371,1,9,0,11,0,1,0,0,0,0,4,1,15,2,34,6,-1,-1,-1,5,1
200501EO40371,2,9,0,18,0,1,0,0,0,0,3,1,15,2,44,7,1124,1,2,2,1
200501EO40372,1,9,0,18,0,1,0,0,0,0,1,1,15,2,54,8,999,1,6,8,1
200501EO40372,2,9,0,2,0,1,0,0,0,0,2,1,15,3,-1,-1,-1,-1,-1,-1,-1
200501EO40373,1,9,0,18,0,0,0,0,0,0,4,1,15,1,63,9,1240,1,1,1,1
200501EO40373,2,9,0,5,0,0,0,0,0,0,1,1,15,1,45,7,1397,1,18,1,1
200501EO40374,1,11,0,4,0,0,0,0,0,0,1,1,15,1,-1,-1,-1,2,4,8,1
200501EO40375,1,9,0,10,0,8,0,0,0,0,2,1,15,2,42,7,1422,2,3,5,1
200501EO40375,2,9,0,18,0,8,0,0,0,0,1,1,15,1,-1,-1,1984,1,3,2,1
200501EO40376,1,4,0,18,0,2,0,0,0,0,4,1,15,1,31,6,198,1,1,4,1
200501EO40376,2,3,0,15,0,2,0,10,1,0,1,1,15,1,18,4,124,1,2,1,1
200501EO40378,1,9,0,17,0,8,0,0,0,0,3,1,15,2,30,6,1995,1,3,5,1
200501EO40378,2,19,0,17,0,8,0,0,0,0,4,1,15,1,37,7,-1,-1,-1,3,1
200501EO40379,1,1,0,18,0,8,0,0,0,0,1,1,15,1,31,6,-1,-1,-1,6,1
200501EO40379,2,9,0,9,0,8,0,0,0,0,4,1,15,1,-1,-1,1753,2,8,8,1
200501EO40380,1,9,0,10,0,1,0,0,0,0,2,1,15,1,37,7,1796,1,5,1,1
200501EO40380,2,9,0,18,0,1,0,0,0,0,1,1,15,1,-1,-1,-1,-1,-1,5,1
200501EO40381,1,9,0,18,0,0,0,0,0,0,2,1,15,1,43,7,1124,1,6,-1,-1
200501EO40381,2,9,0,18,0,0,0,0,0,0,1,1,15,1,-1,-1,-1,-1,-1,-1,-1
200501EO40384,1,3,0,7,0,8,0,0,0,0,1,1,15,1,24,5,124,1,4,3,1
200501EO40384,2,19,0,1,0,8,0,0,0,0,2,1,15,1,40,7,2494,2,5,4,3
200501EO40385,1,11,0,5,0,2,0,0,0,0,1,1,1,1,60,9,7300,2,3,2,1
200501EO40385,2,9,0,13,0,2,0,0,0,0,2,1,15,1,-1,-1,-1,-1,-1,-1,-1
200501EO40386,1,11,0,4,0,1,0,0,0,0,0,1,1,1,42,7,7300,2,4,2,1
200501EO40387,1,8,0,18,0,1,0,0,0,0,3,1,15,2,37,7,2664,2,8,6,1
200501EO40388,1,90,0,18,0,1,0,0,0,0,4,1,15,1,-1,-1,-1,-1,-1,-1,-1
200501EO40390,1,11,0,4,0,0,0,0,0,0,0,1,1,1,-1,-1,7300,2,2,-1,-1
200501EO40390,2,19,0,11,0,0,0,0,0,0,0,1,15,3,-1,-1,-1,-1,-1,-1,-1
200501EO40391,1,8,0,18,0,8,0,0,0,0,1,1,15,1,48,8,2664,2,6,10,1
200501EO40391,2,4,0,18,0,8,0,10,1,2,4,1,15,1,49,8,176,1,3,-1,-1
200501EO40392,1,9,0,2,0,1,0,0,0,0,3,1,15,1,44,7,1391,1,10,-1,-1
200501EO40392,2,1,0,18,0,1,0,0,0,0,1,1,15,2,31,6,-1,-1,-1,2,1
200501EO40393,1,2,0,18,0,0,0,0,0,0,2,1,15,1,17,4,49,1,6,2,1
200501EO40393,2,9,0,18,0,0,0,0,0,0,1,1,15,2,-1,-1,-1,-1,-1,2,1
200501EO40395,1,3,0,18,0,8,0,0,0,0,1,1,15,2,19,4,100,1,1,1,1
200501EO40395,2,9,0,9,0,8,0,0,0,0,3,1,15,1,43,7,1597,1,5,-1,-1
200501EO40396,1,2,0,18,0,8,0,0,0,0,0,1,15,1,22,5,49,1,1,1,1
200501EO40396,2,19,0,11,0,8,0,0,0,0,0,1,15,3,-1,-1,-1,-1,-1,-1,-1
200501EO40397,1,9,0,9,0,8,0,0,0,0,1,1,15,1,38,7,1896,2,6,3,1
200501EO40397,2,1,0,18,0,8,0,0,0,0,1,1,15,1,37,7,-1,-1,-1,5,1
200501EO40398,1,9,0,4,0,1,0,0,0,0,1,1,1,1,47,8,-1,-1,-1,-1,-1
200501EO40398,2,9,0,18,0,1,0,0,0,0,2,1,1,1,30,6,-1,-1,-1,-1,-1
200501EO40399,1,3,0,18,0,1,0,0,0,0,1,1,15,2,40,7,124,1,3,3,1
200501EO40400,1,9,0,13,0,2,0,0,0,0,1,1,15,1,-1,-1,1799,1,-1,-1,-1
200501EO40400,2,1,0,18,0,2,0,0,0,0,2,1,15,2,37,7,-1,-1,-1,6,1
200501EO40401,1,9,0,4,0,8,0,0,0,0,1,1,15,2,27,6,954,1,10,6,1
200501EO40401,2,3,0,4,0,8,0,0,0,0,2,1,15,1,30,6,85,1,9,-1,-1
200501EO40402,1,9,0,18,0,0,0,0,0,0,3,1,15,2,35,6,1598,1,5,4,1
200501EO40402,2,1,0,18,0,0,0,0,0,0,1,1,15,1,14,3,-1,-1,-1,-1,-1
200501EO40403,1,8,0,18,0,3,0,0,0,0,3,1,15,1,32,6,2664,2,4,3,1
200501EO40404,1,9,0,9,0,8,0,0,0,0,4,1,15,2,45,7,1597,1,7,-1,-1
200501EO40404,2,3,0,18,0,8,0,0,0,0,3,1,15,1,18,4,-1,-1,-1,3,1
200501EO40405,1,3,0,13,0,0,0,0,0,0,1,1,15,1,34,6,-1,-1,-1,7,1
200501EO40405,2,9,0,6,0,0,0,0,0,0,3,1,15,1,35,6,-1,-1,-1,5,1
200501EO40406,1,4,0,14,0,1,0,0,0,0,1,1,15,2,39,7,176,1,4,7,1
200501EO40406,2,9,0,18,0,1,0,0,0,0,2,1,15,1,-1,-1,-1,-1,-1,-1,-1
200501EO40406,3,9,0,18,0,2,0,0,0,0,1,1,15,1,-1,-1,1761,1,11,-1,-1
200501EO40407,1,1,0,13,0,8,0,0,0,0,1,1,15,1,36,7,-1,-1,-1,2,1
200501EO40407,2,19,0,9,0,8,0,0,0,0,1,1,15,1,40,7,1753,2,5,-1,-1
200501EO40408,1,5,0,18,0,1,0,0,0,0,1,1,15,1,26,6,553,1,12,2,1
200501EO40408,2,9,0,18,0,1,0,0,0,0,1,1,15,1,37,7,2290,1,9,2,1
200501EO40409,1,19,0,18,0,0,0,0,0,0,1,1,15,1,40,7,1870,2,1,5,1
200501EO40409,2,9,0,4,0,0,0,0,0,0,2,1,15,2,44,7,1781,1,2,9,3
200501EO40410,1,9,0,18,0,2,0,0,0,0,4,1,15,2,22,5,1796,1,1,5,1
200501EO40410,2,9,0,6,0,2,0,0,0,0,3,1,15,1,32,6,1995,1,3,6,1