Accident_Index,Vehicle_Reference,Vehicle_Type,Towing_and_Articulation,Vehicle_Manoeuvre,Vehicle_Location_Restricted_Lane,Junction_Location,Skidding_and_Overturning,Hit_Object_in_Carriageway,Vehicle_Leaving_Carriageway,Hit_Object_off_Carriageway,1st_Point_of_Impact,Was_Vehicle_Left_Hand_Drive?,Journey_Purpose_of_Driver,Sex_of_Driver,Age_of_Driver,Age_Band_of_Driver,Engine_Capacity_(CC),Propulsion_Code,Age_of_Vehicle,Driver_IMD_Decile,Driver_Home_Area_Type
200501EO40413,1,3,0,18,0,0,0,0,0,0,4,1,15,1,39,7,125,1,7,8,1
200501EO40414,1,9,0,7,0,2,0,0,0,0,1,1,15,1,70,10,2088,2,8,3,1
200501EO40414,2,5,0,18,0,2,0,0,0,0,1,1,15,1,31,6,883,1,1,1,1
200501EO40417,1,3,0,7,0,2,0,0,0,0,3,1,15,1,28,6,124,1,-1,1,1
200501EO40417,2,1,0,18,0,2,0,0,0,0,1,1,15,2,30,6,-1,-1,-1,-1,-1
200501EO40418,1,3,0,13,0,8,0,0,0,0,3,1,15,2,34,6,124,1,5,4,1
200501EO40418,2,9,0,9,0,8,0,0,0,0,4,1,15,1,29,6,1598,1,4,4,1
200501EO40420,1,1,0,18,0,2,0,0,0,0,4,1,15,1,34,6,-1,-1,-1,3,1
200501EO40420,2,9,0,18,0,2,0,0,0,0,4,1,15,1,44,7,-1,-1,-1,1,1
200501EO40421,1,1,0,18,0,8,0,0,0,0,3,1,15,1,24,5,-1,-1,-1,2,1
200501EO40421,2,21,0,7,0,8,0,0,0,0,4,1,15,1,34,6,9200,2,2,3,1
200501EO40422,1,8,0,18,0,1,0,0,0,0,1,1,15,1,56,9,2664,2,8,1,1
200501EO40423,1,9,0,9,0,8,0,0,0,0,2,1,15,1,41,7,973,1,4,1,1
200501EO40423,2,9,0,18,0,8,0,0,0,0,1,1,15,1,-1,-1,-1,-1,-1,-1,-1
200501EO40424,1,11,0,4,0,1,0,0,0,0,0,1,15,1,49,8,7300,2,3,2,1
200501EO40425,1,9,0,18,0,0,0,0,0,0,1,1,15,2,25,5,1242,1,4,3,1
200501EO40425,2,9,0,2,0,0,0,0,0,0,2,1,15,1,-1,-1,2979,1,2,-1,-1
200501EO40427,1,5,0,18,0,8,0,0,0,0,1,1,15,1,20,4,800,1,13,1,1
200501EO40427,2,10,0,9,0,8,0,0,0,0,1,1,15,1,59,9,2402,2,1,1,1
200501EO40428,1,9,0,7,0,2,0,0,0,0,4,1,15,2,32,6,2494,1,6,2,1
200501EO40428,2,1,0,18,0,1,0,0,0,0,1,1,15,2,34,6,-1,-1,-1,3,1
200501EO40429,1,9,0,18,0,8,0,0,0,0,4,1,15,1,41,7,1900,2,6,3,1
200501EO40429,2,1,0,18,0,8,0,0,0,0,3,1,15,1,-1,-1,-1,-1,-1,-1,-1
200501EO40431,1,9,0,17,0,8,0,10,0,0,4,1,15,2,34,6,1796,1,1,3,1
200501EO40431,2,9,0,3,0,1,0,0,0,0,3,1,15,2,28,6,1597,1,10,7,1
200501EO40431,3,9,0,18,0,8,0,0,0,0,1,1,15,1,39,7,-1,-1,-1,8,1
200501EO40432,1,9,0,4,0,0,0,0,0,0,1,1,15,1,56,9,1997,1,11,4,1
200501EO40432,2,9,0,4,0,0,0,0,0,0,2,1,15,1,38,7,1781,1,9,2,1
200501EO40432,3,9,0,18,0,0,0,0,0,0,2,1,15,2,39,7,1600,1,5,7,1
200501EO40433,1,9,0,18,0,2,0,0,0,0,4,1,15,2,45,7,2435,1,5,2,1
200501EO40434,1,9,0,18,0,8,0,0,0,0,1,1,15,1,28,6,-1,-1,-1,3,1
200501EO40434,2,9,0,18,0,8,0,0,0,0,1,1,15,1,37,7,1997,2,6,2,1
200501EO40436,1,9,0,4,0,1,0,0,0,0,2,1,15,1,32,6,2398,1,6,2,1
200501EO40436,2,11,0,4,0,1,0,0,0,0,1,1,15,1,30,6,-1,-1,-1,1,1
200501EO40437,1,9,0,9,0,8,0,0,0,0,3,1,15,1,26,6,1598,1,-1,10,1
200501EO40437,2,9,0,18,0,8,0,0,0,0,1,1,15,1,43,7,1392,1,6,-1,-1
200501EO40438,1,5,0,18,0,8,1,0,0,0,1,1,15,1,-1,-1,1199,1,3,3,1
200501EO40438,2,9,0,18,0,8,0,0,0,0,4,1,15,2,34,6,1119,1,10,1,1
200501EO40439,1,9,0,18,0,1,0,0,0,0,1,1,15,2,55,8,1390,1,9,8,1
200501EO40439,2,9,0,3,0,1,0,0,0,0,2,1,15,2,64,9,1390,1,7,2,1
200501EO40440,1,9,0,18,0,2,0,0,0,0,1,1,15,1,18,4,1199,1,5,9,1
200501EO40440,2,9,0,3,0,2,0,0,0,0,2,1,15,2,41,7,-1,-1,-1,5,1
200501EO40441,1,3,0,18,0,8,0,10,0,0,0,1,15,1,20,4,124,1,4,2,1
200501EO40441,2,9,0,4,0,8,0,0,0,0,0,1,15,1,58,9,1984,1,12,2,1
200501EO40442,1,9,0,1,0,0,0,0,0,0,2,1,15,2,49,8,-1,-1,-1,7,1
200501EO40443,1,9,0,9,0,0,0,0,0,0,3,1,15,2,56,9,2685,2,4,-1,-1
200501EO40443,2,4,0,13,0,0,0,0,0,0,4,1,15,2,28,6,499,1,1,4,1
200501EO40444,1,19,0,18,0,0,0,0,0,0,1,1,15,1,25,5,1149,1,2,4,1
200501EO40444,2,9,0,4,0,0,0,0,0,0,2,1,15,2,25,5,1995,2,4,3,1
200501EO40445,1,8,0,18,0,8,0,0,0,0,0,1,1,1,-1,-1,-1,-1,-1,-1,-1
200501EO40446,1,9,0,18,0,8,0,0,0,0,1,1,15,1,31,6,1798,1,1,2,1
200501EO40446,2,9,0,9,0,8,0,0,0,0,4,1,15,1,35,6,1597,1,11,2,1
200501EO40447,1,9,0,18,0,8,0,0,0,0,1,1,15,1,32,6,1590,1,7,7,1
200501EO40447,2,9,0,18,0,8,0,0,0,0,3,1,15,1,62,9,2959,1,13,6,1
200501EO40448,1,2,0,18,0,8,0,0,0,0,1,1,15,1,17,4,-1,-1,-1,2,1
200501EO40448,2,9,0,18,0,8,0,0,0,0,3,1,15,1,30,6,2979,1,-1,4,1
200501EO40449,1,19,0,18,0,2,0,0,0,0,3,1,15,1,-1,-1,2400,2,3,5,1
200501EO40449,2,1,0,18,0,2,0,0,0,0,4,1,15,1,29,6,-1,-1,-1,3,1
200501EO40450,1,1,0,18,0,8,0,0,0,0,2,1,15,1,25,5,-1,-1,-1,5,1
200501EO40450,2,20,0,18,0,8,0,0,0,0,1,1,15,1,28,6,-1,-1,-1,-1,-1
200501EO40451,1,9,0,18,0,8,0,0,0,0,4,1,15,2,53,8,1299,1,7,3,1
200501EO40451,2,1,0,18,0,8,0,0,0,0,1,1,15,1,17,4,-1,-1,-1,3,1
200501EO40452,1,20,0,7,0,8,0,0,0,0,4,1,15,1,-1,-1,-1,-1,-1,-1,-1
200501EO40453,1,9,0,18,0,3,0,0,0,0,3,1,15,1,41,7,-1,-1,-1,4,1
200501EO40454,1,11,0,4,0,0,0,0,0,0,4,1,15,2,25,5,7300,2,2,2,1
200501EO40455,1,9,0,18,0,2,0,0,0,0,4,1,15,1,-1,-1,-1,-1,-1,-1,-1
200501EO40456,1,3,0,18,0,1,0,0,0,0,1,1,15,1,35,6,124,1,2,3,1
200501EO40457,1,9,0,18,0,0,0,0,0,0,1,1,15,1,35,6,1397,1,2,2,1
200501EO40459,1,5,0,18,0,8,0,0,0,0,3,1,15,1,27,6,599,1,8,2,1
200501EO40459,2,9,0,6,0,8,0,0,0,0,4,1,15,1,32,6,1600,1,1,9,1
200501EO40460,1,1,0,9,0,8,0,0,0,0,1,1,15,1,41,7,-1,-1,-1,2,1
200501EO40460,2,21,0,9,0,8,0,0,0,0,4,1,1,1,-1,-1,12600,2,3,-1,-1
200501EO40461,1,2,0,18,0,2,1,0,0,0,3,1,15,1,26,6,49,1,5,2,1
200501EO40463,1,1,0,18,0,0,0,0,0,0,1,1,15,1,40,7,-1,-1,-1,7,1
200501EO40464,1,3,0,18,0,0,0,0,0,0,3,1,15,1,24,5,124,1,-1,2,1
200501EO40464,2,9,0,2,0,0,0,0,0,0,4,1,15,3,-1,-1,2438,1,7,-1,-1
200501EO40465,1,9,0,18,0,1,0,0,0,0,4,1,15,2,32,6,-1,-1,-1,4,1
200501EO40466,1,9,0,9,0,1,0,0,0,0,4,1,15,1,77,11,1753,2,6,3,1
200501EO40466,2,1,0,18,0,2,0,0,0,0,1,1,15,2,28,6,-1,-1,-1,2,1
200501EO40467,1,9,0,7,0,2,0,0,0,0,3,1,15,2,55,8,1598,1,5,2,1
200501EO40467,2,1,0,18,0,2,0,0,0,0,1,1,15,1,25,5,-1,-1,-1,2,1
200501EO40468,1,9,0,9,0,2,0,0,0,0,3,1,15,2,43,7,1598,1,5,3,1
200501EO40468,2,1,0,18,0,2,0,0,0,0,1,1,15,2,29,6,-1,-1,-1,1,1
200501EO40469,1,5,0,18,0,8,0,0,0,0,1,1,15,1,46,8,-1,-1,-1,4,1
200501EO40469,2,9,0,9,0,8,0,0,0,0,3,1,15,2,-1,-1,1796,1,2,2,1
200501EO40470,1,19,0,2,0,0,0,0,0,0,3,1,1,1,-1,-1,2874,2,9,-1,-1
200501EO40470,2,1,0,18,0,0,0,0,0,0,1,1,4,1,15,3,-1,-1,-1,2,1
200501EO40471,1,9,0,18,0,1,0,0,0,0,1,1,15,2,34,6,1984,1,9,8,1
200501EO40472,1,11,0,4,0,0,0,0,0,0,0,1,1,1,-1,-1,-1,-1,-1,-1,-1
200501EO40473,1,9,0,5,0,2,0,0,0,0,1,1,15,2,34,6,1598,1,1,2,1
200501EO40474,1,9,0,18,0,2,0,0,0,0,1,1,15,2,40,7,2793,1,5,3,1
200501EO40475,1,20,0,18,0,8,0,0,0,0,1,1,15,1,32,6,2874,2,6,5,1
200501EO40475,2,5,0,13,0,8,0,0,0,0,1,1,15,1,33,6,-1,-1,-1,2,1
200501EO40476,1,9,0,6,0,0,0,0,0,0,3,1,15,2,29,6,-1,-1,-1,-1,-1
200501EO40476,2,9,0,18,0,0,0,0,0,0,1,1,15,1,35,6,-1,-1,-1,-1,-1
200501EO40477,1,9,0,18,0,1,0,0,0,0,1,1,15,1,21,5,1235,1,14,1,1
200501EO40478,1,9,0,18,0,0,0,0,0,0,4,1,15,1,-1,-1,-1,-1,-1,-1,-1
200501EO40479,1,19,0,18,0,1,0,0,0,0,4,1,1,1,20,4,1298,1,1,2,1
200501EO40480,1,5,0,18,0,8,0,0,0,0,1,1,15,1,37,7,599,1,7,2,1
200501EO40480,2,5,0,9,0,8,0,0,0,0,3,1,15,2,19,4,-1,-1,-1,1,1
200501EO40481,1,9,0,18,0,8,0,0,0,0,1,1,15,1,36,7,1493,1,11,6,1
200501EO40481,2,1,0,17,0,8,0,0,0,0,3,1,15,1,30,6,-1,-1,-1,-1,-1
200501EO40482,1,9,0,18,0,1,0,0,0,0,2,1,15,1,37,7,1783,1,8,3,1
200501EO40482,2,9,0,18,0,1,0,0,0,0,1,1,15,1,-1,-1,-1,-1,-1,-1,-1
200501EO40483,1,11,0,5,0,0,0,0,0,0,0,1,15,1,42,7,7300,2,4,2,1
200501EO40487,1,9,0,3,0,1,0,0,0,0,2,1,15,1,-1,-1,-1,-1,-1,-1,-1
200501EO40487,2,9,0,18,0,1,0,0,0,0,1,1,15,1,-1,-1,-1,-1,-1,-1,-1
200501EO40488,1,9,0,3,0,0,0,0,0,0,2,1,15,1,43,7,2000,1,6,1,1
200501EO40488,2,9,0,18,0,0,0,0,0,0,1,1,15,2,-1,-1,1896,2,3,-1,-1
200501EO40489,1,11,0,4,0,4,0,0,0,0,0,1,15,1,-1,-1,-1,-1,-1,-1,-1
200501EO40491,1,11,0,18,0,0,0,0,0,0,3,1,15,1,27,6,7300,2,2,-1,-1
200501EO40491,2,19,0,13,0,0,0,0,0,0,4,1,15,1,54,8,1753,2,5,-1,-1
200501EO40492,1,9,0,18,0,1,0,0,0,0,2,1,15,1,30,6,1799,1,6,1,1
200501EO40492,2,9,0,18,0,1,0,0,0,0,1,1,15,1,-1,-1,-1,-1,-1,-1,-1
200501EO40494,1,8,0,9,0,8,0,0,0,0,1,1,15,1,44,7,2402,2,3,-1,-1
200501EO40495,1,9,0,18,0,1,0,0,0,0,1,1,15,1,26,6,1396,1,10,2,1
200501EO40496,1,11,0,4,0,0,0,0,0,0,0,1,1,1,36,7,-1,2,7,9,1
200501EO40496,2,19,0,18,0,0,0,0,0,0,0,1,15,3,-1,-1,-1,-1,-1,-1,-1
200501EO40497,1,11,0,4,0,0,0,0,0,0,0,1,1,1,30,6,4250,2,7,9,1
200501EO40498,1,9,0,18,0,0,0,0,0,0,1,1,15,1,62,9,1990,1,9,9,1
200501EO40499,1,9,0,9,0,8,0,0,0,0,4,1,15,1,29,6,-1,-1,-1,2,1
200501EO40499,2,1,0,18,0,8,0,0,0,0,1,1,15,1,42,7,-1,-1,-1,10,1
200501EO40500,1,9,0,2,0,0,0,0,0,0,3,1,15,1,40,7,1985,1,6,4,1
200501EO40500,2,1,0,18,0,0,0,0,0,0,4,1,15,2,26,6,-1,-1,-1,4,1
200501EO40501,1,1,0,18,0,8,0,0,0,0,4,1,15,1,31,6,-1,-1,-1,1,1
200501EO40501,2,9,0,18,0,8,0,0,0,0,1,1,15,1,-1,-1,1595,1,1,-1,-1
200501EO40502,1,11,0,4,0,0,0,0,0,0,0,1,15,1,48,8,8268,2,2,5,1
200501EO40503,1,5,0,18,0,8,0,0,0,0,1,1,15,1,31,6,781,1,5,5,1
200501EO40503,2,9,0,9,0,8,0,0,0,0,1,1,15,1,43,7,1896,2,-1,2,1
200501EO40504,1,1,0,18,0,8,0,0,0,0,1,1,15,2,58,9,-1,-1,-1,3,1
200501EO40504,2,9,0,18,0,8,0,0,0,0,4,1,15,1,29,6,-1,-1,-1,2,1
200501EO40505,1,5,0,18,0,8,0,0,0,0,1,1,15,1,50,8,-1,-1,-1,10,1
200501EO40505,2,9,0,9,0,8,0,0,0,0,3,1,15,1,23,5,1299,1,1,1,1
200501EO40506,1,1,0,18,0,1,0,0,0,0,3,1,15,1,48,8,-1,-1,-1,10,1
200501EO40506,2,9,0,13,0,1,0,0,0,0,4,1,15,1,-1,-1,-1,-1,-1,-1,-1
200501EO40507,1,2,0,18,0,0,0,0,0,0,1,1,15,3,-1,-1,-1,-1,-1,-1,-1
200501EO40508,1,11,0,18,0,1,0,0,0,0,1,1,15,1,51,8,7300,2,2,2,1
200501EO40508,2,9,0,18,0,2,0,0,0,0,1,1,15,1,-1,-1,-1,-1,-1,-1,-1
200501EO40509,1,9,0,16,0,3,0,7,0,0,1,1,15,1,-1,-1,1762,1,8,2,1
200501EO40510,1,8,0,17,0,1,0,0,0,0,1,1,15,1,59,9,-1,-1,-1,-1,-1
200501EO40510,2,9,0,16,0,2,0,0,0,0,1,1,15,1,-1,-1,1396,1,3,-1,-1
200501EO40511,1,19,0,7,0,8,0,0,0,0,0,1,15,1,36,7,2463,2,1,6,2
200501EO40511,2,1,0,18,0,8,0,0,0,0,0,1,15,1,40,7,-1,-1,-1,6,1
200501EO40513,1,8,0,18,0,1,0,0,0,0,4,1,1,1,34,6,2664,2,7,5,1
200501EO40514,1,9,0,9,0,8,0,0,0,0,3,1,15,2,41,7,1598,1,5,4,1
200501EO40514,2,3,0,18,0,8,0,0,0,0,1,1,15,1,22,5,125,1,5,4,1
200501EO40515,1,9,0,9,0,8,0,0,0,0,1,1,15,1,55,8,-1,-1,-1,9,1
200501EO40515,2,9,0,18,0,8,0,0,0,0,3,1,15,1,58,9,1587,1,1,2,1
200501EO40516,1,9,0,6,0,0,0,0,0,0,3,1,15,1,30,6,1850,1,5,9,1
200501EO40516,2,5,0,18,0,0,0,0,0,0,3,1,15,1,26,6,599,1,6,-1,-1
200501EO40517,1,9,0,6,0,3,0,0,0,0,1,1,15,1,23,5,1398,2,3,5,1
200501EO40517,2,1,0,18,0,3,0,0,0,0,4,1,15,1,39,7,-1,-1,-1,1,1
200501EO40517,3,1,0,18,0,3,0,0,0,0,3,1,15,1,39,7,-1,-1,-1,1,1
200501EO40518,1,4,0,18,0,8,0,0,0,0,3,1,15,1,26,6,399,1,21,2,1
200501EO40518,2,9,0,8,0,8,0,0,0,0,4,1,15,2,27,6,1596,1,9,2,1
200501EO40519,1,9,0,18,0,0,0,0,0,0,1,1,15,1,38,7,-1,-1,-1,3,1
200501EO40519,2,1,0,18,0,0,0,0,0,0,3,1,15,1,-1,-1,-1,-1,-1,-1,-1
200501EO40521,1,9,0,9,0,3,0,0,0,0,1,1,15,1,31,6,1396,1,8,5,1
200501EO40521,2,9,0,14,0,3,0,0,0,0,1,1,15,1,-1,-1,1896,2,1,3,1
200501EO40522,1,9,0,3,0,0,0,0,0,0,2,1,15,1,45,7,1796,1,4,-1,-1
200501EO40522,2,9,0,18,0,0,0,0,0,0,1,1,15,1,-1,-1,-1,-1,-1,-1,-1
200501EO40523,1,1,0,18,0,1,0,0,0,0,2,1,15,1,27,6,-1,-1,-1,5,1
200501EO40523,2,8,0,18,0,1,0,0,0,0,1,1,1,1,-1,-1,2664,2,6,-1,-1
200501EO40524,1,2,0,7,0,8,0,0,0,0,1,1,15,1,34,6,-1,-1,-1,7,1
200501EO40524,2,9,0,18,0,8,0,0,0,0,3,1,15,2,-1,-1,1242,1,3,-1,-1
200501EO40526,1,9,0,2,0,0,0,0,0,0,4,1,15,1,41,7,2995,1,-1,9,1
200501EO40526,2,9,0,18,0,0,0,0,0,0,4,1,15,1,75,10,-1,-1,-1,4,1
200501EO40528,1,11,0,18,0,2,0,0,0,0,1,1,15,1,32,6,8268,2,2,2,1
200501EO40529,1,9,0,18,0,1,0,0,0,0,1,1,15,1,38,7,-1,-1,-1,4,1
200501EO40530,1,9,0,18,0,0,0,0,0,0,1,1,15,2,54,8,2316,1,10,-1,-1
200501EO40531,1,9,0,18,0,2,0,0,0,0,3,1,15,1,40,7,2902,2,1,3,1
200501EO40531,2,1,0,18,0,2,0,0,0,0,1,1,15,1,14,3,-1,-1,-1,2,1
200501EO40532,1,9,0,18,0,1,0,0,0,0,1,1,15,1,55,8,1998,1,3,-1,-1
200501EO40533,1,9,0,18,0,0,1,0,0,0,4,1,15,1,32,6,1370,1,8,-1,-1
200501EO40534,1,1,0,18,0,8,0,0,0,0,2,1,15,1,41,7,-1,-1,-1,5,1
200501EO40534,2,9,0,7,0,8,0,0,0,0,4,1,15,1,-1,-1,1043,1,9,-1,-1
200501EO40535,1,5,0,13,0,1,0,0,0,0,4,1,15,1,36,7,645,1,4,5,1
200501EO40535,2,1,0,18,0,1,0,0,0,0,3,1,15,1,40,7,-1,-1,-1,2,1
200501EO40536,1,3,0,18,0,2,0,0,0,0,1,1,15,1,32,6,-1,-1,-1,2,1
200501EO40537,1,9,0,9,0,8,0,0,0,0,4,1,15,2,41,7,1800,1,5,-1,-1
200501EO40537,2,4,0,18,0,8,0,0,0,0,1,1,15,1,28,6,499,1,2,3,1
200501EO40538,1,9,0,9,0,8,0,0,0,0,4,1,15,1,57,9,1598,1,4,2,1
200501EO40538,2,9,0,18,0,8,0,0,0,0,1,1,15,1,20,4,1598,1,6,1,1
200501EO40540,1,9,0,18,0,8,0,0,0,0,1,1,15,1,37,7,-1,-1,-1,3,1
200501EO40540,2,9,0,18,0,8,0,0,0,0,1,1,15,1,-1,-1,1396,1,10,2,1
200501EO40541,1,9,0,18,0,8,0,10,3,7,1,1,15,2,34,6,-1,-1,-1,6,1
200501EO40542,1,9,0,9,0,8,0,0,0,0,4,1,15,2,42,7,1998,1,11,3,1
200501EO40542,2,1,0,18,0,8,0,0,0,0,1,1,15,1,36,7,-1,-1,-1,2,1
200501EO40543,1,9,0,3,0,1,0,0,0,0,2,1,15,1,35,6,-1,-1,-1,7,1
200501EO40543,2,3,0,18,0,1,0,0,0,0,1,1,15,1,32,6,125,1,3,-1,-1
200501EO40544,1,9,0,9,0,8,0,0,0,0,4,1,15,1,30,6,1527,2,9,1,1
200501EO40544,2,9,0,18,0,8,0,0,0,0,1,1,15,2,39,7,1388,1,3,-1,-1
200501EO40545,1,9,0,6,0,0,0,0,0,0,1,1,15,1,40,7,1599,1,6,-1,-1
200501EO40545,2,2,0,13,0,0,0,0,0,0,3,1,15,1,16,4,49,1,1,2,1
200501EO40546,1,9,0,18,0,1,0,0,0,0,1,1,15,2,30,6,1781,1,2,2,1
200501EO40546,2,9,0,3,0,1,0,0,0,0,2,1,15,1,57,9,-1,-1,-1,8,1
200501EO40546,3,9,0,3,0,1,0,0,0,0,2,1,15,1,35,6,-1,-1,-1,3,1
200501EO40547,1,3,0,13,0,8,0,0,0,0,1,1,15,1,35,6,124,1,3,2,1
200501EO40547,2,9,0,9,0,8,0,0,0,0,3,1,15,1,51,8,1796,1,2,2,1
200501EO40548,1,11,0,12,0,0,0,0,0,0,3,1,1,1,59,9,-1,2,6,2,1
200501EO40548,2,1,0,18,0,0,0,0,0,0,4,1,15,1,33,6,-1,-1,-1,2,1
200501EO40549,1,1,0,9,0,8,0,0,0,0,3,1,15,2,46,8,-1,-1,-1,3,1
200501EO40549,2,9,0,9,0,8,0,0,0,0,1,1,15,2,31,6,1596,1,10,3,1
200501EO40550,1,5,0,18,0,1,0,0,0,0,0,1,15,1,41,7,748,1,10,2,1
200501EO40550,2,9,0,18,0,1,0,0,0,0,0,1,15,2,34,6,1360,1,4,10,2
200501EO40551,1,21,0,18,0,8,0,0,0,0,1,1,15,1,38,7,-1,2,4,1,1
200501EO40551,2,9,0,18,0,8,0,0,0,0,4,1,15,2,23,5,-1,-1,-1,6,1
200501EO40553,1,9,0,18,0,0,0,0,0,0,3,1,15,1,-1,-1,1997,2,-1,2,1
200501EO40554,1,9,0,18,0,8,0,0,0,0,1,1,15,1,25,5,599,1,3,6,1
200501EO40554,2,9,0,18,0,8,0,0,0,0,4,1,15,1,50,8,-1,-1,-1,2,1
200501EO40555,1,9,0,18,0,2,0,0,0,0,1,1,15,1,-1,-1,2495,2,10,-1,-1
200501EO40556,1,11,0,4,0,2,0,0,0,0,0,1,15,1,-1,-1,-1,-1,-1,-1,-1
200501EO40557,1,9,0,4,0,8,0,0,0,0,1,1,15,1,-1,-1,1596,1,5,2,1
200501EO40557,2,19,0,18,0,8,0,0,0,0,2,1,15,1,-1,-1,1753,2,1,-1,-1
200501EO40557,3,9,0,18,0,8,0,0,0,0,2,1,15,1,49,8,-1,-1,-1,5,1
200501EO40558,1,9,0,18,0,2,0,0,0,0,1,1,15,1,45,7,-1,-1,-1,2,1
200501EO40558,2,9,0,18,0,2,0,0,0,0,1,1,15,1,30,6,1994,2,5,2,1
200501EO40558,3,9,0,4,0,2,0,0,0,0,2,1,15,1,-1,-1,1870,2,1,6,1
200501EO40559,1,9,0,3,0,0,0,0,0,0,2,1,15,1,37,7,-1,-1,-1,4,1
200501EO40559,2,9,0,18,0,0,0,0,0,0,1,1,15,1,-1,-1,1905,2,10,5,1
200501EO40560,1,3,0,18,0,1,1,0,0,0,3,1,15,1,45,7,124,1,7,1,1
200501EO40561,1,8,0,18,0,8,0,0,0,0,3,1,15,1,56,9,2664,2,6,2,1
200501EO40563,1,9,0,3,0,1,0,0,0,0,2,1,15,1,50,8,1997,2,2,-1,-1
200501EO40563,2,11,0,18,0,1,0,0,0,0,2,1,15,1,38,7,-1,2,6,5,1
200501EO40564,1,9,0,9,0,2,0,0,0,0,1,1,15,2,58,9,1390,1,8,-1,-1
200501EO40564,2,1,0,18,0,2,1,0,0,0,3,1,15,1,29,6,-1,-1,-1,-1,-1
200501EO40565,1,9,0,3,0,0,0,0,0,0,2,1,15,1,35,6,-1,-1,-1,3,1
200501EO40565,2,9,0,3,0,0,0,0,0,0,2,1,15,2,-1,-1,2967,1,4,-1,-1
200501EO40565,3,9,0,18,0,0,0,0,0,0,1,1,15,1,-1,-1,1998,1,8,2,1
200501EO40566,1,8,0,10,0,8,0,0,0,0,4,1,1,1,42,7,2664,2,7,5,1
200501EO40566,2,1,0,18,0,8,0,0,0,0,1,1,15,1,-1,-1,-1,-1,-1,-1,-1
200501EO40568,1,9,0,18,0,8,0,0,0,0,1,1,15,1,22,5,1242,1,9,3,1
200501EO40568,2,2,0,9,3,8,0,0,0,0,1,1,15,1,34,6,49,1,2,-1,-1
200501EO40569,1,19,0,9,0,1,0,0,0,0,1,1,15,1,46,8,1896,2,-1,1,1
200501EO40569,2,9,0,7,3,1,0,0,0,0,2,1,15,2,49,8,2435,1,11,2,1
200501EO40570,1,9,0,2,0,0,0,0,0,0,3,1,15,1,36,7,1896,2,10,-1,-1
200501EO40570,2,1,0,9,0,0,0,0,0,0,1,1,15,1,26,6,-1,-1,-1,2,1
200501EO40571,1,9,0,18,0,8,0,0,0,0,1,1,15,1,24,5,2495,2,12,3,1
200501EO40571,2,19,0,18,0,8,0,0,0,0,3,1,15,1,-1,-1,-1,-1,-1,2,1
200501EO40572,1,9,0,9,0,2,0,0,0,0,4,1,15,1,-1,-1,-1,-1,-1,-1,-1
200501EO40573,1,1,0,7,0,0,0,0,0,0,0,1,15,1,48,8,-1,-1,-1,2,1
200501EO40573,2,1,0,18,0,0,0,0,0,0,0,1,15,1,11,3,-1,-1,-1,-1,-1
200501EO40574,1,9,0,9,0,8,0,0,0,0,1,1,15,2,52,8,1596,1,3,2,1
200501EO40574,2,1,0,18,0,8,0,0,0,0,1,1,15,1,35,6,-1,-1,-1,3,1
200501EO40576,1,9,0,7,0,8,0,0,0,0,4,1,15,1,-1,-1,-1,-1,-1,-1,-1
200501EO40577,1,9,0,17,0,0,0,0,0,0,1,1,15,1,32,6,1360,1,-1,5,1
200501EO40578,1,9,0,2,0,1,0,0,0,0,0,1,15,1,58,9,-1,-1,-1,7,1
200501EO40578,2,1,0,16,0,1,0,0,0,0,0,1,15,2,-1,-1,-1,-1,-1,-1,-1
200501EO40579,1,9,0,9,0,2,0,0,0,0,1,1,15,1,19,4,-1,-1,-1,5,1
200501EO40581,1,8,0,18,0,8,0,0,0,0,1,1,15,1,55,8,2664,2,6,-1,-1
200501EO40583,1,4,0,15,0,2,0,0,0,0,3,1,15,1,23,5,-1,-1,-1,2,1
200501EO40583,2,11,0,18,0,2,0,0,0,0,4,1,15,1,39,7,7300,2,-1,3,1
200501EO40584,1,9,0,9,0,8,0,0,0,0,1,1,15,2,29,6,1370,1,9,5,1
200501EO40584,2,4,0,18,0,8,0,0,0,0,1,1,15,1,26,6,499,1,8,2,1
200501EO40585,1,9,0,9,0,2,0,0,0,0,1,1,15,1,30,6,-1,-1,-1,6,3
200501EO40585,2,1,0,18,0,2,0,0,0,0,3,1,15,1,-1,-1,-1,-1,-1,-1,-1
200501EO40586,1,1,0,18,0,2,0,0,0,0,1,1,15,1,73,10,-1,-1,-1,2,1
200501EO40586,2,20,0,1,0,2,0,0,0,0,2,1,15,1,-1,-1,-1,-1,-1,-1,-1
200501EO40587,1,1,0,18,0,0,0,0,0,0,3,1,15,1,33,6,-1,-1,-1,8,1
200501EO40587,2,9,0,2,0,0,0,0,0,0,1,1,15,1,-1,-1,-1,-1,-1,-1,-1
200501EO40588,1,9,0,18,0,2,0,0,0,0,1,1,15,1,27,6,1994,1,7,-1,-1
200501EO40589,1,9,0,18,0,2,0,0,0,0,1,1,15,1,-1,-1,-1,-1,-1,-1,-1
200501EO40590,1,11,0,18,0,8,0,0,0,0,1,1,15,1,51,8,8268,2,3,5,1