Accident_Index,Vehicle_Reference,Vehicle_Type,Towing_and_Articulation,Vehicle_Manoeuvre,Vehicle_Location_Restricted_Lane,Junction_Location,Skidding_and_Overturning,Hit_Object_in_Carriageway,Vehicle_Leaving_Carriageway,Hit_Object_off_Carriageway,1st_Point_of_Impact,Was_Vehicle_Left_Hand_Drive?,Journey_Purpose_of_Driver,Sex_of_Driver,Age_of_Driver,Age_Band_of_Driver,Engine_Capacity_(CC),Propulsion_Code,Age_of_Vehicle,Driver_IMD_Decile,Driver_Home_Area_Type
200501EO40744,2,1,0,18,0,1,0,0,0,0,2,1,15,1,35,6,-1,-1,-1,6,1
200501EO40745,1,9,0,2,0,1,0,0,0,0,3,1,15,1,20,4,2979,1,4,4,1
200501EO40745,2,1,0,18,3,1,0,0,0,0,1,1,15,1,20,4,-1,-1,-1,2,1
200501EO40746,1,9,0,18,0,2,0,0,0,0,4,1,15,2,62,9,1796,1,1,3,1
200501EO40748,1,9,0,3,0,1,0,0,0,0,2,1,15,2,42,7,1796,1,11,1,1
200501EO40748,2,9,0,18,0,1,0,0,0,0,1,1,15,2,27,6,1590,1,-1,-1,-1
200501EO40749,1,11,0,18,0,8,0,0,0,0,1,1,15,1,25,5,5900,2,7,2,1
200501EO40750,1,9,0,12,0,2,0,0,0,0,3,1,15,1,40,7,-1,-1,-1,2,1
200501EO40750,2,2,0,18,0,2,0,0,0,0,1,1,15,1,38,7,-1,-1,-1,-1,-1
200501EO40751,1,3,0,18,0,1,0,0,0,0,1,1,15,1,17,4,124,1,3,5,1
200501EO40752,1,9,0,9,0,8,0,0,0,0,4,1,15,1,50,8,1988,1,8,5,1
200501EO40752,2,5,0,18,0,8,0,0,0,0,1,1,15,1,18,4,-1,-1,-1,1,1
200501EO40753,1,11,0,18,0,1,0,0,0,0,1,1,15,1,47,8,7300,2,3,2,1
200501EO40754,1,9,0,9,0,3,0,0,0,0,1,1,15,2,66,10,1390,1,7,7,1
200501EO40755,1,11,0,18,0,2,0,0,0,0,3,1,1,1,64,9,-1,2,5,-1,-1
200501EO40755,2,19,0,3,0,2,0,0,0,0,4,1,15,1,55,8,1870,2,-1,4,1
200501EO40755,3,1,0,15,0,2,0,0,0,0,4,1,15,1,45,7,-1,-1,-1,6,1
200501EO40756,1,2,0,18,0,0,0,0,0,0,0,1,15,2,29,6,49,1,1,1,1
200501EO40757,1,8,0,7,0,8,0,0,0,0,3,1,1,1,53,8,2664,2,4,-1,-1
200501EO40757,2,1,0,18,0,8,0,0,0,0,1,1,15,2,26,6,-1,-1,-1,2,1
200501EO40758,1,1,0,18,0,0,0,0,0,0,2,1,15,1,14,3,-1,-1,-1,3,1
200501EO40758,2,9,0,18,0,0,0,0,0,0,1,1,15,1,-1,-1,-1,-1,-1,-1,-1
200501EO40759,1,19,0,18,0,1,0,0,0,0,3,1,15,1,37,7,-1,-1,-1,3,1
200501EO40759,2,11,0,5,0,2,0,0,0,0,2,1,15,1,25,5,-1,2,8,4,1
200501EO40760,1,9,0,9,0,1,0,0,0,0,4,1,15,1,36,7,-1,-1,-1,10,1
200501EO40761,1,8,0,18,0,2,0,0,0,0,3,1,15,1,61,9,2664,2,10,7,1
200501EO40762,1,1,0,18,0,8,0,0,0,0,1,1,15,1,27,6,-1,-1,-1,2,1
200501EO40762,2,9,0,9,0,8,0,0,0,0,3,1,15,1,52,8,1796,1,10,2,1
200501EO40763,1,8,0,18,0,0,0,0,0,0,2,1,15,1,60,9,2664,2,6,3,1
200501EO40763,2,9,0,18,0,0,0,0,0,0,1,1,15,1,44,7,1870,2,1,3,1
200501EO40764,1,2,0,15,0,8,0,0,0,0,1,1,15,1,18,4,49,1,3,1,1
200501EO40764,2,9,0,7,0,8,0,0,0,0,4,1,15,1,37,7,1995,2,6,2,1
200501EO40766,1,5,0,18,0,2,0,0,0,0,3,1,15,1,38,7,918,1,7,10,1
200501EO40767,1,19,0,18,0,1,0,0,0,0,3,1,15,1,64,9,2400,2,2,3,1
200501EO40768,1,9,0,18,0,8,0,0,0,0,1,1,15,1,42,7,1989,1,3,2,1
200501EO40768,2,9,0,18,0,8,0,0,0,0,3,1,15,1,30,6,1796,1,14,2,1
200501EO40769,1,19,0,2,0,2,0,0,0,0,1,1,15,3,-1,-1,1998,2,1,-1,-1
200501EO40769,2,8,0,6,0,2,0,0,0,0,4,1,1,1,50,8,2664,2,5,4,1
200501EO40769,3,5,0,18,0,2,0,0,0,0,1,1,15,1,31,6,599,1,4,4,1
200501EO40769,4,9,0,2,0,2,0,0,0,0,1,1,15,3,-1,-1,-1,-1,-1,-1,-1
200501EO40770,1,9,0,18,0,2,0,0,0,0,1,1,15,1,35,6,1995,1,14,3,1
200501EO40770,2,9,0,3,0,2,0,0,0,0,2,1,15,1,53,8,1850,1,6,1,1
200501EO40772,1,9,0,6,0,0,0,0,0,0,3,1,15,1,62,9,-1,-1,-1,2,1
200501EO40772,2,3,0,18,0,0,0,0,0,0,1,1,15,1,48,8,-1,-1,-1,2,1
200501EO40773,1,11,0,5,0,1,0,0,0,0,3,1,15,1,41,7,-1,-1,-1,2,1
200501EO40773,2,1,0,13,0,1,0,0,0,0,3,1,15,1,39,7,-1,-1,-1,2,1
200501EO40774,1,3,0,18,0,1,0,0,0,0,1,1,15,1,-1,-1,-1,-1,-1,-1,-1
200501EO40775,1,19,0,9,0,8,0,0,0,0,2,1,15,1,45,7,2798,2,2,9,1
200501EO40775,2,5,0,18,0,8,0,0,0,0,1,1,15,1,33,6,644,1,-1,-1,-1
200501EO40777,1,11,0,18,0,0,0,0,0,0,3,1,15,1,43,7,7300,2,4,5,1
200501EO40777,2,1,0,11,0,0,0,0,0,0,4,1,15,2,13,3,-1,-1,-1,4,1
200501EO40778,1,9,0,18,0,0,0,0,0,0,1,1,15,1,34,6,-1,-1,-1,1,1
200501EO40780,1,9,0,9,0,8,0,0,0,0,4,1,15,1,43,7,1390,1,12,5,1
200501EO40780,2,1,0,18,0,8,0,0,0,0,1,1,15,1,45,7,-1,-1,-1,1,1
200501EO40781,1,1,0,18,0,0,0,0,0,0,0,1,15,1,28,6,-1,-1,-1,5,1
200501EO40781,2,20,0,15,0,0,0,0,0,0,0,1,15,1,-1,-1,-1,-1,-1,-1,-1
200501EO40782,1,1,0,18,0,0,0,10,0,0,3,1,15,1,44,7,-1,-1,-1,5,1
200501EO40782,2,9,0,12,0,0,0,0,0,0,4,1,15,1,-1,-1,-1,-1,-1,-1,-1
200501EO40783,1,3,0,18,0,8,0,0,0,0,0,1,15,1,52,8,124,1,3,-1,-1
200501EO40783,2,1,0,9,0,8,0,0,0,0,0,1,15,1,38,7,-1,-1,-1,7,1
200501EO40784,1,9,0,18,0,2,0,0,0,0,2,1,15,2,28,6,1590,1,12,3,1
200501EO40784,2,1,0,18,0,2,0,0,0,0,1,1,15,1,32,6,-1,-1,-1,2,1
200501EO40785,1,9,0,18,0,0,0,0,0,0,3,1,15,1,36,7,-1,-1,-1,5,1
200501EO40785,2,9,0,18,0,0,0,0,0,0,1,1,15,1,31,6,1390,1,13,2,1
200501EO40786,1,9,0,3,0,0,0,0,0,0,2,1,15,1,67,10,1360,1,5,2,1
200501EO40786,2,9,0,18,0,0,0,0,0,0,1,1,15,1,-1,-1,-1,-1,-1,-1,-1
200501EO40788,1,11,0,4,0,1,0,0,0,0,0,1,15,1,45,7,8268,2,3,2,1
200501EO40789,1,11,0,11,0,0,0,0,0,0,1,1,1,1,54,8,-1,2,6,1,1
200501EO40790,1,11,0,18,0,0,0,0,0,0,0,1,15,1,52,8,-1,2,8,2,1
200501EO40791,1,19,0,7,0,8,0,0,0,0,0,1,15,1,28,6,2446,2,6,4,1
200501EO40791,2,11,0,18,0,8,0,0,0,0,0,1,15,1,50,8,-1,2,6,-1,-1
200501EO40792,1,9,0,7,0,8,0,0,0,0,1,1,15,1,-1,-1,1796,1,6,-1,-1
200501EO40793,1,9,0,3,0,0,0,0,0,0,2,1,15,2,28,6,1124,1,6,3,1
200501EO40793,2,9,0,18,0,0,0,0,0,0,1,1,15,1,-1,-1,-1,-1,-1,-1,-1
200501EO40793,3,3,0,3,0,0,0,0,0,0,1,1,15,1,21,5,124,1,11,5,1
200501EO40794,1,9,0,3,0,2,0,0,0,0,2,1,15,1,50,8,-1,-1,-1,4,1
200501EO40794,2,20,0,18,0,2,0,0,0,0,1,1,15,1,45,7,-1,-1,-1,-1,-1
200501EO40795,1,9,0,9,0,8,0,0,0,0,1,1,15,1,49,8,1580,1,15,4,1
200501EO40795,2,9,0,18,0,8,0,0,0,0,1,1,15,1,39,7,-1,-1,-1,10,1
200501EO40796,1,9,0,4,0,0,0,0,0,0,0,1,15,2,28,6,-1,-1,-1,5,1
200501EO40797,1,9,0,1,0,0,0,0,0,0,4,1,15,1,25,5,1341,1,-1,2,1
200501EO40798,1,11,0,5,0,1,0,0,0,0,0,1,1,1,31,6,8268,2,1,-1,-1
200501EO40799,1,2,0,18,0,8,0,0,0,0,4,1,15,1,17,4,49,1,5,3,1
200501EO40799,2,19,4,7,0,8,0,0,0,0,3,1,15,1,-1,-1,2496,2,15,-1,-1
200501EO40800,1,1,0,18,0,8,0,0,0,0,4,1,15,2,29,6,-1,-1,-1,2,1
200501EO40800,2,8,0,18,0,8,0,0,0,0,1,1,1,1,-1,-1,2664,2,7,5,1
200501EO40801,1,8,0,18,0,0,0,0,0,0,1,1,1,1,69,10,2664,2,13,2,1
200501EO40802,1,9,0,18,0,8,0,0,0,0,1,1,15,1,19,4,1149,1,4,2,1
200501EO40803,1,9,0,18,0,0,0,0,0,0,1,1,15,2,25,5,1242,1,7,-1,-1
200501EO40803,2,9,0,3,0,0,0,0,0,0,2,1,15,1,38,7,2204,2,-1,6,1
200501EO40804,1,9,0,7,0,2,2,10,1,7,1,1,15,1,31,6,2198,2,12,2,1
200501EO40804,2,9,0,18,0,1,0,0,0,0,0,1,15,3,-1,-1,-1,-1,-1,-1,-1
200501EO40805,1,9,0,18,0,8,0,0,0,0,3,1,15,2,50,8,-1,-1,-1,6,1
200501EO40805,2,9,0,9,0,8,0,0,0,0,1,1,15,1,34,6,3980,1,12,3,1
200501EO40806,1,5,0,5,0,8,0,0,0,0,1,1,15,1,-1,-1,1052,1,6,3,1
200501EO40807,1,9,0,18,0,0,0,0,0,0,1,1,15,1,39,7,1587,1,-1,3,1
200501EO40808,1,9,0,12,0,0,0,0,0,0,3,1,15,1,52,8,2148,2,3,10,1
200501EO40808,2,3,0,13,0,0,0,0,0,0,4,1,15,1,21,5,100,1,5,2,1
200501EO40809,1,9,0,18,0,2,0,0,0,0,1,1,15,1,42,7,1794,1,2,-1,-1
200501EO40810,1,3,0,18,0,8,0,0,0,0,4,1,15,1,63,9,124,1,2,6,1
200501EO40811,1,5,0,18,0,8,0,0,0,0,1,1,15,1,32,6,600,1,-1,-1,-1
200501EO40811,2,9,0,9,0,8,0,0,0,0,4,1,15,1,23,5,1370,1,7,10,2
200501EO40812,1,3,0,18,0,1,0,0,0,0,1,1,15,1,34,6,-1,-1,-1,-1,-1
200501EO40812,2,9,0,2,0,1,0,0,0,0,3,1,15,2,51,8,998,1,3,-1,-1
200501EO40812,3,9,0,3,0,1,0,0,0,0,4,1,15,2,23,5,1196,1,10,2,1
200501EO40813,1,9,0,3,0,2,0,0,0,0,2,1,15,1,46,8,2597,1,1,5,1
200501EO40813,2,9,0,18,0,2,0,0,0,0,1,1,15,3,-1,-1,1796,1,10,-1,-1
200501EO40814,1,1,0,18,0,0,0,0,0,0,3,1,15,2,25,5,-1,-1,-1,8,1
200501EO40814,2,9,0,11,0,0,0,0,0,0,4,1,15,3,-1,-1,-1,-1,-1,-1,-1
200501EO40817,1,9,0,17,0,1,0,0,0,0,3,1,15,1,-1,-1,1235,1,14,-1,-1
200501EO40817,2,19,0,2,0,1,0,0,0,0,4,1,15,1,40,7,-1,-1,-1,7,2
200501EO40817,3,9,0,2,0,1,0,0,0,0,2,1,15,1,-1,-1,1985,1,14,-1,-1
200501EO40818,1,1,0,18,0,2,0,0,0,0,1,1,15,1,29,6,-1,-1,-1,6,1
200501EO40818,2,9,0,7,0,2,0,0,0,0,1,1,15,1,-1,-1,1796,1,6,-1,-1
200501EO40819,1,1,0,3,0,0,0,0,0,0,1,1,15,1,50,8,-1,-1,-1,7,1
200501EO40819,2,9,0,1,0,0,0,0,0,0,2,1,15,2,-1,-1,1998,1,7,-1,-1
200501EO40820,1,2,0,18,0,8,0,0,0,0,4,1,15,1,59,9,49,1,5,7,1
200501EO40820,2,9,0,9,0,8,0,0,0,0,1,1,15,1,-1,-1,-1,-1,-1,2,1
200501EO40821,1,5,0,18,0,8,0,0,0,0,1,1,15,1,25,5,-1,-1,-1,6,1
200501EO40821,2,19,0,9,0,8,0,0,0,0,3,1,15,1,25,5,2402,2,1,-1,-1
200501EO40822,1,9,0,7,0,8,0,0,0,0,3,1,15,1,25,5,1753,2,7,1,1
200501EO40822,2,1,0,18,0,8,0,0,0,0,1,1,15,1,41,7,-1,-1,-1,5,1
200501EO40823,1,8,0,18,0,8,0,0,0,0,4,1,1,1,46,8,1800,6,9,9,1
200501EO40824,1,9,0,18,0,2,0,0,0,0,4,1,15,1,30,6,3246,1,4,2,1
200501EO40824,2,19,0,18,0,1,0,0,0,0,3,1,15,1,29,6,-1,-1,-1,-1,3
200501EO40825,1,19,0,18,0,8,0,0,0,0,1,1,15,1,-1,-1,5700,1,2,2,1
200501EO40826,1,11,0,4,0,1,0,0,0,0,0,1,1,1,44,7,7300,2,2,-1,-1
200501EO40827,1,11,0,4,0,2,0,0,0,0,0,1,15,1,35,6,-1,-1,-1,2,1
200501EO40828,1,3,0,18,0,8,0,0,0,0,1,1,15,1,26,6,124,1,6,-1,-1
200501EO40828,2,9,0,9,0,8,0,0,0,0,4,1,15,2,32,6,1398,2,-1,1,1
200501EO40829,1,19,0,6,0,0,0,0,0,0,3,1,15,1,48,8,-1,-1,-1,5,1
200501EO40829,2,9,0,18,0,0,0,10,7,7,4,1,15,2,22,5,1299,1,6,4,1
200501EO40830,1,9,0,18,0,1,0,0,0,0,1,1,15,1,39,7,1598,1,4,4,1
200501EO40831,1,9,0,9,0,8,0,0,0,0,1,1,15,1,63,9,-1,-1,-1,-1,-1
200501EO40831,2,9,0,18,0,8,0,0,0,0,4,1,15,1,79,11,-1,-1,-1,9,2
200501EO40833,1,3,0,14,0,2,0,0,0,0,1,1,15,3,-1,-1,-1,-1,-1,-1,-1
200501EO40834,1,11,0,5,0,0,0,0,0,0,0,1,15,1,54,8,-1,2,4,-1,-1
200501EO40835,1,11,0,18,0,6,0,0,0,0,0,1,1,1,-1,-1,7300,2,2,-1,-1
200501EO40836,1,5,0,18,0,8,0,0,0,0,3,1,15,1,39,7,996,1,1,6,1
200501EO40836,2,9,0,18,0,8,0,0,0,0,1,1,15,1,47,8,1985,1,6,5,1
200501EO40837,1,9,0,18,0,8,0,0,0,0,4,1,15,2,31,6,-1,-1,-1,2,1
200501EO40837,2,1,0,18,0,8,0,0,0,0,1,1,15,1,-1,-1,-1,-1,-1,6,1
200501EO40838,1,3,0,18,0,2,0,0,0,0,1,1,15,1,41,7,85,1,5,6,1
200501EO40839,1,11,0,2,2,0,0,0,0,0,0,1,15,1,48,8,5883,2,4,2,1
200501EO40840,1,5,0,18,0,1,0,0,0,0,1,1,15,3,-1,-1,-1,-1,-1,-1,-1
200501EO40841,1,9,0,7,0,8,0,0,0,0,2,1,15,1,29,6,2164,1,8,4,1
200501EO40841,2,90,0,9,0,8,0,0,0,0,0,1,15,1,24,5,-1,-1,-1,2,1
200501EO40841,3,1,0,18,0,8,0,0,0,0,1,1,15,1,24,5,-1,-1,-1,3,1
200501EO40842,1,3,0,18,0,1,0,0,0,0,0,1,15,1,34,6,124,1,-1,6,1
200501EO40843,1,9,0,7,0,8,0,0,0,0,1,1,15,1,-1,-1,-1,-1,-1,-1,-1
200501EO40844,1,9,0,9,0,8,0,0,0,0,2,1,15,2,49,8,-1,-1,-1,6,1
200501EO40844,2,8,0,18,0,8,0,0,0,0,3,1,15,1,38,7,1995,2,5,1,1
200501EO40845,1,4,0,18,0,8,0,0,0,0,1,1,15,1,25,5,400,1,12,7,1
200501EO40845,2,9,0,9,0,8,0,0,0,0,1,1,15,2,38,7,2000,1,6,2,1
200501EO40846,1,19,0,9,0,8,0,0,0,0,1,1,15,1,25,5,2402,2,2,-1,-1
200501EO40846,2,3,0,18,0,8,0,0,0,0,4,1,15,1,39,7,124,1,1,4,1
200501EO40847,1,9,0,18,0,8,0,0,0,0,1,1,15,1,27,6,1998,1,13,3,1
200501EO40847,2,1,0,9,0,8,0,0,0,0,1,1,15,1,11,3,-1,-1,-1,3,1
200501EO40848,1,3,0,18,0,0,0,0,0,0,4,1,15,1,28,6,124,1,-1,4,1
200501EO40849,1,9,0,1,0,0,0,0,0,0,2,1,15,1,23,5,1242,1,8,2,1
200501EO40850,1,1,0,18,0,0,0,0,0,0,4,1,15,1,23,5,-1,-1,-1,3,1
200501EO40850,2,9,0,18,0,0,0,0,0,0,4,1,15,1,39,7,2499,2,10,5,1
200501EO40851,1,9,0,3,0,1,0,0,0,0,2,1,15,1,35,6,4966,1,2,8,1
200501EO40851,2,5,0,18,0,1,0,0,0,0,1,1,15,1,38,7,-1,-1,-1,10,3
200501EO40852,1,9,0,18,0,0,0,0,0,0,4,1,15,1,71,10,1093,1,22,5,1
200501EO40853,1,9,0,2,0,0,0,0,0,0,3,1,15,1,64,9,-1,-1,-1,9,2
200501EO40853,2,1,0,18,0,0,0,0,0,0,1,1,15,2,36,7,-1,-1,-1,3,1
200501EO40854,1,19,0,12,0,8,0,0,0,0,3,1,15,1,-1,-1,2402,2,1,1,1
200501EO40854,2,9,0,18,0,8,0,0,0,0,4,1,15,2,45,7,1598,1,5,6,1
200501EO40855,1,19,0,18,0,1,0,0,0,0,1,1,15,1,-1,-1,-1,-1,-1,-1,-1
200501EO40855,2,1,0,18,0,1,0,0,0,0,2,1,15,2,25,5,-1,-1,-1,2,1
200501EO40856,1,9,0,18,0,2,0,0,0,0,4,1,15,3,-1,-1,-1,-1,-1,-1,-1
200501EO40857,1,9,0,18,0,2,0,0,0,0,3,1,15,1,64,9,-1,-1,-1,5,2
200501EO40857,2,1,0,18,0,2,0,0,0,0,1,1,15,1,28,6,-1,-1,-1,1,1
200501EO40858,1,11,0,4,0,0,0,0,0,0,0,1,15,1,23,5,8268,2,4,2,1
200501EO40859,1,11,0,4,0,1,0,0,0,0,0,1,1,1,40,7,8268,2,3,-1,-1
200501EO40860,1,9,0,3,0,1,0,0,0,0,2,1,15,2,38,7,843,1,-1,2,1
200501EO40860,2,9,0,18,0,1,0,0,0,0,1,1,15,1,-1,-1,-1,-1,-1,-1,-1
200501EO40861,1,11,0,18,0,1,0,0,0,0,0,1,15,1,58,9,-1,2,40,3,1
200501EO40862,1,8,0,18,0,8,0,0,0,0,3,1,15,1,30,6,-1,-1,-1,4,1
200501EO40862,2,19,0,18,0,8,0,0,0,0,1,1,15,1,38,7,1896,2,6,5,1
200501EO40863,1,9,0,9,0,8,0,0,0,0,3,1,15,2,46,8,1997,2,1,9,1
200501EO40863,2,1,0,13,0,8,0,0,0,0,1,1,15,1,26,6,-1,-1,-1,2,1
200501EO40864,1,20,0,3,0,2,0,0,0,0,2,1,15,1,37,7,4116,2,2,1,1
200501EO40864,2,9,0,18,0,2,0,0,0,0,1,1,15,1,25,5,-1,-1,-1,9,2
200501EO40865,1,9,0,18,0,2,0,0,0,0,1,1,15,2,55,8,2979,1,5,4,1
200501EO40866,1,9,0,9,0,8,0,0,0,0,3,1,15,1,18,4,-1,-1,-1,-1,-1
200501EO40866,2,5,0,18,0,8,0,0,0,0,1,1,15,1,43,7,-1,-1,-1,10,3
200501EO40867,1,9,0,9,0,8,0,0,0,0,1,1,15,1,22,5,-1,-1,-1,-1,-1
200501EO40867,2,3,0,18,0,8,0,0,0,0,3,1,15,1,40,7,-1,-1,-1,4,1
200501EO40868,1,9,0,18,0,8,0,0,0,0,4,1,15,1,42,7,1997,1,5,3,1
200501EO40868,2,9,0,1,0,8,0,0,0,0,2,1,15,1,36,7,-1,-1,-1,8,1
200501EO40869,1,11,0,4,0,1,0,0,0,0,0,1,15,1,53,8,8268,2,2,-1,-1
200501EO40869,2,19,0,12,0,1,0,0,0,0,0,1,15,1,-1,-1,1700,2,6,-1,-1
200501EO40870,1,9,0,9,0,1,0,0,0,0,3,1,15,2,44,7,1360,1,2,8,1
200501EO40871,1,9,0,18,0,2,0,0,0,0,1,1,15,1,30,6,1598,1,9,-1,-1
200501EO40872,1,1,0,3,0,1,0,0,0,0,2,1,15,1,30,6,-1,-1,-1,1,1
200501EO40872,2,9,0,18,0,1,0,0,0,0,1,1,15,1,-1,-1,1834,1,7,3,1
200501EO40873,1,9,0,6,0,1,0,0,0,0,4,1,15,1,30,6,1794,1,4,7,1
200501EO40873,2,5,0,18,0,2,0,0,0,0,1,1,15,1,27,6,599,1,4,3,1
200501EO40874,1,9,0,3,0,2,0,0,0,0,2,1,15,1,21,5,2226,1,13,3,1
200501EO40874,2,9,0,18,0,2,0,0,0,0,1,1,15,1,-1,-1,2088,2,8,-1,-1
200501EO40875,1,8,0,18,0,2,0,0,0,0,1,1,1,1,52,8,2402,2,-1,9,1
200501EO40876,1,9,0,18,0,0,0,0,0,0,4,1,15,1,31,6,2498,1,6,5,1
200501EO40878,1,1,0,18,0,1,0,0,0,0,3,1,15,1,52,8,-1,-1,-1,7,1
200501EO40878,2,9,0,13,0,1,0,0,0,0,4,1,15,1,-1,-1,1998,1,9,-1,-1
200501EO40879,1,2,0,18,0,8,0,0,0,0,1,1,15,1,25,5,49,1,6,3,1
200501EO40879,2,9,0,9,0,8,0,0,0,0,1,1,15,1,44,7,3950,1,5,-1,-1
200501EO40880,1,2,0,18,0,8,0,0,0,0,1,1,15,1,29,6,-1,-1,-1,2,1
200501EO40880,2,9,0,9,0,8,0,0,0,0,1,1,15,1,-1,-1,1985,1,11,-1,-1
200501EO40881,1,1,0,15,0,8,0,0,0,0,1,1,15,1,19,4,-1,-1,-1,6,1
200501EO40881,2,9,0,7,0,8,0,0,0,0,4,1,15,2,37,7,998,1,9,-1,-1
200501EO40882,1,9,0,7,0,8,0,0,0,0,4,1,15,1,37,7,3199,1,1,6,1
200501EO40882,2,1,0,18,0,8,0,0,0,0,1,1,15,2,28,6,-1,-1,-1,1,1
200501EO40883,1,19,0,1,0,2,0,0,0,0,2,1,15,1,24,5,-1,-1,-1,-1,-1
200501EO40883,2,9,0,2,0,2,0,0,0,0,1,1,1,1,53,8,1998,1,8,2,1
200501EO40884,1,9,0,1,0,0,0,0,0,0,2,1,15,1,52,8,1595,1,3,8,1
200501EO40885,1,9,0,18,0,8,0,0,0,0,4,1,15,1,-1,-1,-1,-1,-1,-1,-1
200501EO40886,1,2,0,18,0,8,0,0,0,0,4,1,15,2,26,6,-1,-1,-1,-1,-1
200501EO40886,2,9,0,9,0,8,0,0,0,0,1,1,15,2,30,6,1299,1,1,6,1
200501EO40887,1,1,0,18,0,8,0,0,0,0,4,1,15,1,30,6,-1,-1,-1,1,1
200501EO40887,2,5,0,9,0,8,0,0,0,0,1,1,15,1,37,7,999,1,-1,2,1
200501EO40888,1,9,0,9,0,8,0,0,0,0,3,1,15,1,43,7,-1,-1,-1,5,1
200501EO40888,2,1,0,9,0,8,0,0,0,0,1,1,15,1,35,6,-1,-1,-1,3,1
200501EO40889,1,9,0,5,0,2,0,0,0,0,3,1,15,1,21,5,-1,-1,-1,6,1
200501EO40889,2,2,0,18,0,2,0,0,0,0,1,1,15,1,28,6,-1,-1,-1,1,1
200501EO40890,1,9,0,17,0,8,0,0,0,0,1,1,15,1,30,6,1388,1,-1,5,1
200501EO40891,1,1,0,18,0,8,0,0,0,0,2,1,15,1,55,8,-1,-1,-1,4,1
200501EO40891,2,9,0,9,0,8,0,0,0,0,1,1,15,1,-1,-1,-1,-1,-1,-1,-1
200501EO40892,1,9,0,18,0,2,0,0,0,0,1,1,15,1,-1,-1,-1,-1,-1,-1,-1
200501EO40892,2,1,0,18,0,2,0,0,0,0,1,1,15,2,29,6,-1,-1,-1,3,1
200501EO40893,1,1,0,15,0,1,0,0,0,0,1,1,15,1,30,6,-1,-1,-1,2,1
200501EO40893,2,9,0,3,0,1,0,0,0,0,4,1,15,3,-1,-1,-1,-1,-1,-1,-1
200501EO40894,1,9,0,18,0,0,0,0,0,0,1,1,15,1,-1,-1,-1,-1,-1,-1,-1
200501EO40895,1,1,0,9,0,2,0,0,0,0,3,1,15,1,15,3,-1,-1,-1,-1,-1
200501EO40895,2,9,0,18,0,2,0,0,0,0,1,1,15,1,-1,-1,1595,1,4,-1,-1
200501EO40896,1,1,0,7,0,8,0,0,0,0,4,1,15,1,30,6,-1,-1,-1,2,1
200501EO40896,2,9,0,7,0,8,0,0,0,0,1,1,15,3,-1,-1,-1,-1,-1,-1,-1
200501EO40897,1,9,0,18,0,1,0,0,0,0,3,1,15,1,50,8,1998,1,5,-1,-1
200501EO40899,1,5,0,13,0,1,0,0,0,0,0,1,15,1,54,8,781,1,5,10,1
200501EO40900,1,9,0,18,0,0,0,7,0,0,1,1,15,1,57,9,-1,-1,-1,2,1
200501EO40901,1,3,0,18,0,1,0,0,0,0,1,1,15,1,41,7,125,1,31,5,1
200501EO40901,2,9,0,6,0,1,0,0,0,0,3,1,15,1,-1,-1,1850,1,5,1,1
200501EO40902,1,11,0,5,0,1,0,0,0,0,0,1,1,1,32,6,-1,2,37,1,1
200501EO40904,1,1,0,9,0,8,1,0,0,0,0,1,15,1,30,6,-1,-1,-1,4,1
200501EO40905,1,9,0,9,0,8,0,0,0,0,1,1,15,2,59,9,1299,1,3,3,1
200501EO40905,2,3,0,18,0,8,0,0,0,0,3,1,15,1,32,6,124,1,-1,3,1
200501EO40906,1,9,0,18,0,8,0,0,0,0,1,1,15,1,27,6,1396,1,6,2,1
200501EO40906,2,8,0,18,0,8,0,0,0,0,3,1,15,1,32,6,1762,1,6,-1,-1
200501EO40907,1,9,0,18,0,8,0,0,0,0,1,1,15,1,26,6,1679,1,5,6,1
200501EO40907,2,9,0,18,0,8,0,0,0,0,3,1,15,2,24,5,-1,-1,-1,2,1
200501EO40908,1,19,0,9,0,8,0,0,0,0,3,1,1,1,22,5,2400,2,-1,2,1
200501EO40908,2,5,0,18,0,8,0,0,0,0,1,1,15,1,30,6,618,1,1,-1,-1
200501EO40909,1,4,0,18,0,2,0,0,0,0,3,1,15,1,23,5,198,1,2,1,1
200501EO40909,2,9,0,18,0,2,0,0,0,0,1,1,15,1,-1,-1,1390,1,-1,-1,-1
200501EO40910,1,9,0,14,0,2,0,0,0,0,3,1,15,1,36,7,1998,1,2,8,3
200501EO40910,2,1,0,14,0,1,0,0,0,0,4,1,15,1,32,6,-1,-1,-1,-1,-1
200501EO40911,1,11,0,2,0,1,0,0,0,0,0,1,1,1,28,6,-1,2,6,2,1
200501EO40912,1,9,0,4,0,1,0,0,0,0,2,1,15,1,-1,-1,-1,-1,-1,4,1
200501EO40912,2,9,0,3,0,1,0,0,0,0,2,1,15,2,57,9,1390,1,8,5,1
200501EO40912,3,9,0,3,0,1,0,0,0,0,2,1,15,1,-1,-1,1598,7,1,-1,-1
200501EO40912,4,9,0,4,0,1,0,0,0,0,1,1,15,3,-1,-1,-1,-1,-1,-1,-1
200501EO40913,1,1,0,18,0,0,0,0,0,0,1,1,15,1,45,7,-1,-1,-1,2,1
200501EO40913,2,11,0,12,0,0,0,0,0,0,3,1,1,1,33,6,7300,2,1,2,1