Accident_Index,Vehicle_Reference,Vehicle_Type,Towing_and_Articulation,Vehicle_Manoeuvre,Vehicle_Location_Restricted_Lane,Junction_Location,Skidding_and_Overturning,Hit_Object_in_Carriageway,Vehicle_Leaving_Carriageway,Hit_Object_off_Carriageway,1st_Point_of_Impact,Was_Vehicle_Left_Hand_Drive?,Journey_Purpose_of_Driver,Sex_of_Driver,Age_of_Driver,Age_Band_of_Driver,Engine_Capacity_(CC),Propulsion_Code,Age_of_Vehicle,Driver_IMD_Decile,Driver_Home_Area_Type
200501EO41080,1,9,0,9,0,1,0,0,0,0,4,1,15,1,43,7,1997,2,5,3,1
200501EO41080,2,1,0,18,0,1,0,0,0,0,0,1,15,1,30,6,-1,-1,-1,7,1
200501EO41081,1,20,0,18,0,1,0,0,0,0,4,1,15,1,51,8,4250,2,2,3,1
200501EO41082,1,9,0,17,0,0,0,4,0,0,4,1,1,2,49,8,1599,1,6,8,1
200501EO41082,2,9,0,2,0,0,0,10,0,0,4,1,15,2,26,6,1341,1,6,9,1
200501EO41083,1,9,0,7,0,2,0,0,0,0,1,1,15,1,35,6,-1,-1,-1,2,1
200501EO41083,2,9,0,18,0,1,0,0,0,0,1,1,15,1,-1,-1,-1,-1,-1,-1,-1
200501EO41084,1,5,0,18,0,8,0,0,0,0,3,1,15,1,29,6,899,1,8,1,1
200501EO41084,2,8,0,7,0,8,0,0,0,0,4,1,15,1,34,6,2402,2,2,8,2
200501EO41086,1,5,0,9,0,8,0,0,0,0,4,1,15,1,31,6,996,1,8,-1,-1
200501EO41086,2,9,0,18,0,8,0,0,0,0,1,1,15,1,20,4,-1,-1,-1,7,1
200501EO41087,1,1,0,16,0,8,0,0,0,0,3,1,15,2,25,5,-1,-1,-1,6,1
200501EO41087,2,9,0,9,0,8,0,0,0,0,1,1,15,2,58,9,2254,1,7,-1,-1
200501EO41088,1,19,0,18,0,0,0,0,0,0,1,1,15,1,-1,-1,1753,2,6,-1,-1
200501EO41089,1,11,0,2,0,0,0,0,0,0,0,1,1,1,-1,-1,-1,-1,-1,-1,-1
200501EO41091,1,9,0,9,0,3,0,0,0,0,4,1,15,1,43,7,1796,1,8,3,1
200501EO41091,2,1,0,18,0,3,0,0,0,0,1,1,15,1,28,6,-1,-1,-1,-1,-1
200501EO41092,1,2,0,18,0,2,0,4,0,0,1,1,15,1,-1,-1,-1,-1,-1,-1,-1
200501EO41092,2,9,0,2,0,2,0,4,0,0,3,1,15,3,-1,-1,-1,-1,-1,-1,-1
200501EO41092,3,9,0,2,0,2,0,0,0,0,1,1,15,3,-1,-1,2979,1,2,-1,-1
200501EO41093,1,19,0,2,0,0,0,0,0,0,3,1,1,1,32,6,-1,-1,-1,3,1
200501EO41093,2,1,0,18,0,0,0,4,0,0,1,1,15,1,29,6,-1,-1,-1,3,1
200501EO41094,1,9,0,9,0,2,0,0,0,0,3,1,15,1,45,7,1995,2,4,2,1
200501EO41094,2,3,0,18,0,2,0,0,0,0,1,1,15,1,39,7,124,1,4,-1,-1
200501EO41095,1,9,0,18,0,3,0,0,0,0,3,1,15,1,41,7,1850,1,7,2,1
200501EO41096,1,8,0,9,0,8,0,0,0,0,3,1,15,1,47,8,-1,-1,-1,5,1
200501EO41096,2,2,0,9,0,8,0,0,0,0,1,1,15,1,-1,-1,49,1,3,-1,-1
200501EO41097,1,8,0,18,0,0,0,0,0,0,2,1,15,1,54,8,2664,2,7,6,1
200501EO41097,2,3,0,18,0,0,0,0,0,0,1,1,15,1,37,7,124,1,-1,-1,-1
200501EO41098,1,9,0,3,0,1,0,0,0,0,2,1,15,1,-1,-1,-1,-1,-1,-1,-1
200501EO41098,2,9,0,18,0,1,0,0,0,0,1,1,15,3,-1,-1,1391,1,12,-1,-1
200501EO41099,1,11,0,18,0,3,0,0,0,0,1,1,15,1,26,6,-1,2,5,4,1
200501EO41099,2,8,0,18,0,3,0,0,0,0,2,1,15,1,43,7,-1,-1,-1,-1,-1
200501EO41100,1,9,0,12,0,0,0,0,0,0,0,1,15,1,-1,-1,1998,1,10,-1,-1
200501EO41100,2,9,0,4,0,0,0,0,0,0,2,1,15,1,44,7,1590,1,11,6,1
200501EO41100,3,9,0,18,0,0,0,0,0,0,1,1,15,1,-1,-1,1590,1,13,-1,-1
200501EO41101,1,11,0,3,0,0,0,0,0,0,0,1,15,1,27,6,-1,2,-1,2,1
200501EO41102,1,19,0,9,0,8,0,0,0,0,4,1,15,1,62,9,1686,2,11,2,1
200501EO41102,2,3,0,18,0,8,0,0,0,0,3,1,15,1,38,7,-1,-1,-1,2,1
200501EO41103,1,5,0,15,0,3,0,0,0,0,4,1,15,1,42,7,998,1,1,8,1
200501EO41103,2,9,0,14,0,3,0,0,0,0,3,1,15,1,23,5,1781,1,3,7,1
200501EO41104,1,1,0,18,0,1,0,0,0,0,2,1,15,1,-1,-1,-1,-1,-1,-1,-1
200501EO41104,2,9,0,18,0,1,0,0,0,0,1,1,15,3,-1,-1,1753,2,9,-1,-1
200501EO41105,1,1,0,18,0,0,0,0,0,0,1,1,15,1,45,7,-1,-1,-1,3,1
200501EO41105,2,8,0,2,0,0,0,0,0,0,4,1,1,3,-1,-1,-1,-1,-1,-1,-1
200501EO41106,1,10,0,18,0,3,0,0,0,0,3,1,15,1,22,5,1998,2,2,-1,-1
200501EO41106,2,9,0,18,0,3,0,0,0,0,1,1,15,1,38,7,1796,1,3,3,1
200501EO41107,1,9,0,9,0,8,0,0,0,0,1,1,15,2,75,10,1388,1,2,3,1
200501EO41107,2,3,0,18,0,8,0,0,0,0,1,1,15,1,29,6,85,1,7,-1,-1
200501EO41108,1,3,0,18,0,3,0,0,0,0,1,1,15,1,19,4,124,1,4,-1,-1
200501EO41108,2,9,0,9,0,3,0,0,0,0,2,1,15,1,40,7,1762,1,7,3,1
200501EO41109,1,3,0,18,0,8,0,0,0,0,3,1,15,1,40,7,125,1,4,5,1
200501EO41109,2,9,0,18,0,8,0,0,0,0,4,1,15,3,-1,-1,-1,-1,-1,-1,-1
200501EO41110,1,21,0,11,0,1,0,0,0,0,4,1,15,1,25,5,-1,-1,-1,2,1
200501EO41110,2,1,0,18,0,1,0,0,0,0,3,1,15,2,21,5,-1,-1,-1,2,1
200501EO41111,1,9,0,9,0,6,0,0,0,0,0,1,2,1,38,7,1798,1,7,2,1
200501EO41112,1,9,0,18,0,2,0,0,0,0,2,1,15,1,37,7,-1,-1,-1,3,1
200501EO41112,2,20,0,18,0,2,0,0,0,0,1,1,15,3,-1,-1,-1,-1,-1,-1,-1
200501EO41114,1,5,0,13,0,1,0,0,0,0,1,1,15,1,21,5,599,1,5,2,1
200501EO41114,2,9,0,9,0,1,0,0,0,0,3,1,15,1,38,7,1600,1,41,2,1
200501EO41115,1,1,0,18,0,8,0,0,0,0,3,1,15,1,45,7,-1,-1,-1,5,1
200501EO41115,2,9,0,7,0,8,0,0,0,0,4,1,15,1,-1,-1,1275,1,11,-1,-1
200501EO41116,1,3,0,14,0,8,0,0,0,0,4,1,15,1,17,4,124,1,-1,2,1
200501EO41116,2,8,0,9,0,8,0,0,0,0,3,1,15,1,61,9,2664,2,5,3,1
200501EO41117,1,9,0,18,0,1,0,0,0,0,4,1,15,1,35,6,1794,1,12,-1,-1
200501EO41118,1,3,0,18,0,2,0,0,0,0,1,1,15,1,37,7,124,1,3,1,1
200501EO41118,2,9,0,18,0,2,0,0,0,0,3,1,15,2,49,8,1149,1,4,4,1
200501EO41120,1,9,0,10,0,8,0,0,0,0,3,1,15,2,19,4,-1,-1,-1,-1,-1
200501EO41120,2,8,0,12,0,8,0,0,0,0,1,1,15,1,43,7,2402,2,1,6,1
200501EO41121,1,11,0,5,0,2,0,0,0,0,0,1,15,1,50,8,7300,2,4,7,1
200501EO41122,1,9,0,18,0,1,0,0,0,0,1,1,15,1,52,8,-1,-1,-1,3,1
200501EO41122,2,3,0,12,0,1,0,0,0,0,2,1,15,1,39,7,124,1,3,2,1
200501EO41123,1,9,0,18,0,8,0,0,0,0,1,1,15,1,58,9,1332,1,8,9,1
200501EO41123,2,9,0,9,0,8,0,0,0,0,4,1,15,1,-1,-1,-1,-1,-1,-1,-1
200501EO41123,3,9,0,18,0,8,0,0,0,0,1,1,15,1,-1,-1,-1,-1,-1,-1,-1
200501EO41124,1,9,0,18,0,1,0,0,0,0,1,1,15,1,20,4,1896,2,6,8,1
200501EO41124,2,9,0,4,0,1,0,0,0,0,2,1,15,1,20,4,2995,1,1,6,1
200501EO41125,1,5,0,13,0,8,0,0,0,0,1,1,15,1,28,6,599,1,4,3,1
200501EO41125,2,11,0,18,0,8,0,0,0,0,3,1,1,1,46,8,8300,2,5,-1,-1
200501EO41126,1,11,0,18,0,0,0,0,0,0,1,1,1,1,46,8,8268,2,3,-1,-1
200501EO41127,1,4,0,18,0,0,0,0,0,0,3,1,15,1,43,7,459,1,1,9,1
200501EO41129,1,19,0,7,0,5,0,0,0,0,4,1,1,1,36,7,2799,2,7,8,1
200501EO41130,1,9,0,18,0,0,0,0,0,0,3,1,15,3,-1,-1,1799,1,8,-1,-1
200501EO41131,1,9,0,3,0,1,0,0,0,0,3,1,15,2,36,7,-1,-1,-1,4,1
200501EO41131,2,19,0,7,0,1,0,0,0,0,4,1,15,1,21,5,2463,2,-1,5,1
200501EO41132,1,19,0,11,0,0,0,0,0,0,1,1,15,1,-1,-1,2402,2,1,-1,-1
200501EO41132,2,1,0,18,0,0,0,0,0,0,2,1,15,1,37,7,-1,-1,-1,3,1
200501EO41133,1,3,0,18,0,8,0,0,0,0,3,1,15,1,30,6,124,1,3,2,1
200501EO41133,2,2,0,18,0,8,0,0,0,0,1,1,15,3,-1,-1,-1,-1,-1,-1,-1
200501EO41134,1,3,0,18,0,0,0,0,0,0,1,1,15,1,17,4,124,1,3,-1,-1
200501EO41135,1,9,0,5,0,3,0,0,0,0,1,1,15,1,-1,-1,-1,-1,-1,-1,-1
200501EO41136,1,9,0,9,0,8,0,0,0,0,1,1,15,1,-1,-1,1799,1,9,-1,-1
200501EO41137,1,5,0,18,0,8,0,0,0,0,3,1,15,1,43,7,553,1,11,2,1
200501EO41137,2,9,0,9,0,8,0,0,0,0,1,1,15,2,29,6,1900,2,1,6,1
200501EO41138,1,11,0,4,0,2,0,0,0,0,0,1,15,1,46,8,-1,2,6,1,1
200501EO41139,1,5,0,13,0,1,0,0,0,0,1,1,15,1,47,8,997,1,17,-1,-1
200501EO41139,2,1,0,13,0,1,0,0,0,0,2,1,15,1,33,6,-1,-1,-1,3,1
200501EO41140,1,9,0,4,0,2,0,0,0,0,2,1,15,1,57,9,-1,-1,-1,5,1
200501EO41140,2,9,0,18,0,2,0,0,0,0,1,1,15,1,53,8,1998,1,11,1,1
200501EO41141,1,2,0,14,0,2,0,0,0,0,1,1,15,1,50,8,49,1,1,2,1
200501EO41141,2,9,0,2,0,2,0,0,0,0,3,1,15,1,-1,-1,1998,1,7,1,1
200501EO41142,1,9,0,2,0,0,0,0,0,0,3,1,15,1,22,5,1298,1,6,4,1
200501EO41142,2,1,0,14,0,0,0,0,0,0,1,1,15,2,33,6,-1,-1,-1,1,1
200501EO41143,1,9,0,18,0,2,0,0,0,0,3,1,15,1,52,8,-1,-1,-1,-1,-1
200501EO41144,1,2,0,18,0,1,0,0,0,0,2,1,15,1,21,5,-1,-1,-1,2,1
200501EO41144,2,19,0,14,0,1,0,0,0,0,1,1,15,1,23,5,1997,1,7,6,1
200501EO41145,1,9,0,18,0,0,0,0,0,0,1,1,15,1,63,9,1769,1,1,2,1
200501EO41146,1,9,0,18,0,2,0,0,0,0,1,1,15,3,-1,-1,-1,-1,-1,-1,-1
200501EO41147,1,9,0,7,0,1,0,0,0,0,4,1,15,1,53,8,2179,2,3,4,1
200501EO41147,2,1,0,18,0,1,0,0,0,0,3,1,15,1,40,7,-1,-1,-1,6,3
200501EO41148,1,90,0,18,0,0,0,0,0,0,1,1,15,3,-1,-1,-1,-1,-1,-1,-1
200501EO41149,1,3,0,4,0,1,0,0,0,0,2,1,15,1,28,6,125,1,2,3,1
200501EO41149,2,9,0,4,0,1,0,0,0,0,1,1,15,1,56,9,1998,1,14,-1,-1
200501EO41150,1,9,0,9,0,1,0,0,0,0,1,1,15,1,35,6,1781,1,5,7,1
200501EO41150,2,9,0,10,0,1,0,0,0,0,2,1,15,1,45,7,-1,-1,-1,9,1
200501EO41150,3,9,0,10,0,1,1,0,0,0,2,1,15,1,-1,-1,2198,1,6,2,1
200501EO41151,1,1,0,18,0,2,0,0,0,0,2,1,15,1,-1,-1,-1,-1,-1,6,1
200501EO41151,2,19,0,11,0,2,0,0,0,0,1,1,15,3,-1,-1,2402,2,-1,-1,-1
200501EO41153,1,3,0,18,0,0,0,0,0,0,1,1,15,1,36,7,100,1,6,2,1
200501EO41154,1,19,0,18,0,0,0,0,0,0,4,1,15,1,43,7,1910,2,2,-1,1
200501EO41155,1,11,0,4,0,3,0,0,0,0,0,1,1,1,60,9,8268,2,2,6,1
200501EO41156,1,1,0,18,0,1,1,0,0,0,1,1,15,1,-1,-1,-1,-1,-1,-1,-1
200501EO41156,2,19,0,2,0,1,0,0,0,0,2,1,15,1,-1,-1,2283,2,10,-1,-1
200501EO41157,1,5,0,14,0,1,1,0,0,0,0,1,15,1,47,8,-1,-1,-1,-1,-1
200501EO41157,2,9,0,9,0,1,0,0,0,0,0,1,15,1,27,6,1997,1,5,-1,-1
200501EO41158,1,19,0,9,0,8,0,0,0,0,0,1,15,1,60,9,-1,-1,-1,6,1
200501EO41158,2,1,0,18,0,4,0,0,0,0,0,1,15,1,39,7,-1,-1,-1,-1,-1
200501EO41159,1,9,0,7,0,1,0,0,0,0,0,1,15,2,29,6,1798,1,2,1,1
200501EO41159,2,1,0,18,0,1,0,0,0,0,0,1,15,1,52,8,-1,-1,-1,-1,-1
200501EO41160,1,9,0,18,0,0,0,0,0,0,3,1,15,1,76,11,1797,1,14,3,1
200501EO41160,2,9,0,11,0,0,0,0,0,0,4,2,15,1,42,7,-1,-1,-1,-1,-1
200501EO41161,1,9,0,18,0,8,1,0,0,0,1,1,15,1,37,7,-1,-1,-1,-1,-1
200501EO41161,2,1,0,18,0,8,1,0,0,0,3,1,15,1,16,4,-1,-1,-1,3,1
200501EO41162,1,9,0,9,0,3,0,0,0,0,3,1,15,1,39,7,-1,-1,-1,-1,-1
200501EO41162,2,9,0,18,0,3,0,0,0,0,1,1,15,1,32,6,-1,-1,-1,2,1
200501EO41163,1,11,0,18,0,0,0,7,0,0,1,1,1,1,-1,-1,-1,2,6,-1,-1
200501EO41164,1,5,0,12,0,3,1,0,0,0,1,1,15,1,30,6,781,1,3,7,1
200501EO41164,2,9,0,12,0,3,0,0,0,0,3,1,15,1,35,6,1796,1,5,2,1
200501EO41164,3,9,0,2,0,3,0,0,0,0,3,1,15,2,35,6,1998,1,4,1,1
200501EO41165,1,5,0,18,0,2,0,10,0,0,1,1,15,1,27,6,599,1,5,2,1
200501EO41166,1,1,0,18,0,3,0,0,0,0,1,1,15,2,32,6,-1,-1,-1,3,1
200501EO41166,2,9,0,7,0,3,0,0,0,0,1,1,15,1,38,7,-1,-1,-1,5,1
200501EO41167,1,9,0,18,0,0,0,0,0,0,2,1,15,1,18,4,2295,1,7,3,1
200501EO41167,2,1,0,12,0,0,0,0,0,0,1,1,15,1,32,6,-1,-1,-1,1,1
200501EO41168,1,9,0,18,0,3,0,0,0,0,3,1,15,1,27,6,1598,1,7,2,1
200501EO41168,2,1,0,9,0,3,0,0,0,0,1,1,15,1,25,5,-1,-1,-1,2,1
200501EO41169,1,11,0,18,0,8,0,0,0,0,1,1,1,1,36,7,8268,2,3,3,1
200501EO41169,2,1,0,7,0,8,0,0,0,0,1,1,15,1,34,6,-1,-1,-1,2,1
200501EO41170,1,9,0,7,0,8,0,0,0,0,4,1,15,1,39,7,-1,-1,-1,3,1
200501EO41170,2,1,0,18,0,8,0,0,0,0,1,1,15,2,26,6,-1,-1,-1,2,1
200501EO41171,1,3,0,18,0,8,0,0,0,0,3,1,15,2,23,5,124,1,4,4,1
200501EO41171,2,9,0,9,0,8,0,0,0,0,3,1,15,1,31,6,2999,2,4,1,1
200501EO41172,1,9,0,18,0,0,0,0,0,0,2,1,15,1,27,6,-1,-1,-1,2,1
200501EO41172,2,9,0,18,0,0,0,0,0,0,0,1,15,1,43,7,-1,-1,-1,1,1
200501EO41173,1,9,0,18,0,8,0,0,0,0,4,1,15,1,54,8,-1,-1,-1,-1,-1
200501EO41173,2,1,0,18,0,8,0,0,0,0,1,1,15,1,22,5,-1,-1,-1,2,1
200501EO41174,1,9,0,18,0,0,0,0,0,0,1,1,15,3,-1,-1,-1,-1,-1,-1,-1
200501EO41175,1,9,0,7,0,6,0,0,0,0,0,1,15,1,25,5,-1,-1,-1,-1,-1
200501EO41176,1,1,0,18,0,1,0,0,0,0,4,1,15,1,23,5,-1,-1,-1,3,1
200501EO41177,1,11,0,18,0,0,0,0,0,0,0,1,15,1,38,7,8268,2,2,-1,-1
200501EO41177,2,9,0,2,0,0,0,0,0,0,0,1,15,1,-1,-1,-1,-1,-1,-1,-1
200501EO41178,1,3,0,18,0,0,1,0,0,0,3,1,15,1,24,5,124,1,6,2,1
200501EO41178,2,9,0,13,0,0,0,0,0,0,4,1,15,1,-1,-1,-1,-1,-1,-1,-1
200501EO41179,1,9,0,9,4,8,0,0,0,0,4,1,15,1,41,7,1988,1,8,-1,-1
200501EO41179,2,1,0,18,0,1,0,0,0,0,1,1,15,2,26,6,-1,-1,-1,2,1
200501EO41180,1,9,0,18,0,2,0,0,0,0,1,1,15,1,29,6,-1,-1,-1,3,1
200501EO41181,1,21,0,7,0,8,0,0,0,0,3,1,1,1,31,6,12130,2,1,7,1
200501EO41181,2,19,0,3,0,8,0,0,0,0,3,1,15,1,56,9,-1,-1,-1,2,1
200501EO41182,1,1,0,18,0,8,0,0,0,0,1,1,15,1,18,4,-1,-1,-1,10,2
200501EO41182,2,9,0,7,0,8,0,0,0,0,1,1,15,1,-1,-1,-1,-1,-1,-1,-1
200501EO41183,1,11,0,4,0,3,0,0,0,0,1,1,1,1,37,7,9200,1,-1,2,1
200501EO41184,1,5,0,18,0,8,0,0,0,0,1,1,15,1,26,6,599,1,4,3,1
200501EO41184,2,19,0,6,0,8,0,0,0,0,3,1,15,1,-1,-1,2461,2,4,3,1
200501EO41185,1,9,0,18,0,8,0,0,0,0,1,1,15,1,71,10,1997,1,15,1,1
200501EO41185,2,9,0,9,0,8,0,0,0,0,3,1,15,1,29,6,1762,1,8,-1,-1
200501EO41186,1,9,0,3,0,8,0,0,0,0,2,1,15,1,41,7,1242,1,2,-1,-1
200501EO41186,2,9,0,18,0,8,0,0,0,0,1,1,15,1,29,6,-1,-1,-1,5,1
200501EO41187,1,9,0,3,0,1,0,0,0,0,2,1,15,2,21,5,-1,-1,-1,5,1
200501EO41187,2,9,0,18,0,1,0,0,0,0,1,1,15,1,53,8,-1,-1,-1,2,1
200501EO41187,3,9,0,3,0,1,0,0,0,0,2,1,15,1,49,8,-1,-1,-1,3,1
200501EO41188,1,5,0,18,0,2,0,0,0,0,1,1,15,1,40,7,955,1,3,3,1
200501EO41188,2,19,0,9,0,2,0,0,0,0,3,1,15,1,31,6,-1,-1,-1,6,1
200501EO41189,1,4,0,18,0,0,0,0,0,0,1,1,15,1,31,6,400,1,14,-1,-1
200501EO41190,1,9,0,5,0,1,0,0,0,0,2,1,15,1,59,9,1781,1,12,9,1
200501EO41190,2,9,0,3,0,1,0,0,0,0,1,1,15,2,-1,-1,1390,1,2,2,1
200501EO41191,1,1,0,18,0,8,0,0,0,0,2,1,15,1,23,5,-1,-1,-1,1,1
200501EO41191,2,9,0,11,0,8,0,0,0,0,1,1,15,1,30,6,-1,-1,-1,-1,-1
200501EO41192,1,11,0,18,0,0,0,0,0,0,0,1,1,1,29,6,-1,-1,-1,1,1
200501EO41193,1,9,0,18,0,1,0,0,0,0,1,1,15,1,34,6,1388,1,8,4,1
200501EO41195,1,2,0,15,0,1,0,0,0,0,0,1,15,1,25,5,-1,-1,-1,8,1
200501EO41196,1,5,0,14,0,0,0,0,0,0,0,1,15,1,24,5,647,1,8,3,1
200501EO41197,1,9,0,18,0,1,0,0,0,0,1,1,15,3,-1,-1,1896,2,3,-1,-1
200501EO41198,1,9,0,9,0,8,0,0,0,0,4,1,15,1,58,9,1905,2,7,-1,-1
200501EO41198,2,2,0,18,0,8,0,0,0,0,2,1,15,1,38,7,-1,-1,-1,2,1
200501EO41199,1,5,0,17,0,1,0,0,0,0,0,1,15,1,32,6,988,1,4,1,1
200501EO41200,1,9,0,18,0,0,0,0,0,0,1,1,15,1,37,7,2946,1,7,2,1
200501EO41200,2,9,0,3,0,0,0,0,0,0,2,1,15,2,36,7,1398,1,-1,4,1
200501EO41201,1,3,0,18,0,8,1,0,0,0,1,1,15,1,17,4,124,1,5,-1,-1
200501EO41201,2,9,0,18,0,8,0,0,0,0,1,1,15,1,47,8,1952,2,16,1,1
200501EO41202,1,1,0,9,0,8,0,0,0,0,2,1,15,1,61,9,-1,-1,-1,6,1
200501EO41202,2,8,0,18,0,8,0,0,0,0,1,1,15,3,-1,-1,1598,1,4,-1,-1
200501EO41203,1,9,0,18,0,1,0,0,0,0,1,1,15,1,38,7,1600,1,6,3,1
200501EO41203,2,9,0,4,0,1,0,0,0,0,2,1,15,3,-1,-1,-1,-1,-1,-1,-1
200501EO41204,1,9,0,11,0,1,0,0,0,0,2,1,15,1,27,6,-1,-1,-1,2,1
200501EO41204,2,9,0,11,0,1,0,0,0,0,1,1,15,1,30,6,-1,-1,-1,-1,-1
200501EO41205,1,1,0,18,2,8,0,0,0,0,4,1,15,1,27,6,-1,-1,-1,3,1
200501EO41205,2,8,0,18,0,8,0,0,0,0,1,1,1,1,-1,-1,2664,2,5,9,1
200501EO41206,1,1,0,18,0,2,0,0,0,0,4,1,15,1,32,6,-1,-1,-1,-1,-1
200501EO41206,2,9,0,18,0,1,0,0,0,0,1,1,15,3,-1,-1,-1,-1,-1,-1,-1
200501EO41207,1,1,0,18,0,0,0,0,0,0,1,1,15,2,34,6,-1,-1,-1,7,1
200501EO41207,2,9,0,2,0,0,0,0,0,0,3,1,15,1,-1,-1,-1,-1,-1,-1,-1
200501EO41208,1,2,0,18,0,2,0,0,0,0,1,1,15,3,-1,-1,-1,-1,-1,-1,-1
200501EO41209,1,9,0,18,0,8,0,0,0,0,3,1,15,1,62,9,-1,-1,-1,9,1
200501EO41209,2,9,0,18,0,8,0,0,0,0,1,1,15,3,-1,-1,-1,-1,-1,-1,-1
200501EO41210,1,9,0,18,0,0,0,0,0,0,1,1,15,1,34,6,2362,1,4,-1,-1
200501EO41210,2,9,0,4,0,0,0,0,0,0,2,1,15,2,41,7,-1,-1,-1,2,1
200501EO41211,1,9,0,18,0,0,0,0,0,0,1,1,15,1,53,8,1762,1,8,-1,-1
200501EO41212,1,11,0,4,0,0,0,0,0,0,4,1,1,1,37,7,8268,2,1,2,1
200501EO41213,1,9,0,18,0,1,0,0,0,0,1,1,15,1,56,9,-1,-1,-1,4,1
200501EO41213,2,11,0,7,0,1,0,0,0,0,2,1,1,1,39,7,6370,2,1,1,1
200501EO41214,1,11,0,4,0,3,0,0,0,0,0,1,15,1,31,6,-1,-1,-1,2,1
200501EO41215,1,9,0,18,0,1,0,0,0,0,4,1,15,1,70,10,-1,-1,-1,9,1
200501EO41216,1,11,0,3,0,0,0,0,0,0,0,1,15,1,62,9,7300,2,4,1,1
200501EO41217,1,9,0,9,0,8,0,0,0,0,1,1,15,2,39,7,1598,1,4,6,1
200501EO41218,1,5,0,14,0,8,0,0,0,0,1,1,15,1,35,6,599,1,4,3,1
200501EO41218,2,9,0,9,0,8,0,0,0,0,3,1,15,2,42,7,1595,1,16,7,1
200501EO41219,1,9,0,2,0,1,0,0,0,0,0,1,15,1,24,5,1149,1,2,4,1
200501EO41219,2,1,0,14,0,1,0,0,0,0,0,1,15,1,26,6,-1,-1,-1,-1,-1
200501EO41221,1,1,0,18,0,0,0,0,0,0,3,1,15,2,32,6,-1,-1,-1,1,1
200501EO41221,2,20,0,13,0,0,0,0,0,0,4,1,15,3,-1,-1,-1,-1,-1,-1,-1
200501EO41222,1,2,0,18,0,3,0,0,0,0,1,1,15,1,34,6,49,1,1,4,1
200501EO41222,2,9,0,9,0,3,0,0,0,0,1,1,15,1,-1,-1,-1,-1,-1,1,1
200501EO41223,1,9,0,4,0,1,0,0,0,0,2,1,15,1,28,6,1995,1,3,-1,-1
200501EO41223,2,9,0,18,0,1,0,0,0,0,1,1,15,1,40,7,1398,1,4,6,1
200501EO41224,1,3,0,14,0,0,0,0,0,0,1,1,15,1,17,4,124,1,-1,6,1
200501EO41227,1,9,0,3,0,1,0,0,0,0,2,1,15,1,24,5,1998,1,12,3,1
200501EO41227,2,19,0,18,0,1,0,0,0,0,1,1,15,1,-1,-1,-1,-1,-1,-1,-1
200501EO41228,1,3,0,18,0,1,0,0,0,0,0,1,15,1,39,7,125,1,1,5,1
200501EO41229,1,9,0,7,0,8,0,0,0,0,4,1,15,1,37,7,2198,1,4,9,2
200501EO41229,2,5,0,15,0,8,0,0,0,0,3,1,15,1,53,8,1180,1,7,10,2
200501EO41230,1,1,0,18,0,0,0,0,0,0,1,1,15,1,38,7,-1,-1,-1,4,1
200501EO41230,2,19,0,6,0,0,0,0,0,0,4,1,15,1,50,8,-1,-1,-1,-1,-1
200501EO41231,1,9,0,18,0,3,0,0,0,0,1,1,15,1,28,6,-1,-1,-1,-1,-1
200501EO41232,1,9,0,8,0,1,0,0,0,0,3,1,15,1,36,7,-1,-1,-1,5,1
200501EO41232,2,1,0,18,0,1,0,0,0,0,4,1,15,1,37,7,-1,-1,-1,3,1
200501EO41233,1,9,0,16,0,2,0,0,0,0,1,1,15,1,33,6,1397,1,1,-1,-1
200501EO41234,1,5,0,18,0,3,0,0,0,0,1,1,15,1,33,6,738,1,3,-1,-1
200501EO41235,1,1,0,9,0,8,0,0,0,0,0,1,15,2,29,6,-1,-1,-1,3,1
200501EO41235,2,5,0,18,0,8,0,0,0,0,0,1,15,3,-1,-1,-1,-1,-1,-1,-1
200501EO41236,1,3,0,13,0,0,0,0,0,0,4,1,15,1,21,5,-1,-1,-1,-1,-1
200501EO41236,2,9,0,13,0,0,0,0,0,0,3,1,15,1,22,5,1396,1,7,-1,-1
200501EO41237,1,9,0,3,0,1,0,0,0,0,2,1,15,2,45,7,-1,-1,-1,-1,-1
200501EO41237,2,9,0,18,0,1,0,0,0,0,1,1,15,3,-1,-1,-1,-1,-1,-1,-1
200501EO41238,1,8,0,18,0,1,0,0,0,0,1,1,15,1,63,9,2664,2,10,10,1
200501EO41238,2,9,0,6,0,1,0,0,0,0,3,1,15,3,-1,-1,973,1,4,-1,-1
200501EO41239,1,9,0,18,0,3,0,0,0,0,1,1,15,2,61,9,-1,-1,-1,5,1
200501EO41240,1,9,0,7,0,8,0,0,0,0,4,1,15,2,34,6,1994,1,7,-1,-1
200501EO41240,2,5,0,18,0,8,0,0,0,0,1,1,15,1,-1,-1,-1,-1,-1,-1,-1
200501EO41241,1,9,0,18,0,3,0,0,0,0,4,1,15,1,30,6,-1,-1,-1,4,1
200501EO41241,2,1,0,15,0,3,0,0,0,0,3,1,15,1,20,4,-1,-1,-1,2,1
200501EO41242,1,3,0,18,0,1,0,0,0,0,4,1,15,1,33,6,125,1,1,4,1
200501EO41243,1,3,0,18,0,3,0,10,1,10,1,1,15,1,30,6,124,1,-1,-1,-1
200501EO41244,1,9,0,5,0,0,0,0,0,0,3,1,15,1,30,6,1998,1,6,-1,-1