Accident_Index,Vehicle_Reference,Vehicle_Type,Towing_and_Articulation,Vehicle_Manoeuvre,Vehicle_Location_Restricted_Lane,Junction_Location,Skidding_and_Overturning,Hit_Object_in_Carriageway,Vehicle_Leaving_Carriageway,Hit_Object_off_Carriageway,1st_Point_of_Impact,Was_Vehicle_Left_Hand_Drive?,Journey_Purpose_of_Driver,Sex_of_Driver,Age_of_Driver,Age_Band_of_Driver,Engine_Capacity_(CC),Propulsion_Code,Age_of_Vehicle,Driver_IMD_Decile,Driver_Home_Area_Type
200501EO41244,2,9,0,14,0,0,0,0,0,0,4,1,15,1,29,6,1781,1,7,-1,-1
200501EO41245,1,9,0,2,0,0,0,0,0,0,2,1,15,1,-1,-1,-1,-1,-1,4,1
200501EO41245,2,9,0,1,0,0,0,0,0,0,1,1,15,2,-1,-1,-1,-1,-1,-1,-1
200501EO41246,1,2,0,13,0,1,0,0,0,0,1,1,15,2,32,6,-1,-1,-1,2,1
200501EO41246,2,9,0,6,0,2,0,0,0,0,3,1,15,2,30,6,1390,1,2,-1,-1
200501EO41248,1,9,0,18,0,2,0,0,0,0,3,1,15,1,33,6,1796,1,13,1,1
200501EO41249,1,9,0,18,0,3,0,0,0,0,1,1,15,1,39,7,-1,-1,-1,-1,-1
200501EO41250,1,9,0,18,0,3,0,0,0,0,1,1,15,1,67,10,1598,1,16,-1,-1
200501EO41251,1,4,0,4,0,1,0,0,0,0,0,1,15,1,30,6,498,1,6,4,1
200501EO41252,1,2,0,18,0,8,0,0,0,0,1,1,15,2,17,4,49,1,2,7,1
200501EO41252,2,9,0,18,0,8,0,0,0,0,4,1,15,2,40,7,1598,1,1,8,1
200501EO41253,1,9,0,18,0,0,0,0,0,0,1,1,15,2,56,9,-1,-1,-1,3,1
200501EO41254,1,19,0,18,0,8,0,0,0,0,1,1,15,1,32,6,-1,-1,-1,4,1
200501EO41254,2,9,0,18,0,8,0,0,0,0,3,1,15,1,80,11,1998,1,7,4,1
200501EO41255,1,9,0,18,0,2,0,0,0,0,1,1,15,2,48,8,1298,1,4,3,1
200501EO41255,2,9,0,14,0,2,0,0,0,0,2,1,15,2,35,6,1396,1,9,1,1
200501EO41255,3,9,0,14,0,2,0,0,0,0,2,1,15,1,35,6,1998,1,5,6,1
200501EO41255,4,9,0,14,0,2,0,0,0,0,2,1,15,1,24,5,1392,1,8,2,1
200501EO41256,1,9,0,18,0,0,0,0,0,0,1,1,15,1,-1,-1,-1,-1,-1,-1,-1
200501EO41257,1,11,0,3,0,3,0,0,0,0,0,1,15,1,32,6,3900,2,1,-1,-1
200501EO41258,1,4,0,18,0,1,0,0,0,0,1,1,15,1,55,8,-1,-1,-1,6,1
200501EO41259,1,9,0,5,0,1,0,0,0,0,2,1,15,2,53,8,2316,1,16,2,1
200501EO41259,2,9,0,18,0,1,0,0,0,0,1,1,15,3,-1,-1,-1,-1,-1,-1,-1
200501EO41260,1,9,0,8,0,1,0,0,0,0,2,1,15,2,70,10,-1,-1,-1,4,1
200501EO41260,2,9,0,14,0,1,0,0,0,0,1,1,15,3,-1,-1,-1,-1,-1,-1,-1
200501EO41264,1,1,0,18,0,0,0,0,0,0,1,1,15,1,55,8,-1,-1,-1,2,1
200501EO41264,2,9,0,15,0,0,0,0,0,0,2,1,15,1,-1,-1,-1,-1,-1,-1,-1
200501EO41265,1,19,0,1,0,0,0,0,0,0,2,1,15,1,-1,-1,1900,2,3,-1,-1
200501EO41266,1,9,0,18,0,0,0,0,0,0,3,1,15,1,34,6,-1,-1,-1,5,1
200501EO41267,1,9,0,18,0,3,0,0,0,0,1,1,15,1,38,7,-1,-1,-1,2,1
200501EO41269,1,3,0,18,0,0,0,0,0,0,1,1,15,1,17,4,-1,-1,-1,2,1
200501EO41269,2,19,0,6,0,0,0,0,0,0,3,1,15,1,21,5,1753,2,14,1,1
200501EO41270,1,2,0,18,0,1,0,0,0,0,1,1,15,1,19,4,-1,-1,-1,-1,-1
200501EO41270,2,9,0,18,0,2,0,0,0,0,1,1,15,2,35,6,-1,-1,-1,4,1
200501EO41271,1,9,0,18,0,3,0,0,0,0,3,1,15,2,40,7,1896,2,8,4,1
200501EO41271,2,1,0,18,0,3,0,0,0,0,1,1,15,1,25,5,-1,-1,-1,6,1
200501EO41272,1,1,0,18,0,3,0,0,0,0,1,1,15,1,28,6,-1,-1,-1,3,1
200501EO41272,2,9,0,9,0,3,0,0,0,0,3,1,15,1,-1,-1,1834,1,9,-1,-1
200501EO41273,1,3,0,18,0,1,0,0,0,0,0,1,15,1,25,5,-1,-1,-1,3,1
200501EO41274,1,3,0,18,0,0,1,0,0,0,0,1,15,1,18,4,124,1,3,-1,-1
200501EO41274,2,9,0,2,0,0,0,0,0,0,0,1,15,3,-1,-1,-1,-1,-1,-1,-1
200501EO41275,1,9,0,18,0,0,0,0,0,0,1,1,15,1,27,6,-1,-1,-1,-1,-1
200501EO41275,2,9,0,2,0,0,0,0,0,0,2,1,15,3,-1,-1,-1,-1,-1,-1,-1
200501EO41275,3,9,0,2,0,0,0,0,0,0,2,1,15,3,-1,-1,-1,-1,-1,-1,-1
200501EO41275,4,9,0,2,0,0,0,0,0,0,2,1,15,3,-1,-1,1289,1,6,-1,-1
200501EO41276,1,9,0,18,0,1,0,0,0,0,3,1,15,1,40,7,1587,1,6,3,1
200501EO41276,2,20,0,6,0,8,0,0,0,0,4,1,15,2,57,9,-1,2,8,6,1
200501EO41277,1,9,0,5,0,8,0,0,0,0,3,1,15,1,37,7,-1,-1,-1,-1,-1
200501EO41277,2,9,0,18,0,8,0,0,0,0,1,1,15,1,61,9,1951,2,4,-1,-1
200501EO41278,1,21,0,9,0,1,0,0,0,0,2,1,15,1,70,10,6871,2,7,-1,-1
200501EO41278,2,3,0,18,0,1,1,0,0,0,1,1,15,1,35,6,124,1,-1,7,1
200501EO41279,1,5,0,18,0,8,0,0,0,0,3,1,15,1,39,7,650,1,16,-1,1
200501EO41280,1,9,0,18,0,3,0,10,7,10,1,1,15,1,26,6,1794,1,13,2,1
200501EO41281,1,9,0,18,0,3,0,0,0,0,4,1,15,1,63,9,-1,-1,-1,-1,-1
200501EO41281,2,1,0,18,0,3,0,0,0,0,3,1,15,2,42,7,-1,-1,-1,4,1
200501EO41283,1,5,0,18,0,3,0,0,0,0,1,1,15,1,31,6,740,1,11,2,1
200501EO41285,1,9,0,18,0,0,0,0,0,0,1,1,15,1,-1,-1,-1,-1,-1,-1,-1
200501EO41286,1,8,0,18,0,1,0,0,0,0,4,1,15,1,46,8,1794,1,5,-1,-1
200501EO41286,2,9,0,7,0,1,0,0,0,0,1,1,15,3,-1,-1,-1,-1,-1,-1,-1
200501EO41287,1,9,0,18,0,0,0,0,0,0,1,1,15,2,61,9,1898,1,2,6,1
200501EO41287,2,9,0,2,0,0,0,0,0,0,2,1,15,1,-1,-1,-1,-1,-1,1,1
200501EO41288,1,9,0,17,0,3,0,10,7,7,3,1,15,1,26,6,1769,2,16,-1,-1
200501EO41289,1,9,0,18,0,8,0,0,0,0,4,1,15,1,26,6,-1,-1,-1,3,1
200501EO41289,2,9,0,18,0,8,0,0,0,0,1,1,15,1,51,8,1998,1,10,1,1
200501EO41290,1,9,0,9,0,1,0,0,0,0,4,1,15,3,-1,-1,1590,1,10,-1,-1
200501EO41291,1,11,0,5,0,0,0,0,0,0,1,1,1,1,26,6,5900,2,7,4,1
200501EO41292,1,3,0,18,0,8,0,0,0,0,1,1,15,3,-1,-1,-1,3,-1,-1,-1
200501EO41293,1,9,0,6,0,1,0,0,0,0,3,1,15,1,32,6,1800,1,5,2,1
200501EO41293,2,5,0,18,0,1,0,0,0,0,1,1,15,1,56,9,-1,-1,-1,1,1
200501EO41294,1,5,0,18,0,0,0,0,0,0,3,1,15,1,33,6,-1,-1,-1,10,1
200501EO41295,1,9,0,9,0,8,0,0,0,0,1,1,15,1,23,5,1296,1,23,6,1
200501EO41295,2,9,0,18,0,8,0,0,0,0,1,1,15,1,-1,-1,-1,-1,-1,-1,-1
200501EO41296,1,1,0,18,0,3,0,0,0,0,1,1,15,1,28,6,-1,-1,-1,4,1
200501EO41296,2,9,0,18,0,3,0,0,0,0,3,1,15,1,-1,-1,1781,1,7,-1,-1
200501EO41297,1,9,0,3,0,0,0,0,0,0,1,1,15,2,45,7,-1,-1,-1,3,1
200501EO41297,2,11,0,3,0,0,0,0,0,0,2,1,15,1,-1,-1,-1,-1,-1,-1,-1
200501EO41298,1,1,0,5,0,1,0,0,0,0,2,1,15,1,29,6,-1,-1,-1,3,1
200501EO41298,2,11,0,18,0,1,0,0,0,0,1,1,1,1,45,7,6370,2,1,2,1
200501EO41299,1,1,0,18,0,8,0,0,0,0,2,1,15,1,40,7,-1,-1,-1,2,1
200501EO41299,2,5,0,18,0,1,0,0,0,0,1,1,15,3,-1,-1,-1,-1,-1,-1,-1
200501EO41300,1,2,0,18,0,1,1,0,0,0,0,1,15,1,46,8,49,1,3,7,1
200501EO41301,1,9,0,11,0,1,0,7,0,0,4,1,15,2,64,9,1275,1,11,7,1
200501EO41301,2,11,0,12,0,1,0,0,0,0,3,1,1,1,43,7,-1,-1,-1,-1,-1
200501EO41302,1,9,0,18,0,0,0,0,0,0,2,1,15,2,-1,-1,-1,-1,-1,6,1
200501EO41302,2,9,0,18,0,0,0,0,0,0,1,1,15,2,-1,-1,1900,2,5,2,1
200501EO41302,3,9,0,18,0,0,0,0,0,0,2,1,15,1,-1,-1,2316,1,16,9,1
200501EO41303,1,19,0,9,0,8,0,0,0,0,4,1,15,1,18,4,1686,2,4,9,1
200501EO41303,2,9,0,18,2,8,0,0,0,0,1,1,15,1,-1,-1,1388,1,14,-1,-1
200501EO41304,1,3,0,18,0,8,0,0,0,0,1,1,15,1,28,6,-1,-1,-1,-1,-1
200501EO41304,2,9,0,9,0,8,0,0,0,0,4,1,15,1,44,7,-1,-1,-1,-1,-1
200501EO41305,1,9,0,1,0,3,0,0,0,0,2,1,15,1,31,6,-1,-1,-1,3,1
200501EO41307,1,9,0,9,0,3,0,0,0,0,1,1,15,1,30,6,-1,-1,-1,3,1
200501EO41308,1,9,0,9,0,3,0,0,0,0,1,1,15,1,37,7,1124,1,13,-1,-1
200501EO41308,2,1,0,18,0,3,0,0,0,0,3,1,15,2,27,6,-1,-1,-1,1,1
200501EO41309,1,9,0,18,0,3,0,0,0,0,1,1,15,1,-1,-1,3960,1,8,7,1
200501EO41310,1,5,0,18,0,1,1,0,0,0,3,1,15,1,30,6,1100,1,6,7,3
200501EO41311,1,5,0,18,0,0,0,0,0,0,1,1,15,1,36,7,-1,-1,-1,2,1
200501EO41311,2,9,0,11,0,0,0,0,0,0,3,1,15,1,37,7,1360,1,1,8,1
200501EO41312,1,9,0,9,0,8,0,0,0,0,1,1,15,2,55,8,1896,2,6,3,1
200501EO41313,1,9,0,18,0,1,0,0,0,0,4,1,15,1,52,8,-1,-1,-1,3,1
200501EO41313,2,9,0,12,0,1,0,0,0,0,3,1,15,1,-1,-1,-1,-1,-1,-1,-1
200501EO41314,1,3,0,13,0,1,0,0,3,0,1,1,15,1,41,7,125,1,1,7,1
200501EO41314,2,9,0,9,0,1,0,10,0,0,1,1,15,1,35,6,1896,2,8,2,1
200501EO41316,1,9,0,18,0,1,0,0,0,0,2,1,15,1,37,7,-1,-1,-1,-1,-1
200501EO41316,2,9,0,18,0,1,0,0,0,0,1,1,15,1,50,8,-1,-1,-1,-1,-1
200501EO41319,1,9,0,18,0,1,0,0,0,0,2,1,15,2,34,6,1598,1,-1,3,1
200501EO41319,2,9,0,18,0,1,0,0,0,0,1,1,15,2,31,6,1108,1,10,1,1
200501EO41320,1,1,0,18,0,3,0,0,0,0,2,1,15,2,30,6,-1,-1,-1,2,1
200501EO41320,2,9,0,18,0,3,0,0,0,0,1,1,15,1,-1,-1,-1,-1,-1,-1,-1
200501EO41322,1,5,0,7,0,8,0,0,0,0,0,1,15,1,30,6,647,1,-1,5,1
200501EO41323,1,9,0,4,0,1,0,0,0,0,2,1,15,1,40,7,1896,2,-1,3,1
200501EO41323,2,9,0,18,0,1,0,0,0,0,1,1,15,2,24,5,1390,1,4,2,1
200501EO41324,1,9,0,9,0,8,0,0,0,0,1,1,15,1,41,7,1998,2,-1,2,1
200501EO41325,1,3,0,3,0,0,0,0,0,0,2,1,15,1,37,7,102,1,1,3,1
200501EO41325,2,9,0,18,0,0,0,0,0,0,1,1,15,2,-1,-1,-1,-1,-1,-1,-1
200501EO41326,1,1,0,18,0,8,0,0,0,0,1,1,15,1,21,5,-1,-1,-1,2,1
200501EO41326,2,9,0,7,0,8,0,0,0,0,4,1,15,1,-1,-1,1686,2,9,-1,-1
200501EO41327,1,5,0,5,0,8,0,0,0,0,1,1,15,1,51,8,-1,-1,-1,-1,-1
200501EO41328,1,1,0,18,2,8,0,0,0,0,1,1,15,1,30,6,-1,-1,-1,4,1
200501EO41328,2,9,0,9,0,8,0,0,0,0,4,1,15,2,-1,-1,1781,1,12,-1,-1
200501EO41330,1,3,0,14,0,2,0,0,0,0,1,1,15,1,20,4,124,1,-1,4,1
200501EO41331,1,8,0,18,0,1,0,0,0,0,1,1,15,1,-1,-1,-1,-1,-1,-1,-1
200501EO41331,2,90,0,18,0,1,0,0,0,0,4,1,15,1,44,7,-1,-1,-1,4,1
200501EO41332,1,9,0,5,0,2,0,0,0,0,1,1,15,1,29,6,-1,-1,-1,4,1
200501EO41333,1,1,0,17,0,8,0,0,0,0,4,1,15,2,27,6,-1,-1,-1,8,1
200501EO41333,2,9,0,18,0,8,0,0,0,0,1,1,15,1,48,8,-1,-1,-1,6,1
200501EO41334,1,9,0,9,0,8,0,0,0,0,3,1,15,1,42,7,1781,1,17,6,1
200501EO41334,2,5,0,13,0,8,0,0,0,0,1,1,15,1,24,5,535,1,12,4,1
200501EO41335,1,9,0,4,0,0,0,0,0,0,2,1,15,2,33,6,1364,1,1,2,1
200501EO41335,2,5,0,18,0,0,0,0,0,0,1,1,15,1,-1,-1,599,1,7,-1,-1
200501EO41336,1,3,0,18,0,1,0,0,0,0,1,1,15,2,26,6,124,1,3,7,1
200501EO41336,2,9,0,9,0,1,0,0,0,0,4,1,15,1,26,6,1998,1,3,4,1
200501EO41337,1,9,0,18,0,0,0,0,0,0,3,1,15,1,36,7,2499,2,7,9,1
200501EO41337,2,5,0,18,0,0,0,0,0,0,1,1,15,1,28,6,599,1,6,1,1
200501EO41338,1,3,0,18,0,1,1,0,0,0,0,1,15,1,33,6,124,1,-1,3,1
200501EO41338,2,9,0,7,0,1,0,0,0,0,0,1,15,3,-1,-1,-1,-1,-1,-1,-1
200501EO41340,1,9,0,2,0,0,0,0,0,0,3,1,15,1,42,7,-1,-1,-1,8,1
200501EO41340,2,1,0,18,0,0,0,0,0,0,1,1,15,1,25,5,-1,-1,-1,2,1
200501EO41341,1,1,0,18,0,0,0,0,0,0,1,1,15,1,21,5,-1,-1,-1,6,1
200501EO41342,1,21,0,4,0,0,2,0,0,0,4,1,1,1,51,8,-1,-1,-1,2,1
200501EO41343,1,9,0,4,0,8,0,0,0,0,2,1,15,2,36,7,1242,1,7,-1,-1
200501EO41343,2,9,0,18,0,8,0,0,0,0,1,1,15,2,38,7,1596,1,8,-1,-1
200501EO41344,1,8,0,2,2,0,0,0,0,0,2,2,1,1,48,8,2664,2,7,7,1
200501EO41344,2,9,0,14,0,0,0,0,0,0,1,1,15,2,38,7,1124,1,1,2,1
200501EO41345,1,1,0,18,0,3,0,0,0,0,3,1,15,1,19,4,-1,-1,-1,-1,-1
200501EO41345,2,9,0,18,0,3,0,0,0,0,1,1,15,2,19,4,1598,1,2,-1,-1
200501EO41346,1,5,0,18,0,1,1,0,0,0,0,1,15,1,43,7,652,1,26,5,1
200501EO41347,1,19,0,9,0,8,0,0,0,0,1,1,1,3,-1,-1,1753,2,3,-1,-1
200501EO41349,1,9,0,18,0,1,0,0,0,0,1,1,15,2,26,6,1360,1,3,-1,-1
200501EO41349,2,1,0,18,0,1,0,0,0,0,3,1,15,1,45,7,-1,-1,-1,-1,-1
200501EO41350,1,1,0,18,0,0,0,0,0,0,2,1,15,1,28,6,-1,-1,-1,2,1
200501EO41350,2,19,0,18,0,0,0,0,0,0,1,1,15,1,-1,-1,-1,-1,-1,-1,-1
200501EO41351,1,4,0,9,0,8,1,0,0,0,3,1,15,1,30,6,-1,-1,-1,-1,-1
200501EO41351,2,21,0,18,0,1,1,0,0,0,3,1,1,2,65,9,7685,2,5,2,1
200501EO41352,1,1,0,18,0,8,0,0,0,0,1,1,15,2,41,7,-1,-1,-1,2,1
200501EO41352,2,9,0,2,0,1,0,0,0,0,3,1,15,3,-1,-1,1998,1,8,-1,-1
200501EO41353,1,9,0,18,0,1,0,0,0,0,1,1,15,1,46,8,1598,1,1,3,1
200501EO41353,2,9,0,4,0,1,0,0,0,0,2,1,15,2,26,6,1389,1,5,-1,-1
200501EO41354,1,9,0,6,0,0,0,1,0,0,3,1,15,1,59,9,1905,2,8,6,1
200501EO41354,2,3,0,18,0,0,0,1,0,0,4,1,15,2,46,8,-1,-1,-1,7,1
200501EO41355,1,9,0,13,0,2,0,0,0,0,4,1,15,1,30,6,1761,1,7,3,1
200501EO41355,2,9,0,1,0,1,0,0,0,0,1,1,15,2,25,5,1781,1,12,1,1
200501EO41355,3,9,0,4,0,1,0,0,0,0,0,1,15,3,-1,-1,1560,2,-1,-1,-1
200501EO41356,1,11,0,5,0,0,0,0,0,0,1,1,1,1,-1,-1,-1,-1,-1,-1,-1
200501EO41357,1,9,0,18,0,1,0,0,0,0,4,1,15,1,-1,-1,-1,-1,-1,-1,-1
200501EO41357,2,1,0,18,0,1,0,0,0,0,3,1,15,1,11,3,-1,-1,-1,-1,-1
200501EO41358,1,11,0,3,0,0,0,0,0,0,0,1,15,1,63,9,7300,2,-1,4,1
200501EO41359,1,9,0,18,0,0,0,10,7,10,1,1,15,1,33,6,1396,1,12,1,1
200501EO41360,1,4,0,18,0,0,0,0,0,0,1,1,15,1,-1,-1,-1,-1,-1,-1,-1
200501EO41361,1,9,0,1,0,0,0,0,0,0,2,1,15,1,32,6,2498,1,8,4,1
200501EO41362,1,1,0,18,0,8,0,0,0,0,1,1,15,1,34,6,-1,-1,-1,4,1
200501EO41362,2,20,0,6,0,8,0,0,0,0,1,1,15,1,-1,-1,-1,-1,-1,-1,-1
200501EO41363,1,9,0,18,0,8,0,0,0,0,1,1,15,2,62,9,-1,-1,-1,6,1
200501EO41363,2,3,0,18,0,8,0,0,0,0,4,1,15,1,29,6,124,1,3,4,1
200501EO41364,1,3,0,18,0,8,0,0,0,0,1,1,15,1,23,5,85,1,6,4,1
200501EO41364,2,9,0,9,0,8,0,0,0,0,3,1,15,1,39,7,-1,-1,-1,4,1
200501EO41365,1,9,0,18,0,8,1,0,1,2,1,1,15,1,31,6,1997,2,4,3,1
200501EO41365,2,9,0,6,0,8,0,0,0,0,1,1,15,2,-1,-1,1390,1,2,8,1
200501EO41367,1,9,0,18,0,0,0,0,0,0,1,1,15,1,50,8,1951,2,-1,2,1
200501EO41370,1,1,0,18,0,8,0,0,0,0,3,1,15,1,45,7,-1,-1,-1,-1,-1
200501EO41370,2,19,0,7,0,8,0,0,0,0,1,1,15,1,-1,-1,2402,2,4,-1,-1
200501EO41371,1,9,0,18,0,0,0,0,0,0,1,1,15,2,41,7,-1,-1,-1,5,1
200501EO41371,2,9,0,3,0,0,0,0,0,0,2,1,15,1,37,7,-1,-1,-1,-1,-1
200501EO41371,3,9,0,3,0,0,0,0,0,0,2,1,15,1,32,6,2400,2,14,4,1
200501EO41372,1,1,0,18,0,3,0,0,0,0,1,1,15,1,29,6,-1,-1,-1,-1,-1
200501EO41373,1,9,0,18,0,1,0,0,0,0,3,1,15,1,54,8,-1,-1,-1,5,1
200501EO41373,2,9,0,9,0,1,0,0,0,0,1,1,15,1,39,7,-1,-1,-1,6,1
200501EO41374,1,5,0,18,0,3,0,0,0,0,1,1,15,1,33,6,599,1,2,8,1
200501EO41374,2,9,0,9,0,3,0,0,0,0,1,1,15,1,54,8,1597,1,11,7,1
200501EO41375,1,11,0,18,0,0,0,0,0,0,3,1,15,1,29,6,-1,-1,-1,2,1
200501EO41376,1,11,0,4,0,3,0,0,0,0,1,1,15,1,50,8,-1,-1,-1,-1,-1
200501EO41376,2,9,0,6,0,3,0,0,0,0,3,1,15,1,27,6,973,1,5,-1,-1
200501EO41377,1,9,0,18,0,0,0,0,0,0,1,1,15,1,-1,-1,-1,-1,-1,-1,-1
200501EO41378,1,9,0,18,0,8,0,0,0,0,1,1,15,1,32,6,1796,1,8,4,1
200501EO41379,1,2,0,18,0,0,0,10,8,10,1,1,15,1,17,4,-1,-1,-1,-1,-1
200501EO41379,2,9,0,2,0,0,0,0,0,0,1,1,15,2,-1,-1,-1,-1,-1,3,1
200501EO41379,3,9,0,2,0,0,0,0,0,0,2,1,15,1,39,7,1796,1,4,3,1
200501EO41380,1,11,0,4,0,2,0,0,0,0,4,1,15,1,62,9,-1,2,6,-1,-1
200501EO41382,1,8,0,5,0,2,0,0,0,0,1,1,15,1,52,8,2664,2,4,9,1
200501EO41382,2,9,0,18,0,2,0,0,7,1,1,1,15,1,21,5,1598,1,9,9,3
200501EO41383,1,11,0,4,0,2,0,0,0,0,2,1,15,1,50,8,-1,2,6,1,1
200501EO41383,2,8,0,18,0,2,0,0,0,0,1,1,15,1,46,8,1984,1,3,2,1
200501EO41384,1,9,0,2,0,0,0,0,0,0,1,1,15,1,43,7,-1,-1,-1,9,1
200501EO41384,2,9,0,18,0,0,0,0,0,0,4,2,15,1,-1,-1,-1,-1,-1,-1,-1
200501EO41385,1,9,0,10,0,8,0,0,0,0,3,1,15,1,29,6,-1,-1,-1,-1,3
200501EO41385,2,1,0,18,0,8,0,0,0,0,1,1,15,1,40,7,-1,-1,-1,4,1
200501EO41386,1,2,0,18,0,0,0,0,0,0,4,1,15,2,38,7,49,1,1,3,1
200501EO41386,2,9,0,6,0,0,0,0,0,0,3,1,15,1,64,9,-1,-1,-1,8,1
200501EO41387,1,9,0,9,0,0,0,0,0,0,1,1,15,1,34,6,-1,-1,-1,-1,-1
200501EO41387,2,1,0,18,0,0,0,0,0,0,1,1,15,1,46,8,-1,-1,-1,-1,-1
200501EO41388,1,9,0,9,0,8,0,0,0,0,4,1,15,1,28,6,-1,-1,-1,10,1
200501EO41388,2,9,0,18,0,8,0,0,0,0,1,1,15,2,43,7,-1,-1,-1,5,1
200501EO41389,1,19,0,15,0,1,0,0,0,0,1,1,15,1,47,8,2151,2,-1,2,1
200501EO41389,2,8,0,18,0,2,0,0,0,0,1,1,1,1,53,8,2664,2,12,4,1
200501EO41390,1,9,0,18,0,0,0,0,0,0,1,1,15,1,33,6,1951,2,1,5,1
200501EO41391,1,8,0,18,0,8,0,0,0,0,1,1,15,1,-1,-1,2664,2,7,5,1
200501EO41391,2,11,0,9,0,8,0,0,0,0,4,1,1,1,31,6,8268,2,2,2,1
200501EO41392,1,9,0,9,0,8,0,0,0,0,1,1,15,1,36,7,-1,-1,-1,9,1
200501EO41392,2,3,0,18,0,8,0,0,0,0,1,1,15,1,23,5,-1,-1,-1,3,1
200501EO41393,1,5,0,18,0,1,1,0,0,0,1,1,15,2,36,7,-1,-1,-1,7,1
200501EO41394,1,11,0,18,0,0,0,0,0,0,0,1,1,1,-1,-1,-1,-1,-1,-1,-1
200501EO41395,1,11,0,18,0,3,0,0,0,0,1,1,15,1,-1,-1,-1,-1,-1,-1,-1
200501EO41396,1,9,0,18,0,1,1,0,0,0,1,1,15,2,39,7,3199,1,8,2,1
200501EO41397,1,11,0,18,0,4,0,0,0,0,0,1,1,1,40,7,7300,2,2,2,1
200501EO41398,1,3,0,18,0,1,0,0,0,0,0,1,15,1,26,6,124,1,7,3,1
200501EO41399,1,8,0,18,0,1,0,0,0,0,1,1,15,1,52,8,2402,2,1,10,1
200501EO41399,2,8,0,4,0,1,0,0,0,0,2,1,15,1,47,8,2664,2,9,7,1
200501EO41400,1,19,0,2,0,1,0,0,0,0,3,1,15,1,20,4,-1,-1,-1,9,1
200501EO41400,2,19,0,14,0,1,0,4,0,0,4,1,1,1,39,7,2500,2,4,1,1
200501EO41401,1,9,0,18,0,1,0,0,0,0,1,1,15,2,37,7,1341,1,2,2,1
200501EO41402,1,3,0,13,0,1,0,0,0,0,4,1,15,1,25,5,85,1,5,-1,-1
200501EO41402,2,9,0,9,0,8,0,0,0,0,1,1,15,1,41,7,-1,-1,-1,2,1
200501EO41403,1,9,0,4,0,2,0,0,0,0,2,1,15,2,45,7,1299,1,3,2,1
200501EO41403,2,9,0,18,0,2,0,0,0,0,1,1,15,1,-1,-1,2597,1,3,-1,-1
200501EO41404,1,5,0,18,0,0,0,0,0,0,1,1,2,1,28,6,-1,-1,-1,5,1
200501EO41404,2,9,0,5,0,0,0,0,0,0,4,1,15,1,32,6,1296,1,6,1,1
200501EO41405,1,3,0,14,0,8,0,0,0,0,4,1,15,1,17,4,-1,-1,-1,-1,-1
200501EO41405,2,9,0,9,0,8,0,0,0,0,3,1,15,1,30,6,1598,1,1,1,1
200501EO41406,1,19,0,9,0,8,0,0,0,0,3,1,15,1,32,6,-1,-1,-1,2,1
200501EO41406,2,1,0,15,0,8,0,0,0,0,4,1,15,1,42,7,-1,-1,-1,-1,-1
200501EO41407,1,9,0,9,0,8,0,0,0,0,2,1,15,1,71,10,1389,1,11,2,1
200501EO41407,2,3,0,18,0,8,1,0,7,0,1,1,15,1,33,6,-1,-1,-1,-1,-1
200501EO41408,1,4,0,18,0,0,0,0,0,0,1,1,15,3,-1,-1,-1,-1,-1,-1,-1
200501EO41409,1,1,0,18,0,1,0,0,0,0,4,1,15,1,39,7,-1,-1,-1,-1,-1
200501EO41409,2,19,0,15,2,1,0,0,0,0,3,1,15,1,-1,-1,-1,-1,-1,-1,-1
200501EO41410,1,1,0,18,0,2,0,0,0,0,3,1,15,1,38,7,-1,-1,-1,6,1
200501EO41410,2,21,0,13,0,2,0,0,0,0,4,1,1,1,-1,-1,-1,-1,-1,-1,-1
200501EO41411,1,9,0,18,0,0,0,0,0,0,2,1,15,2,39,7,1595,1,5,1,1
200501EO41411,2,9,0,18,0,0,0,0,0,0,1,1,15,1,-1,-1,-1,-1,-1,-1,-1
200501EO41412,1,19,0,9,0,8,0,0,0,0,3,1,15,1,22,5,2151,2,2,-1,-1
200501EO41412,2,2,0,13,0,8,0,0,0,0,1,1,15,1,25,5,50,1,3,3,1
200501EO41413,1,11,0,9,0,8,0,10,1,2,1,1,1,1,43,7,-1,2,6,1,1
200501EO41414,1,20,0,18,0,1,0,0,0,0,3,1,1,1,27,6,4250,2,2,2,1
200501EO41415,1,5,0,18,0,1,0,0,0,0,3,1,15,1,52,8,1084,1,9,8,1
200501EO41416,1,9,0,18,0,8,0,0,0,0,1,1,15,1,24,5,-1,-1,-1,3,1
200501EO41416,2,9,0,18,0,8,0,0,0,0,1,1,15,1,38,7,-1,-1,-1,2,1
200501EO41417,1,8,0,9,0,8,0,0,0,0,3,1,1,1,53,8,2664,2,8,-1,-1
200501EO41417,2,1,0,18,0,8,0,0,0,0,1,1,15,1,-1,-1,-1,-1,-1,10,1
200501EO41418,1,19,0,1,0,8,0,0,0,0,2,1,15,1,-1,-1,-1,-1,-1,-1,-1
200501EO41419,1,11,0,18,0,0,0,0,0,0,0,1,15,3,-1,-1,-1,-1,-1,-1,-1
200501EO41420,1,3,0,14,0,8,0,0,0,0,1,1,15,1,20,4,125,1,7,8,1
200501EO41420,2,9,0,9,0,8,0,0,0,0,3,1,15,2,46,8,2967,1,2,6,1