Accident_Index,Vehicle_Reference,Vehicle_Type,Towing_and_Articulation,Vehicle_Manoeuvre,Vehicle_Location_Restricted_Lane,Junction_Location,Skidding_and_Overturning,Hit_Object_in_Carriageway,Vehicle_Leaving_Carriageway,Hit_Object_off_Carriageway,1st_Point_of_Impact,Was_Vehicle_Left_Hand_Drive?,Journey_Purpose_of_Driver,Sex_of_Driver,Age_of_Driver,Age_Band_of_Driver,Engine_Capacity_(CC),Propulsion_Code,Age_of_Vehicle,Driver_IMD_Decile,Driver_Home_Area_Type
200501EO41421,1,1,0,18,0,5,0,0,0,0,1,1,15,1,36,7,-1,-1,-1,3,1
200501EO41422,1,9,0,18,0,0,0,0,0,0,1,1,15,1,43,7,-1,-1,-1,5,1
200501EO41422,2,9,0,18,0,0,0,0,0,0,2,1,15,2,53,8,1781,1,4,9,3
200501EO41424,1,9,0,2,0,1,0,0,0,0,1,1,15,2,-1,-1,1781,1,16,3,1
200501EO41424,2,9,0,18,0,2,0,0,0,0,4,1,15,1,31,6,-1,-1,-1,4,1
200501EO41424,3,9,0,2,0,1,0,0,0,0,4,1,15,1,30,6,-1,-1,-1,3,1
200501EO41424,4,9,0,2,0,1,0,0,0,0,2,1,15,1,-1,-1,-1,-1,-1,2,1
200501EO41425,1,9,0,18,0,0,0,0,0,0,2,1,15,1,39,7,1896,2,-1,-1,-1
200501EO41425,2,9,0,18,0,0,1,0,0,0,1,1,15,1,-1,-1,-1,-1,-1,8,1
200501EO41426,1,1,0,18,0,1,0,0,0,0,3,1,15,2,26,6,-1,-1,-1,7,1
200501EO41426,2,9,0,9,0,1,0,0,0,0,1,1,15,2,-1,-1,1951,2,2,6,3
200501EO41427,1,3,0,18,0,6,0,4,0,0,1,1,15,1,23,5,124,1,2,-1,-1
200501EO41427,2,9,0,14,0,1,0,4,0,0,3,1,15,2,-1,-1,1798,1,7,3,1
200501EO41428,1,9,0,18,0,0,0,0,0,0,4,1,15,2,33,6,1390,1,3,9,1
200501EO41429,1,9,0,9,0,8,0,0,0,0,1,1,15,1,62,9,1995,1,9,1,1
200501EO41429,2,4,0,18,0,8,1,0,1,10,1,1,15,1,29,6,-1,-1,-1,2,1
200501EO41430,1,11,0,4,0,2,0,0,0,0,0,1,1,1,34,6,-1,2,7,1,1
200501EO41431,1,4,0,18,0,8,0,0,0,0,1,1,15,1,27,6,398,1,15,5,1
200501EO41431,2,20,0,7,0,8,0,0,0,0,4,1,15,1,36,7,-1,-1,-1,4,1
200501EO41432,1,11,0,7,0,8,0,0,0,0,4,1,1,1,57,9,-1,2,6,2,1
200501EO41434,1,8,0,18,0,8,0,0,0,0,4,1,1,1,49,8,1995,2,-1,2,1
200501EO41435,1,9,0,4,0,1,0,0,0,0,2,1,15,1,25,5,1598,1,10,2,1
200501EO41435,2,9,0,4,0,1,0,0,0,0,2,1,15,1,22,5,1721,1,16,1,1
200501EO41435,3,9,0,18,0,1,0,0,0,0,1,1,15,3,-1,-1,-1,-1,-1,-1,-1
200501EO41436,1,9,0,2,0,0,0,0,0,0,3,1,15,1,36,7,-1,-1,-1,7,1
200501EO41436,2,1,0,18,0,0,0,0,0,0,1,1,15,2,28,6,-1,-1,-1,-1,-1
200501EO41438,1,5,0,4,0,1,0,0,0,0,0,1,15,1,31,6,599,1,-1,3,1
200501EO41438,2,9,0,7,0,8,0,0,0,0,0,1,15,1,55,8,1597,1,14,-1,-1
200501EO41439,1,9,0,18,0,0,0,0,0,0,4,1,15,1,40,7,1762,1,6,3,1
200501EO41439,2,11,0,18,0,0,0,0,0,0,3,1,1,3,-1,-1,-1,-1,-1,-1,-1
200501EO41440,1,9,0,9,0,8,0,0,0,0,4,1,15,1,43,7,1997,2,-1,1,1
200501EO41440,2,3,0,18,0,8,0,0,0,0,1,1,15,2,30,6,124,1,1,5,1
200501EO41441,1,9,0,2,0,0,0,0,0,0,3,1,15,1,26,6,1800,1,6,4,1
200501EO41441,2,1,0,18,0,0,0,0,0,0,1,1,15,2,33,6,-1,-1,-1,-1,-1
200501EO41442,1,9,0,3,0,0,0,0,0,0,2,1,15,1,41,7,-1,-1,-1,2,1
200501EO41442,2,19,0,18,0,0,0,0,0,0,1,1,15,1,40,7,2496,2,6,2,1
200501EO41442,3,9,0,3,0,0,0,0,0,0,2,1,15,1,54,8,-1,-1,-1,3,1
200501EO41443,1,9,0,2,0,1,0,0,0,0,3,1,15,2,35,6,3960,1,12,2,1
200501EO41443,2,21,0,18,0,1,0,0,0,0,4,1,1,1,55,8,5480,2,12,1,1
200501EO41444,1,9,0,7,0,8,0,0,0,0,3,1,15,3,-1,-1,-1,-1,-1,-1,-1
200501EO41445,1,8,0,18,0,8,0,0,0,0,1,1,15,1,38,7,2792,1,3,8,1
200501EO41445,2,9,0,9,0,8,0,0,0,0,4,1,15,1,41,7,-1,-1,-1,4,1
200501EO41446,1,19,0,18,0,0,0,0,0,0,1,1,15,1,27,6,1753,2,2,2,1
200501EO41447,1,11,0,18,0,0,0,0,0,0,1,1,1,2,27,6,8268,2,1,2,1
200501EO41448,1,11,0,18,0,1,0,0,0,0,0,1,1,1,49,8,-1,2,7,2,1
200501EO41449,1,11,0,3,0,8,0,0,0,0,0,1,1,1,59,9,6370,2,1,5,3
200501EO41450,1,9,0,17,0,0,0,0,0,0,4,1,1,2,38,7,1299,1,9,2,1
200501EO41450,2,11,0,17,0,0,0,0,0,0,3,1,15,1,-1,-1,5883,2,4,-1,-1
200501EO41451,1,9,0,1,0,0,0,0,0,0,2,1,15,1,32,6,1997,2,4,4,1
200501EO41452,1,9,0,18,0,8,0,0,0,0,1,1,15,1,41,7,-1,-1,-1,2,1
200501EO41452,2,9,0,9,0,8,0,0,0,0,4,1,15,1,62,9,-1,-1,-1,8,3
200501EO41453,1,9,0,2,0,8,0,0,0,0,3,1,15,1,43,7,2793,1,4,10,1
200501EO41453,2,1,0,18,0,8,0,0,0,0,1,1,15,1,41,7,-1,-1,-1,-1,-1
200501EO41455,1,3,0,18,0,1,0,0,0,0,1,1,15,1,20,4,-1,-1,-1,8,1
200501EO41456,1,9,0,9,0,8,0,0,0,0,4,1,15,2,40,7,1275,1,8,1,1
200501EO41456,2,1,0,18,0,8,1,0,0,0,1,1,15,1,26,6,-1,-1,-1,3,1
200501EO41458,1,9,0,3,0,1,0,0,0,0,2,1,15,1,42,7,-1,-1,-1,2,1
200501EO41458,2,9,0,18,0,1,0,0,0,0,1,1,15,1,-1,-1,3956,1,6,-1,-1
200501EO41459,1,1,0,18,0,8,0,0,0,0,3,1,15,1,27,6,-1,-1,-1,5,1
200501EO41459,2,9,0,9,0,8,0,0,0,0,3,1,15,1,-1,-1,1199,1,1,-1,-1
200501EO41460,1,19,0,18,0,1,0,0,0,0,1,1,15,1,-1,-1,1870,2,7,-1,-1
200501EO41460,2,1,0,18,0,1,0,0,0,0,2,1,15,1,18,4,-1,-1,-1,1,1
200501EO41463,1,9,0,18,0,8,1,0,0,0,3,1,15,2,26,6,1400,1,6,1,1
200501EO41463,2,9,0,9,0,8,0,0,0,0,3,1,15,1,58,9,-1,-1,-1,1,1
200501EO41464,1,9,0,1,0,1,0,0,0,0,2,1,15,1,-1,-1,1598,1,-1,3,1
200501EO41465,1,9,0,18,0,0,0,0,0,0,4,1,15,1,30,6,-1,-1,-1,3,1
200501EO41466,1,11,0,18,0,0,0,0,0,0,1,1,1,1,-1,-1,-1,-1,-1,-1,-1
200501EO41466,2,1,0,18,0,0,0,0,0,0,2,1,15,1,16,4,-1,-1,-1,2,1
200501EO41467,1,19,0,2,0,0,0,0,0,0,3,1,15,1,37,7,2151,2,3,1,1
200501EO41467,2,1,0,18,0,0,0,0,0,0,1,1,15,1,22,5,-1,-1,-1,5,1
200501EO41467,3,9,0,18,0,0,0,0,0,0,3,1,15,1,22,5,-1,-1,-1,5,1
200501EO41468,1,9,0,18,0,8,0,0,0,0,1,1,15,1,46,8,-1,-1,-1,7,1
200501EO41468,2,19,0,9,0,8,0,0,0,0,1,1,15,1,36,7,2402,2,4,1,1
200501EO41469,1,11,0,18,0,0,0,0,0,0,0,1,1,1,41,7,-1,2,6,2,1
200501EO41469,2,1,0,18,0,0,0,0,0,0,0,1,15,1,-1,-1,-1,-1,-1,-1,-1
200501EO41470,1,11,0,7,0,8,0,0,0,0,4,1,15,1,47,8,8268,2,2,3,1
200501EO41471,1,9,0,18,0,1,0,0,0,0,1,1,15,1,-1,-1,-1,-1,-1,3,1
200501EO41472,1,9,0,18,0,8,0,0,0,0,1,1,15,2,39,7,1997,2,4,-1,-1
200501EO41472,2,3,0,18,0,8,0,0,0,0,4,1,15,2,28,6,124,1,2,4,1
200501EO41474,1,9,0,18,0,1,0,0,0,0,1,1,15,1,67,10,-1,-1,-1,-1,-1
200501EO41475,1,9,0,18,0,2,0,0,0,0,3,1,15,1,61,9,-1,-1,-1,4,1
200501EO41476,1,9,0,11,0,2,0,0,0,0,4,1,15,1,19,4,1595,1,10,6,1
200501EO41476,2,11,0,18,0,2,0,0,0,0,3,1,1,1,35,6,8268,2,3,3,1
200501EO41477,1,9,0,18,0,2,0,0,0,0,3,1,15,1,63,9,-1,-1,-1,3,1
200501EO41478,1,1,0,18,0,3,0,0,0,0,1,1,15,2,35,6,-1,-1,-1,2,1
200501EO41478,2,9,0,7,0,3,0,0,0,0,1,1,15,1,-1,-1,-1,-1,-1,-1,-1
200501EO41479,1,8,0,5,0,8,0,0,0,0,1,1,15,1,-1,-1,-1,-1,-1,-1,-1
200501EO41479,2,1,0,5,0,8,0,0,0,0,4,1,15,2,26,6,-1,-1,-1,-1,-1
200501EO41481,1,9,0,18,0,1,0,0,0,0,0,1,15,1,20,4,1993,1,17,3,1
200501EO41481,2,9,0,7,0,1,0,0,0,0,4,1,15,1,48,8,1360,1,7,1,1
200501EO41482,1,5,0,18,0,0,0,0,0,0,0,1,15,1,31,6,-1,-1,-1,7,1
200501EO41483,1,9,0,18,0,0,0,0,0,0,1,1,15,3,-1,-1,1397,1,1,-1,-1
200501EO41489,1,1,0,18,0,8,0,0,0,0,1,1,15,1,34,6,-1,-1,-1,3,1
200501EO41489,2,9,0,7,0,8,0,0,0,0,4,1,15,1,37,7,1796,1,9,3,1
200501EO41490,1,3,0,14,0,0,0,0,0,0,1,1,15,1,54,8,125,1,2,5,1
200501EO41490,2,9,0,5,0,0,0,0,0,0,3,1,15,1,44,7,-1,-1,-1,8,2
200501EO41494,1,11,0,4,0,1,0,0,0,0,0,1,1,1,-1,-1,-1,-1,-1,-1,-1
200501EO41500,1,9,0,18,0,8,0,0,0,0,4,1,1,1,51,8,-1,-1,-1,5,1
200501EO41500,2,11,1,18,0,8,0,0,0,0,3,1,1,3,-1,-1,6370,2,-1,-1,-1
200501EO41501,1,11,0,18,0,0,0,0,0,0,0,1,15,1,-1,-1,-1,-1,-1,-1,-1
200501EO41504,1,9,0,18,0,0,0,0,0,0,2,1,15,1,66,10,2300,1,7,3,1
200501EO41504,2,9,0,18,0,0,0,0,0,0,3,2,15,1,26,6,-1,-1,-1,8,1
200501EO41504,3,3,0,13,0,0,0,0,0,0,1,1,15,1,14,3,124,1,5,1,1
200501EO41510,1,8,0,18,0,1,0,0,0,0,4,1,1,1,39,7,2664,2,8,-1,-1
200501EO41517,1,11,0,18,2,2,0,0,0,0,2,1,15,1,-1,-1,3900,2,2,1,1
200501EO41517,2,9,0,18,2,2,0,0,0,0,1,1,15,2,-1,-1,-1,-1,-1,-1,-1
200501EO41521,1,9,0,18,0,2,0,0,0,0,3,1,15,2,18,4,-1,-1,-1,2,1
200501EO49046,1,11,0,18,0,1,0,0,0,0,1,1,15,1,27,6,8268,2,3,-1,-1
200501EO49046,2,9,0,4,0,1,0,0,0,0,2,1,2,1,28,6,-1,-1,-1,-1,-1
200501EO49046,3,9,0,4,0,1,0,0,0,0,3,1,15,1,59,9,1997,2,-1,8,3
200501EO49048,1,2,0,14,0,0,1,0,0,0,0,1,15,1,17,4,49,1,6,1,1
200501EO49079,1,9,0,18,0,0,1,0,0,0,1,1,15,1,49,8,-1,-1,-1,5,1
200501EO49079,2,9,0,18,0,0,0,0,0,0,1,1,15,1,29,6,1800,1,10,7,1
200501EO49079,3,9,0,18,0,0,0,0,0,0,1,1,15,1,-1,-1,-1,-1,-1,-1,-1
200501EO49079,4,9,0,2,0,0,0,0,0,0,4,1,15,1,50,8,1598,1,7,10,1
200501EO49079,5,9,0,2,0,0,0,0,0,0,4,1,15,2,-1,-1,1390,1,10,7,1
200501EO49110,1,9,0,18,0,1,5,0,0,0,1,1,15,1,50,8,1986,1,12,-1,-1
200501EO49111,1,3,0,18,0,1,0,0,0,0,4,1,1,2,21,5,124,1,2,2,1
200501EO49111,2,1,0,18,0,1,0,0,0,0,1,1,1,1,53,8,-1,-1,-1,3,1
200501EO49111,3,8,0,18,0,1,0,0,0,0,4,1,1,1,58,9,2664,2,9,-1,-1
200501EO49113,1,9,0,2,0,0,0,0,0,0,3,1,15,2,47,8,-1,-1,-1,5,1
200501EO49113,2,9,0,18,0,0,0,0,0,0,4,1,15,2,49,8,1994,2,4,5,1
200501EO49113,3,9,0,18,0,0,0,0,0,0,1,1,15,3,-1,-1,1598,1,3,-1,-1
200501EO49113,4,9,0,18,0,0,0,0,0,0,1,1,15,1,28,6,1360,1,10,3,1
200501EO49166,1,9,0,18,0,0,5,0,1,2,1,1,15,2,31,6,1242,1,5,1,1
200501EO49196,1,11,0,18,0,2,0,0,0,0,4,1,15,1,49,8,5883,2,4,2,1
200501EO49238,1,4,0,18,0,1,1,0,0,0,0,1,15,1,39,7,234,1,5,9,1
200501EO49238,2,8,0,14,0,2,0,0,0,0,0,1,1,1,69,10,2664,2,16,6,1
200501EO49253,1,5,0,13,0,0,0,0,0,0,4,1,15,1,54,8,883,1,-1,-1,-1
200501EO49253,2,9,0,2,0,0,0,0,0,0,3,1,15,1,22,5,1587,1,7,2,1
200501EO49253,3,8,0,18,0,0,0,0,0,0,3,1,15,1,-1,-1,1974,2,6,-1,-1
200501FH00001,1,19,0,9,0,8,0,0,0,0,4,1,15,1,51,8,-1,-1,-1,3,1
200501FH00001,2,1,0,18,0,8,0,0,0,0,1,1,15,2,25,5,-1,-1,-1,4,1
200501FH00003,1,9,0,18,0,2,0,0,0,0,1,1,15,1,35,6,1998,1,11,1,1
200501FH00004,1,4,0,9,0,1,0,0,0,0,4,1,15,1,38,7,-1,-1,-1,2,1
200501FH00004,2,4,0,18,0,1,0,0,0,0,1,1,15,1,36,7,-1,-1,-1,9,1
200501FH00005,1,9,0,18,0,1,0,0,0,0,1,1,15,1,30,6,988,1,13,7,1
200501FH00007,1,19,0,7,0,1,0,0,0,0,4,1,15,1,55,8,2299,2,8,6,1
200501FH00010,1,9,0,18,0,1,0,0,0,0,1,1,15,2,51,8,-1,-1,-1,6,1
200501FH00012,1,21,0,9,0,8,0,0,0,0,0,1,1,1,35,6,-1,-1,-1,2,1
200501FH00014,1,9,0,7,0,2,0,0,0,0,2,1,15,1,36,7,1896,2,3,6,1
200501FH00014,2,9,0,7,0,2,0,0,0,0,1,1,15,1,30,6,1781,1,5,8,1
200501FH00014,3,9,0,7,0,2,0,0,0,0,2,1,15,2,-1,-1,-1,-1,-1,-1,-1
200501FH00015,1,5,0,4,0,0,1,0,0,0,1,1,15,1,38,7,-1,-1,-1,10,1
200501FH00015,2,21,0,3,0,0,0,0,0,0,2,1,1,1,40,7,5880,2,2,2,1
200501FH00016,1,5,0,18,0,0,0,0,0,0,1,1,15,1,25,5,598,1,13,3,1
200501FH00018,1,3,0,13,0,8,0,0,0,0,4,1,15,1,28,6,100,1,1,4,1
200501FH00018,2,9,0,6,0,8,0,0,0,0,3,1,15,2,22,5,1392,1,16,5,1
200501FH00019,1,9,0,18,0,0,0,0,0,0,1,1,15,1,44,7,1598,1,5,6,1
200501FH00021,1,1,0,18,0,8,0,0,0,0,1,1,15,1,32,6,-1,-1,-1,5,1
200501FH00021,2,11,0,18,0,8,0,0,0,0,4,1,1,1,35,6,-1,-1,-1,-1,-1
200501FH00022,1,4,0,18,0,8,0,0,0,0,1,1,15,1,48,8,-1,-1,-1,6,1
200501FH00022,2,9,0,9,0,8,0,0,0,0,3,1,15,1,31,6,1796,1,15,4,1
200501FH00023,1,3,0,9,0,8,0,0,0,0,3,1,15,1,42,7,49,1,4,9,1
200501FH00023,2,9,0,9,0,8,0,0,0,0,1,1,15,1,46,8,1997,1,15,6,1
200501FH00025,1,5,0,18,0,8,0,0,0,0,1,1,15,1,-1,-1,-1,-1,-1,7,3
200501FH00026,1,9,0,9,0,2,0,0,0,0,1,1,15,1,64,9,1798,1,4,-1,-1
200501FH00027,1,21,0,9,0,8,0,0,0,0,4,1,1,1,58,9,-1,-1,-1,1,1
200501FH00028,1,9,0,18,0,1,0,0,0,0,1,1,1,1,26,6,-1,-1,-1,2,1
200501FH00029,1,5,0,15,0,0,0,0,0,0,3,1,15,1,41,7,748,1,2,10,1
200501FH00029,2,19,0,11,0,0,0,0,0,0,4,1,15,1,31,6,2188,2,4,-1,-1
200501FH00030,1,9,0,18,0,2,0,0,0,0,1,1,15,3,-1,-1,-1,-1,-1,-1,-1
200501FH00032,1,9,0,9,0,8,0,0,0,0,1,1,15,1,45,7,-1,-1,-1,9,1
200501FH00033,1,9,0,18,0,1,0,0,0,0,1,1,15,1,26,6,1119,1,10,3,1
200501FH00033,2,9,0,3,0,8,0,0,0,0,2,1,15,1,37,7,2826,2,9,-1,-1
200501FH00033,3,9,0,10,0,8,0,0,0,0,2,1,15,1,29,6,2000,1,15,8,2
200501FH00036,1,9,0,18,0,1,0,0,0,0,1,1,15,1,50,8,1985,1,10,-1,-1
200501FH00036,2,9,0,3,0,1,0,0,0,0,2,1,15,2,49,8,1386,1,2,2,1
200501FH00037,1,5,0,15,0,0,0,0,0,0,3,1,15,1,42,7,1261,1,1,-1,-1
200501FH00037,2,9,0,12,0,0,0,0,0,0,4,1,15,2,34,6,-1,-1,-1,6,1
200501FH00038,1,9,0,18,0,1,0,0,0,0,2,1,15,1,24,5,1272,1,15,3,1
200501FH00038,2,9,0,18,0,1,0,0,0,0,1,1,15,1,30,6,2150,1,13,4,1
200501FH00038,3,9,0,18,0,2,0,0,0,0,1,1,15,1,37,7,1598,1,5,3,1
200501FH00038,4,9,0,4,0,1,0,0,0,0,2,1,15,1,35,6,1984,1,12,5,1
200501FH00039,1,19,0,9,0,8,0,0,0,0,1,1,15,2,43,7,-1,-1,-1,4,1
200501FH00039,2,2,0,14,0,8,0,0,0,0,4,1,15,1,33,6,50,1,5,2,1
200501FH00039,3,9,0,2,0,1,0,0,0,0,0,1,15,3,-1,-1,-1,-1,-1,-1,-1
200501FH00040,1,4,0,18,0,0,0,0,0,0,1,1,15,3,-1,-1,-1,-1,-1,-1,-1
200501FH00041,1,2,0,18,0,8,0,0,0,0,4,1,15,1,26,6,49,1,2,4,1
200501FH00041,2,9,0,18,0,8,0,0,0,0,1,1,15,2,25,5,1781,1,11,4,1
200501FH00043,1,1,0,18,0,8,0,0,0,0,3,1,15,2,28,6,-1,-1,-1,3,1
200501FH00043,2,9,0,13,0,8,0,0,0,0,4,1,15,1,-1,-1,-1,-1,-1,-1,-1
200501FH00044,1,9,0,11,0,0,0,0,0,0,4,1,15,2,38,7,-1,-1,-1,3,1
200501FH00044,2,9,0,18,0,0,0,0,0,0,3,1,15,2,27,6,1196,1,9,-1,-1
200501FH00046,1,9,0,18,0,0,0,0,0,0,1,1,15,2,29,6,1299,1,5,6,1
200501FH00046,2,9,0,18,0,0,0,0,0,0,1,1,15,1,-1,-1,1235,1,14,2,1
200501FH00048,1,5,0,18,0,8,1,10,0,0,0,1,15,1,40,7,-1,-1,-1,-1,-1
200501FH00048,2,19,0,12,0,8,0,0,0,0,0,1,15,3,-1,-1,-1,-1,-1,-1,-1
200501FH00049,1,9,0,9,0,8,0,0,0,0,3,1,15,1,43,7,-1,-1,-1,-1,-1
200501FH00049,2,9,0,18,3,8,0,0,0,0,1,1,15,1,50,8,1242,1,1,3,1
200501FH00050,1,4,0,14,0,2,0,0,0,0,4,1,15,1,-1,-1,499,1,7,1,1
200501FH00051,1,3,0,18,0,0,0,0,0,0,1,1,15,1,25,5,125,1,3,2,1
200501FH00052,1,5,0,18,0,0,1,0,0,0,0,1,15,1,40,7,599,1,5,5,1
200501FH00052,2,8,0,2,0,0,0,0,0,0,0,1,1,1,-1,-1,-1,-1,-1,-1,-1
200501FH00053,1,9,0,18,0,0,0,10,1,10,0,1,15,1,22,5,-1,-1,-1,1,1
200501FH00053,2,9,0,11,0,0,0,0,0,0,0,1,15,3,-1,-1,-1,-1,-1,-1,-1
200501FH00054,1,5,0,18,0,0,0,0,0,0,1,1,15,1,44,7,-1,-1,-1,-1,-1
200501FH00054,2,9,0,6,0,0,0,0,0,0,3,1,15,1,39,7,2148,2,1,2,1
200501FH00056,1,10,4,5,0,0,0,0,0,0,4,1,1,1,64,9,2400,2,1,6,1
200501FH00056,2,1,0,15,0,0,0,0,0,0,3,1,15,2,-1,-1,-1,-1,-1,6,1
200501FH00057,1,9,0,18,0,8,0,0,0,0,4,1,15,1,23,5,1781,1,12,4,1
200501FH00057,2,9,0,18,0,8,0,0,4,0,3,1,15,1,40,7,1998,1,7,6,1
200501FH10001,1,20,0,7,0,8,0,0,0,0,4,1,15,1,25,5,4580,2,8,6,1
200501FH10001,2,1,0,18,0,8,0,0,0,0,3,1,15,1,17,4,-1,-1,-1,2,1
200501FH10002,1,9,0,18,0,8,0,0,0,0,4,1,15,1,46,8,1596,1,3,2,1
200501FH10002,2,1,0,18,0,1,0,0,0,0,1,1,15,1,48,8,-1,-1,-1,-1,-1
200501FH10003,1,9,0,18,0,1,0,0,0,0,4,1,15,1,26,6,1781,1,5,2,1
200501FH10003,2,9,0,2,0,1,0,0,0,0,0,1,15,3,-1,-1,-1,-1,-1,-1,-1
200501FH10004,1,9,0,16,0,8,0,0,0,0,0,1,15,1,28,6,-1,-1,-1,7,1
200501FH10005,1,5,0,18,0,0,0,0,0,0,1,1,15,1,38,7,955,1,7,5,1
200501FH10005,2,9,0,9,0,0,0,0,0,0,4,1,15,1,23,5,1299,1,4,1,1
200501FH10006,1,9,0,18,0,8,0,0,0,0,4,1,15,1,22,5,-1,-1,-1,5,1
200501FH10006,2,1,0,18,0,8,0,0,0,0,1,1,15,1,39,7,-1,-1,-1,-1,-1
200501FH10011,1,11,0,4,0,1,0,0,0,0,0,1,1,3,-1,-1,-1,-1,-1,-1,-1
200501FH10012,1,9,0,18,0,0,0,0,0,0,1,1,15,2,37,7,2671,1,3,6,1
200501FH10013,1,3,0,13,0,8,0,0,0,0,1,1,15,1,22,5,124,1,1,-1,-1
200501FH10013,2,9,0,9,0,8,0,0,0,0,3,1,15,1,45,7,1900,2,6,-1,-1
200501FH10014,1,11,0,4,0,2,0,0,0,0,0,1,1,1,25,5,9600,2,10,1,1
200501FH10015,1,3,0,18,0,1,0,0,0,0,4,1,15,2,25,5,124,1,8,4,1
200501FH10016,1,9,0,9,0,8,0,0,0,0,4,1,15,1,25,5,1422,2,3,4,1
200501FH10016,2,2,0,18,0,8,0,0,0,0,1,1,15,2,30,6,50,1,4,3,1
200501FH10017,1,8,0,5,0,8,0,0,0,0,1,1,15,1,37,7,2496,2,5,5,1
200501FH10017,2,3,0,5,0,8,0,0,0,0,2,1,15,1,33,6,125,1,1,3,1
200501FH10019,1,9,0,18,0,1,0,0,0,0,1,1,15,1,48,8,-1,-1,-1,2,1
200501FH10020,1,3,0,9,0,8,0,0,0,0,1,1,15,1,36,7,124,1,2,3,1
200501FH10020,2,9,0,9,0,8,0,0,0,0,4,1,1,1,45,7,-1,-1,-1,-1,-1
200501FH10021,1,5,0,18,0,8,0,0,0,0,1,1,15,1,50,8,-1,-1,-1,3,1
200501FH10021,2,9,0,9,0,8,0,0,0,0,3,1,15,3,-1,-1,1124,1,9,-1,-1
200501FH10022,1,5,0,18,0,8,0,0,0,0,2,1,15,1,36,7,647,1,1,10,2
200501FH10022,2,9,0,18,0,8,0,0,0,0,1,1,15,3,-1,-1,-1,-1,-1,-1,-1
200501FH10023,1,9,0,18,0,8,0,0,0,0,2,1,15,1,33,6,-1,-1,-1,3,1
200501FH10023,2,9,0,18,0,8,0,0,0,0,1,1,15,1,-1,-1,1117,1,14,-1,1
200501FH10024,1,3,0,18,0,0,0,0,0,0,1,1,15,1,25,5,125,1,1,7,1
200501FH10026,1,9,0,18,0,0,0,0,0,0,2,1,15,1,45,7,1781,1,4,8,1
200501FH10026,2,9,0,18,0,0,0,0,0,0,1,1,15,1,-1,-1,-1,-1,-1,-1,-1
200501FH10027,1,9,0,18,0,8,0,0,0,0,4,1,15,1,41,7,1781,1,18,5,1
200501FH10027,2,1,0,18,0,8,0,0,0,0,1,1,15,1,22,5,-1,-1,-1,-1,-1
200501FH10028,1,9,0,18,0,8,0,7,0,0,3,1,15,1,54,8,1597,1,21,5,1
200501FH10028,2,9,0,18,0,1,0,10,0,0,3,1,15,1,38,7,1598,1,7,2,1
200501FH10028,3,9,0,9,0,8,0,0,0,0,0,1,15,3,-1,-1,2494,2,2,-1,-1
200501FH10029,1,9,0,18,0,0,0,0,0,0,1,1,15,1,43,7,2979,1,2,10,1
200501FH10029,2,9,0,18,0,0,0,0,0,0,2,1,15,1,26,6,-1,-1,-1,3,1
200501FH10029,3,9,0,7,0,0,0,0,0,0,3,1,15,3,-1,-1,-1,-1,-1,-1,-1
200501FH10030,1,9,0,18,0,0,0,0,0,0,1,1,15,3,-1,-1,-1,-1,-1,-1,-1
200501FH10032,1,9,0,2,0,0,0,0,0,0,3,1,15,1,26,6,1781,1,14,3,1
200501FH10032,2,1,0,18,0,0,0,0,0,0,4,1,15,1,39,7,-1,-1,-1,1,1
200501FH10034,1,5,0,18,0,1,0,0,7,2,2,1,15,2,26,6,645,1,4,-1,-1
200501FH10034,2,9,0,18,0,1,0,0,0,0,3,1,15,1,18,4,1390,1,7,6,1
200501FH10034,3,8,0,7,0,1,0,0,0,0,0,1,15,3,-1,-1,-1,-1,-1,-1,-1
200501FH10035,1,9,0,7,0,8,0,0,0,0,0,1,15,3,-1,-1,-1,-1,-1,-1,-1
200501FH10035,2,11,0,4,0,8,0,0,0,0,0,1,1,2,44,7,-1,-1,-1,4,1
200501FH10036,1,9,0,18,0,8,0,0,0,0,3,1,15,1,24,5,1598,1,-1,1,1
200501FH10036,2,1,0,9,0,8,0,0,0,0,1,1,15,1,23,5,-1,-1,-1,4,1
200501FH10037,1,5,0,18,0,8,0,0,0,0,1,1,15,1,53,8,599,1,6,10,1
200501FH10037,2,9,0,9,0,8,0,0,0,0,4,1,15,1,46,8,2435,1,3,1,1
200501FH10038,1,9,0,9,0,8,0,0,0,0,1,1,15,1,32,6,1595,1,4,-1,-1
200501FH10038,2,4,0,13,0,8,0,0,0,0,4,1,15,1,37,7,498,1,3,10,3
200501FH10039,1,3,0,18,0,2,0,0,0,0,4,1,15,1,32,6,124,1,3,9,3
200501FH10039,2,19,0,5,0,2,0,0,0,0,3,1,15,1,27,6,2874,2,14,-1,-1
200501FH10040,1,9,0,4,0,0,0,0,0,0,2,1,15,2,33,6,1731,1,7,2,1
200501FH10040,2,2,0,18,0,0,0,0,0,0,1,1,15,2,34,6,49,1,5,3,1
200501FH10041,1,10,0,4,0,0,0,0,0,0,1,1,15,1,61,9,2874,2,8,4,1
200501FH10042,1,11,0,3,0,1,0,0,0,0,0,1,1,1,39,7,8268,2,2,-1,-1
200501FH10043,1,3,0,4,0,8,0,0,0,0,2,1,15,1,33,6,-1,-1,-1,3,1