Accident_Index,Vehicle_Reference,Vehicle_Type,Towing_and_Articulation,Vehicle_Manoeuvre,Vehicle_Location_Restricted_Lane,Junction_Location,Skidding_and_Overturning,Hit_Object_in_Carriageway,Vehicle_Leaving_Carriageway,Hit_Object_off_Carriageway,1st_Point_of_Impact,Was_Vehicle_Left_Hand_Drive?,Journey_Purpose_of_Driver,Sex_of_Driver,Age_of_Driver,Age_Band_of_Driver,Engine_Capacity_(CC),Propulsion_Code,Age_of_Vehicle,Driver_IMD_Decile,Driver_Home_Area_Type
200501GD10264,3,9,0,4,0,2,0,0,0,0,2,1,15,1,40,7,1390,1,1,2,1
200501GD10264,4,9,0,18,0,2,0,0,0,0,1,1,15,1,52,8,1590,1,15,-1,-1
200501GD10265,1,11,0,4,0,0,0,0,0,0,0,1,1,1,40,7,-1,2,4,-1,-1
200501GD10266,1,2,0,15,0,2,0,0,0,0,1,1,15,1,23,5,49,1,3,4,1
200501GD10267,1,11,0,9,0,5,0,0,0,0,0,1,15,1,29,6,3900,2,-1,4,1
200501GD10268,1,9,0,18,0,0,0,0,0,0,4,1,15,1,41,7,1998,1,13,2,1
200501GD10269,1,11,0,4,0,0,0,0,0,0,4,1,1,1,57,9,8268,2,3,1,1
200501GD10270,1,9,0,18,0,8,0,0,0,0,1,1,15,1,31,6,-1,-1,-1,2,1
200501GD10271,1,9,0,18,0,1,0,0,0,0,4,1,15,1,49,8,2295,1,4,2,1
200501GD10272,1,9,0,9,0,1,0,0,0,0,4,1,15,1,43,7,2497,1,8,7,3
200501GD10272,2,9,0,18,0,1,0,0,0,0,1,1,15,1,38,7,-1,-1,-1,3,1
200501GD10273,1,3,0,9,0,2,0,0,0,0,1,1,15,1,32,6,85,1,4,1,1
200501GD10275,1,9,0,4,0,1,0,0,0,0,2,1,15,1,63,9,2597,1,3,9,1
200501GD10275,2,9,0,18,0,1,0,0,0,0,1,1,15,1,-1,-1,-1,-1,-1,2,1
200501GD10276,1,9,0,18,0,1,0,0,0,0,3,1,15,1,27,6,1390,1,-1,6,1
200501GD10277,1,9,0,9,0,8,0,0,0,0,3,1,15,1,47,8,1596,1,11,2,1
200501GD10277,2,2,0,18,0,8,0,0,0,0,1,1,15,1,20,4,-1,-1,-1,-1,-1
200501GD10278,1,1,0,18,0,8,0,0,0,0,3,1,15,1,28,6,-1,-1,-1,1,1
200501GD10278,2,9,0,9,0,8,0,0,0,0,3,1,15,3,-1,-1,1996,1,11,-1,-1
200501GD10279,1,1,0,18,0,1,0,0,0,0,1,1,15,1,31,6,-1,-1,-1,1,1
200501GD10279,2,9,0,7,0,1,0,0,0,0,4,1,15,1,-1,-1,1461,2,2,1,1
200501GD10281,1,5,0,18,0,1,0,0,0,0,4,1,15,1,35,6,-1,-1,-1,4,1
200501GD10281,2,19,0,18,0,1,0,0,0,0,3,1,15,1,-1,-1,2800,2,9,3,1
200501GD10282,1,9,0,3,0,1,0,0,0,0,2,1,15,1,33,6,3301,1,5,3,1
200501GD10282,2,9,0,18,0,1,0,0,0,0,1,1,15,3,-1,-1,1783,1,5,-1,-1
200501GD10284,1,9,0,18,0,1,0,10,7,2,4,1,15,1,19,4,1493,1,9,2,1
200501GD10284,2,9,0,9,0,1,0,0,0,0,1,1,15,3,-1,-1,-1,-1,-1,-1,-1
200501GD10285,1,5,0,2,0,1,0,0,0,0,1,1,15,1,48,8,1200,1,14,2,1
200501GD10285,2,9,0,1,0,1,0,0,0,0,2,1,15,1,-1,-1,-1,-1,-1,-1,-1
200501GD10286,1,9,0,18,0,8,0,0,0,0,4,1,15,1,29,6,1896,2,4,6,1
200501GD10286,2,4,0,15,0,8,0,0,0,0,3,1,15,1,-1,-1,-1,-1,-1,-1,-1
200501GD10287,1,1,0,18,0,1,0,0,0,0,3,1,15,2,27,6,-1,-1,-1,2,1
200501GD10287,2,19,0,7,0,1,0,0,0,0,4,1,15,1,-1,-1,1896,2,2,-1,-1
200501GD10289,1,5,0,12,0,0,0,0,0,0,1,1,15,1,24,5,-1,-1,-1,1,1
200501GD10289,2,9,0,18,0,0,0,0,0,0,2,1,15,2,52,8,-1,-1,-1,3,1
200501GD10290,1,9,0,3,0,1,0,0,0,0,2,1,15,1,41,7,1598,1,1,8,1
200501GD10290,2,9,0,18,0,1,0,0,0,0,1,1,15,1,-1,-1,-1,-1,-1,-1,-1
200501GD10291,1,5,0,18,0,8,0,0,0,0,1,1,2,1,25,5,645,1,4,3,1
200501GD10291,2,9,0,18,0,8,0,0,0,0,1,1,15,1,-1,-1,-1,-1,-1,-1,-1
200501GD10292,1,9,4,14,0,1,0,0,0,0,4,1,15,1,50,8,1798,1,1,7,1
200501GD10292,2,1,0,18,0,1,0,0,0,0,3,1,15,1,31,6,-1,-1,-1,2,1
200501GD10293,1,9,0,10,0,8,0,0,0,0,4,1,15,1,50,8,1360,1,4,1,1
200501GD10293,2,1,0,18,0,8,0,0,0,0,1,1,15,1,38,7,-1,-1,-1,-1,-1
200501GD10294,1,21,0,5,0,2,0,0,0,0,4,1,15,1,42,7,5900,2,3,1,1
200501GD10294,2,1,0,18,0,8,0,0,0,0,3,1,15,1,12,3,-1,-1,-1,-1,-1
200501GD10295,1,9,0,18,0,0,0,0,0,0,4,1,15,2,34,6,1598,1,2,2,1
200501GD10297,1,9,0,18,0,1,0,7,0,0,3,1,15,1,49,8,2148,2,4,5,1
200501GD10298,1,1,0,18,0,0,0,0,0,0,0,1,15,1,29,6,-1,-1,-1,5,1
200501GD10300,1,9,0,18,0,0,0,0,0,0,1,1,15,1,30,6,-1,-1,-1,3,1
200501GD10301,1,1,0,14,0,0,0,0,0,0,3,1,15,1,28,6,-1,-1,-1,1,1
200501GD10301,2,9,0,5,0,0,0,0,0,0,4,1,15,1,54,8,1598,1,3,9,1
200501GD10302,1,3,0,18,0,1,0,0,0,0,0,1,15,2,23,5,124,1,4,3,1
200501GD10302,2,19,0,9,0,1,0,0,0,0,0,1,15,1,38,7,2402,2,1,9,1
200501GD10303,1,9,0,9,0,8,0,0,0,0,3,1,15,1,27,6,1796,1,8,7,1
200501GD10303,2,1,0,18,0,8,0,0,0,0,1,1,15,1,30,6,-1,-1,-1,-1,-1
200501GD10304,1,11,0,8,0,8,0,0,0,0,3,1,15,1,33,6,-1,-1,-1,-1,-1
200501GD10305,1,9,0,18,0,1,0,0,0,0,1,1,15,3,-1,-1,-1,-1,-1,-1,-1
200501GD10306,1,9,0,18,0,0,0,0,0,0,2,1,15,2,48,8,1997,2,3,4,1
200501GD10306,2,9,0,18,0,0,0,0,0,0,1,1,15,1,35,6,2685,2,2,2,1
200501GD10308,1,9,0,9,0,3,0,0,0,0,1,1,15,1,42,7,-1,-1,-1,-1,-1
200501GD10308,2,9,0,13,0,1,0,0,0,0,1,1,15,1,27,6,1580,1,14,-1,-1
200501GD10309,1,5,0,18,0,1,0,0,0,0,0,1,15,1,35,6,1250,1,5,3,1
200501GD10310,1,9,0,18,0,0,0,0,0,0,1,1,15,1,44,7,1762,1,8,2,1
200501GD10310,2,9,0,18,0,0,0,0,0,0,2,1,15,1,25,5,1597,1,12,2,1
200501GD10311,1,9,0,9,0,1,0,0,1,10,1,1,15,1,25,5,-1,-1,-1,3,1
200501GD10312,1,9,0,9,0,8,0,0,0,0,1,1,15,1,28,6,1783,1,3,1,1
200501GD10312,2,1,0,18,0,8,0,0,0,0,3,1,15,1,28,6,-1,-1,-1,6,1
200501GD10313,1,9,0,18,0,1,0,0,0,0,3,1,15,2,59,9,1598,1,6,1,1
200501GD10313,2,2,0,18,0,1,0,0,0,0,3,1,15,1,23,5,49,1,4,-1,-1
200501GD10314,1,3,0,18,0,8,0,0,0,0,3,1,15,1,32,6,124,1,6,3,1
200501GD10314,2,9,0,7,0,8,0,0,0,0,4,1,15,1,-1,-1,1597,1,5,-1,-1
200501GD10315,1,1,0,7,0,1,0,0,0,0,3,1,15,2,31,6,-1,-1,-1,2,1
200501GD10315,2,9,0,13,0,1,0,0,0,0,4,1,15,3,-1,-1,-1,-1,-1,-1,-1
200501GD10317,1,3,0,13,0,1,0,0,0,0,4,1,15,1,30,6,102,1,-1,3,1
200501GD10317,2,9,0,9,0,1,0,0,0,0,1,1,15,3,-1,-1,1896,2,4,-1,-1
200501GD10318,1,9,0,18,0,8,0,0,0,0,3,1,15,1,-1,-1,1995,2,4,1,1
200501GD10318,2,9,0,7,0,8,0,0,0,0,1,1,15,3,-1,-1,1597,1,15,-1,-1
200501GD10320,1,9,0,18,0,1,0,0,0,0,3,1,15,1,41,7,1597,1,8,2,1
200501GD10321,1,9,0,18,0,1,0,0,0,0,4,1,15,3,-1,-1,-1,-1,-1,-1,-1
200501GD10322,1,9,0,18,0,1,0,0,0,0,1,1,15,1,-1,-1,-1,-1,-1,2,1
200501GD10323,1,9,0,4,0,8,0,0,0,0,2,1,15,1,25,5,1997,1,9,1,1
200501GD10323,2,19,0,6,0,8,0,0,0,0,1,1,1,1,26,6,2151,2,1,5,3
200501GD10324,1,2,0,18,0,0,0,0,0,0,0,1,15,2,30,6,49,1,3,2,1
200501GD10324,2,9,0,18,0,0,0,0,0,0,0,1,15,3,-1,-1,-1,-1,-1,-1,-1
200501GD10325,1,9,0,18,0,1,0,0,0,0,4,1,15,1,23,5,-1,-1,-1,1,1
200501GD10326,1,9,0,18,0,8,0,0,0,0,1,1,15,1,47,8,2151,2,6,1,1
200501GD10326,2,9,0,9,0,8,0,0,0,0,2,1,15,3,-1,-1,1796,1,10,-1,-1
200501GD10327,1,1,0,14,0,1,0,0,0,0,1,1,15,2,59,9,-1,-1,-1,-1,-1
200501GD10327,2,9,0,2,0,1,0,0,0,0,3,1,15,1,38,7,1998,1,6,2,1
200501GD10328,1,9,0,3,0,1,0,0,0,0,2,1,15,1,49,8,-1,-1,-1,3,1
200501GD10328,2,9,0,18,0,1,0,0,0,0,1,1,15,3,-1,-1,1997,1,8,-1,-1
200501GD10329,1,9,0,1,0,1,0,0,0,0,2,1,15,1,56,9,2438,1,9,-1,-1
200501GD10329,2,3,0,18,0,1,0,0,0,0,1,1,15,2,25,5,125,1,2,2,1
200501GD10331,1,11,1,4,0,0,0,0,0,0,0,1,15,1,53,8,-1,-1,-1,2,1
200501GD10332,1,3,0,13,0,1,0,0,0,0,2,1,15,2,52,8,85,1,9,2,1
200501GD10332,2,9,0,9,0,1,0,0,0,0,3,1,15,2,41,7,1242,1,5,3,1
200501GD10333,1,11,0,18,0,8,0,0,0,0,4,1,15,1,26,6,-1,-1,-1,-1,-1
200501GD10333,2,3,0,18,0,8,0,0,0,0,1,1,15,1,26,6,124,1,6,1,1
200501GD10334,1,11,0,18,0,0,0,0,0,0,4,1,1,3,-1,-1,-1,2,19,-1,-1
200501GD10334,2,1,0,18,0,0,0,0,0,0,3,1,15,2,25,5,-1,-1,-1,3,1
200501GD10335,1,1,0,9,0,1,0,0,0,0,2,1,15,2,52,8,-1,-1,-1,2,1
200501GD10335,2,9,0,18,0,1,0,0,0,0,1,1,15,1,38,7,1598,1,1,1,1
200501GD10337,1,3,0,18,0,1,0,0,0,0,0,1,15,1,33,6,123,1,39,2,1
200501GD10338,1,9,0,9,0,1,0,0,0,0,2,1,15,1,38,7,-1,-1,-1,3,1
200501GD10338,2,19,0,18,0,1,0,0,0,0,1,1,15,3,-1,-1,-1,-1,-1,-1,-1
200501GD10339,1,9,0,18,0,8,0,0,0,0,1,1,15,1,53,8,1799,1,7,-1,-1
200501GD10339,2,9,0,9,0,8,0,0,0,0,4,1,15,1,-1,-1,1392,1,16,-1,-1
200501GD10341,1,9,0,7,0,6,0,0,0,0,1,1,15,1,35,6,1997,2,4,3,1
200501GD10342,1,11,0,5,0,0,0,0,0,0,0,1,1,1,25,5,5900,2,6,2,1
200501GD10344,1,9,0,2,0,0,0,10,1,0,3,1,15,3,-1,-1,1761,1,9,-1,-1
200501GD10344,2,11,0,18,0,0,0,8,0,0,4,1,1,1,39,7,-1,-1,-1,-1,-1
200501GD10345,1,3,0,13,0,1,0,0,0,0,1,1,15,1,47,8,124,1,3,4,1
200501GD10345,2,9,0,9,0,1,0,0,0,0,3,1,15,1,33,6,1242,1,2,2,1
200501GD10346,1,11,0,5,0,0,0,0,0,0,0,1,15,1,53,8,-1,-1,-1,3,1
200501GD10346,2,9,0,11,0,0,0,0,0,0,0,1,15,3,-1,-1,1781,1,9,-1,-1
200501GD10347,1,3,0,18,0,1,0,0,0,0,1,1,15,1,35,6,102,1,1,-1,-1
200501GD10347,2,9,0,7,0,1,0,0,0,0,4,1,15,2,58,9,1781,1,9,-1,-1
200501GD10348,1,11,0,18,0,1,0,0,0,0,4,1,15,1,31,6,7300,2,2,1,1
200501GD10349,1,9,0,10,0,1,0,0,0,0,3,1,15,1,28,6,-1,-1,-1,2,1
200501GD10349,2,1,0,12,0,1,0,0,0,0,1,1,15,1,33,6,-1,-1,-1,1,1
200501GD10350,1,9,0,18,0,2,0,0,0,0,1,1,15,3,-1,-1,1199,1,4,-1,-1
200501GD10351,1,9,0,18,0,0,0,0,0,0,1,1,15,2,53,8,1984,1,8,-1,-1
200501GD10352,1,9,0,18,0,1,0,0,0,0,1,1,15,2,27,6,-1,-1,-1,1,1
200501GD10352,2,9,0,7,0,8,0,0,0,0,1,1,15,1,20,4,1998,1,5,1,1
200501GD10354,1,5,0,18,0,2,1,0,0,0,1,1,15,1,34,6,599,1,2,3,1
200501GD10354,2,9,0,18,0,2,0,0,0,0,0,1,15,3,-1,-1,-1,-1,-1,-1,-1
200501GD10355,1,9,0,7,0,8,0,0,0,0,2,1,15,1,37,7,1834,1,7,-1,-1
200501GD10355,2,1,0,18,0,8,0,0,0,0,1,1,15,1,23,5,-1,-1,-1,-1,-1
200501GD10356,1,11,0,3,0,0,0,0,0,0,0,1,15,1,34,6,-1,2,5,3,1
200501GD10358,1,5,0,9,0,8,0,0,0,0,1,1,15,1,57,9,885,1,7,3,1
200501GD10358,2,9,0,18,0,8,0,0,0,0,1,1,15,2,24,5,1391,1,7,3,1
200501GD10358,3,9,0,3,0,1,0,0,0,0,2,1,15,2,35,6,-1,-1,-1,5,1
200501GD10359,1,9,0,14,0,0,0,0,0,0,1,1,15,1,23,5,-1,-1,-1,1,1
200501GD10360,1,11,0,3,0,0,0,0,0,0,0,1,15,1,37,7,6370,2,1,-1,-1
200501GD10361,1,9,0,3,0,1,0,0,0,0,3,1,15,1,26,6,-1,-1,-1,2,1
200501GD10361,2,20,0,13,0,1,0,0,0,0,4,2,15,1,-1,-1,-1,-1,-1,-1,-1
200501GD10362,1,9,0,18,0,0,0,0,0,0,4,1,15,2,50,8,1590,1,12,2,1
200501GD10365,1,11,0,18,0,1,0,0,0,0,0,1,1,1,62,9,-1,2,4,-1,-1
200501GD10366,1,9,0,17,0,8,0,0,0,0,1,1,15,2,19,4,2494,2,-1,-1,-1
200501GD10366,2,9,0,7,0,8,0,0,0,0,1,1,15,1,-1,-1,-1,-1,-1,-1,-1
200501GD10367,1,9,0,18,0,2,0,0,0,0,2,1,15,1,34,6,-1,-1,-1,2,1
200501GD10367,2,9,0,18,0,7,0,0,0,0,1,1,15,3,-1,-1,-1,-1,-1,-1,-1
200501GD10368,1,9,0,4,0,0,0,0,0,0,1,1,15,1,27,6,1242,1,3,2,1
200501GD10368,2,9,0,3,0,0,0,0,0,0,2,1,15,1,-1,-1,1794,1,12,2,1
200501GD10370,1,3,0,18,0,1,0,0,0,0,1,1,15,3,-1,-1,-1,-1,-1,-1,-1
200501GD10371,1,9,0,18,0,0,0,0,0,0,3,1,15,1,23,5,1360,1,4,3,1
200501GD10371,2,9,0,6,0,0,0,0,0,0,1,1,15,1,-1,-1,-1,-1,-1,-1,-1
200501GD10372,1,9,0,18,0,1,0,0,0,0,2,1,15,1,40,7,1686,2,4,2,1
200501GD10372,2,9,0,18,0,1,0,0,0,0,1,1,15,1,-1,-1,1998,1,5,-1,-1
200501GD10373,1,9,0,9,0,0,0,0,0,0,3,1,15,1,58,9,1598,1,1,1,1
200501GD10373,2,9,0,13,0,0,0,0,0,0,1,1,15,3,-1,-1,1581,1,8,-1,-1
200501GD10373,3,9,0,2,0,0,0,0,0,0,4,1,15,1,30,6,1360,1,13,1,1
200501GD10374,1,5,0,18,0,0,0,0,0,0,0,1,15,1,24,5,-1,-1,-1,-1,-1
200501GD10375,1,9,0,18,0,2,0,0,0,0,1,1,15,1,31,6,2155,2,10,2,1
200501GD10375,2,9,0,9,0,2,0,0,0,0,3,1,15,1,-1,-1,1966,1,9,1,1
200501GD10376,1,9,0,3,0,0,0,0,0,0,2,1,15,1,55,8,-1,-1,-1,4,1
200501GD10376,2,9,0,4,0,0,0,0,0,0,1,1,15,3,-1,-1,1598,1,5,-1,-1
200501GD10378,1,9,0,4,0,0,0,0,0,0,2,1,15,1,30,6,1762,1,10,2,1
200501GD10378,2,9,0,18,0,0,0,0,0,0,1,1,15,1,38,7,1389,1,9,-1,-1
200501GD10379,1,9,0,18,0,0,0,0,0,0,1,1,15,1,48,8,-1,-1,-1,-1,-1
200501GD10379,2,1,0,18,0,0,0,0,0,0,3,1,15,1,9,2,-1,-1,-1,-1,-1
200501GD10380,1,9,0,18,0,0,0,0,0,0,1,1,15,1,32,6,-1,-1,-1,3,1
200501GD10381,1,9,0,18,0,1,0,10,1,10,4,1,15,1,30,6,1998,1,8,-1,-1
200501GD10382,1,9,0,18,0,8,0,0,0,0,1,1,15,2,47,8,1598,1,3,-1,-1
200501GD10382,2,9,0,9,0,8,0,0,0,0,4,1,15,1,28,6,-1,-1,-1,1,1
200501GD10383,1,9,0,18,0,2,0,0,0,0,4,1,15,1,-1,-1,-1,-1,-1,-1,-1
200501GD10384,1,9,0,4,0,1,0,0,0,0,1,1,15,1,44,7,-1,-1,-1,2,1
200501GD10385,1,9,0,4,0,0,0,0,0,0,0,1,15,1,35,6,1124,1,7,1,1
200501GD10386,1,9,0,18,0,0,0,0,0,0,1,1,15,3,-1,-1,3528,1,20,-1,-1
200501GD10387,1,1,0,18,0,0,0,0,0,0,1,1,15,1,37,7,-1,-1,-1,2,1
200501GD10387,2,9,0,2,0,0,0,0,0,0,3,1,15,1,-1,-1,1598,1,8,-1,-1
200501GD10388,1,9,0,9,0,8,0,0,0,0,1,1,15,1,39,7,-1,-1,-1,1,1
200501GD10388,2,2,0,13,0,8,0,0,0,0,4,1,15,1,36,7,-1,-1,-1,1,1
200501GD10389,1,9,0,18,0,1,0,0,0,0,1,1,15,1,27,6,1360,1,10,1,1
200501GD10389,2,9,0,3,0,1,0,0,0,0,2,1,15,1,46,8,2000,2,13,2,1
200501GD10389,3,9,0,3,0,1,0,0,0,0,2,1,15,1,46,8,1119,1,9,4,1
200501GD10390,1,9,0,18,0,1,0,0,0,0,1,1,15,1,33,6,1584,1,3,2,1
200501GD10391,1,9,0,18,0,0,0,0,0,0,4,1,15,1,-1,-1,-1,-1,-1,-1,-1
200501GD10392,1,1,0,18,0,1,0,0,0,0,3,1,15,1,27,6,-1,-1,-1,2,1
200501GD10392,2,9,0,7,0,1,0,0,0,0,4,1,15,3,-1,-1,-1,-1,-1,-1,-1
200501GD10393,1,1,0,18,0,0,0,0,0,0,1,1,15,1,19,4,-1,-1,-1,-1,-1
200501GD10393,2,9,0,1,0,0,0,0,0,0,2,1,15,3,-1,-1,-1,-1,-1,-1,-1
200501GD10394,1,3,0,18,0,2,0,0,0,0,1,1,15,1,30,6,124,1,8,-1,-1
200501GD10394,2,9,0,1,0,1,0,0,0,0,2,1,15,1,25,5,1149,1,7,2,1
200501GD10396,1,5,0,18,0,4,0,0,0,0,0,1,15,1,27,6,647,1,1,5,1
200501GD10396,2,8,0,9,0,4,0,0,0,0,0,1,15,1,64,9,2664,2,10,3,1
200501GD10397,1,19,0,18,0,0,0,0,0,0,4,1,15,1,33,6,2402,2,2,-1,-1
200501GD10397,2,9,0,5,0,0,0,0,0,0,4,1,15,1,33,6,1796,1,12,2,1
200501GD10399,1,8,0,18,0,8,0,0,0,0,1,1,15,1,53,8,2402,2,3,3,1
200501GD10399,2,9,0,9,0,8,0,0,0,0,4,1,15,1,43,7,1598,1,5,3,1
200501GD10400,1,5,0,18,0,8,0,0,0,0,1,1,15,1,44,7,645,1,2,3,1
200501GD10401,1,9,0,7,0,8,0,0,0,0,1,1,15,1,37,7,2776,2,1,8,1
200501GD10401,2,1,0,18,0,8,0,0,0,0,1,1,15,1,25,5,-1,-1,-1,3,1
200501GD10402,1,9,0,18,0,0,0,0,0,0,1,1,15,2,32,6,1800,1,12,2,1
200501GD10403,1,21,1,7,0,8,0,0,0,0,4,1,15,1,36,7,4116,2,4,-1,-1
200501GD10404,1,9,0,14,0,1,0,0,0,0,1,1,15,1,20,4,-1,-1,-1,-1,-1
200501GD10405,1,9,0,18,0,2,0,0,0,0,1,1,15,1,47,8,1994,2,3,2,1
200501GD10406,1,2,0,13,0,1,0,0,0,0,0,1,15,2,41,7,49,1,6,1,1
200501GD10406,2,9,0,18,0,1,0,0,0,0,0,1,15,1,45,7,-1,-1,-1,-1,-1
200501GD10407,1,9,0,18,0,8,0,0,0,0,1,1,15,1,35,6,-1,-1,-1,-1,-1
200501GD10407,2,9,0,9,0,8,0,0,0,0,4,1,15,1,20,4,1242,1,5,1,1
200501GD10408,1,9,0,1,0,1,0,0,0,0,0,1,15,1,20,4,-1,-1,-1,-1,-1
200501GD10409,1,1,0,16,0,8,0,0,0,0,4,1,15,1,16,4,-1,-1,-1,2,1
200501GD10409,2,9,0,18,0,8,0,0,0,0,1,1,15,2,31,6,1595,1,7,1,1
200501GD10412,1,9,0,18,0,1,0,0,0,0,1,1,15,1,34,6,1686,2,8,-1,-1
200501GD10412,2,9,0,9,0,8,0,0,0,0,4,1,15,1,55,8,1850,1,9,2,1
200501GD10413,1,9,0,18,0,2,0,0,0,0,1,1,15,2,32,6,1595,1,1,-1,-1
200501GD10415,1,11,0,18,0,8,0,0,0,0,1,1,1,1,-1,-1,7300,2,2,2,1
200501GD10415,2,9,0,7,0,8,0,0,0,0,2,1,15,3,-1,-1,-1,-1,-1,-1,-1
200501GD10416,1,9,0,18,0,1,0,0,0,0,4,1,15,2,33,6,1299,1,9,-1,-1
200501GD10416,2,9,0,5,0,1,0,0,0,0,3,1,15,1,46,8,-1,-1,-1,-1,-1
200501GD10420,1,9,0,3,0,2,0,0,0,0,2,1,15,2,45,7,1985,1,13,3,1
200501GD10420,2,9,0,9,0,2,0,0,0,0,1,1,15,1,25,5,-1,-1,-1,-1,-1
200501GD10421,1,9,0,9,0,1,0,0,0,0,3,1,15,1,35,6,-1,-1,-1,2,1
200501GD10421,2,9,0,13,0,1,0,0,0,0,4,1,15,1,46,8,1597,1,6,-1,-1
200501GD10422,1,3,0,16,0,8,0,0,0,0,0,1,15,1,47,8,124,1,6,10,1
200501GD10423,1,9,0,7,0,8,0,0,0,0,2,1,15,2,38,7,2975,1,10,2,1
200501GD10423,2,9,0,18,0,1,0,0,0,0,1,1,15,1,26,6,-1,-1,-1,4,1
200501GD10424,1,9,0,2,0,0,0,0,0,0,1,1,15,1,56,9,998,1,8,6,1
200501GD10424,2,1,0,18,0,0,0,0,0,0,1,1,15,1,-1,-1,-1,-1,-1,-1,-1
200501GD10426,1,11,0,18,0,0,0,0,0,0,0,1,1,1,-1,-1,-1,-1,-1,-1,-1
200501GD10426,2,9,0,18,0,0,0,0,0,0,0,1,15,3,-1,-1,1587,1,15,-1,-1
200501GD10427,1,3,0,18,0,8,0,0,0,0,0,1,15,1,32,6,100,1,-1,2,1
200501GD10428,1,3,0,18,0,1,0,0,0,0,1,1,15,1,19,4,85,1,3,1,1
200501GD10428,2,9,0,9,0,1,0,0,0,0,3,1,15,1,40,7,1896,2,4,4,1
200501GD10429,1,11,0,18,0,1,0,0,0,0,0,1,1,2,41,7,-1,2,7,3,1
200501GD10429,2,9,0,9,0,1,0,0,0,0,0,1,15,3,-1,-1,-1,-1,-1,-1,-1
200501GD10430,1,11,0,18,0,0,0,0,0,0,4,1,1,1,60,9,7300,2,2,1,1
200501GD10430,2,11,0,3,0,0,0,0,0,0,3,1,1,1,33,6,8268,2,3,2,1
200501GD10433,1,1,0,18,0,8,0,0,0,0,1,1,15,2,40,7,-1,-1,-1,-1,-1
200501GD10433,2,9,0,7,0,8,0,0,0,0,4,1,15,1,-1,-1,1108,1,9,-1,-1
200501GD10436,1,1,0,7,0,8,0,0,0,0,1,1,15,2,24,5,-1,-1,-1,1,1
200501GD10436,2,9,0,18,0,1,0,0,0,0,1,1,15,1,-1,-1,-1,-1,-1,-1,-1
200501GD10437,1,9,0,3,0,0,0,0,0,0,2,1,15,1,58,9,1796,1,4,2,1
200501GD10437,2,19,0,3,0,0,0,0,0,0,1,1,15,2,-1,-1,-1,-1,-1,-1,-1
200501GD10437,3,9,0,18,0,0,0,0,0,0,1,1,15,1,35,6,-1,-1,-1,-1,-1
200501GD10438,1,11,0,5,0,8,0,0,0,0,4,1,1,1,41,7,7300,2,4,3,1
200501GD10440,1,2,0,3,0,1,0,0,0,0,1,1,15,1,25,5,49,1,5,3,1
200501GD10440,2,9,0,1,0,8,0,0,0,0,2,1,15,1,-1,-1,-1,-1,-1,2,1
200501GD10441,1,3,0,18,0,3,0,0,0,0,3,1,15,1,30,6,124,1,1,5,1
200501GD10441,2,19,0,18,0,3,0,0,0,0,1,1,15,1,-1,-1,-1,-1,-1,4,1
200501GD10442,1,9,0,18,0,1,0,0,0,0,1,1,15,1,24,5,1391,1,9,-1,-1
200501GD10444,1,9,0,1,0,6,0,0,0,0,2,1,15,2,59,9,999,1,15,2,1
200501GD10447,1,11,0,18,0,1,0,0,0,0,0,1,15,1,36,7,8268,2,4,2,1
200501GD10448,1,3,0,14,0,2,0,0,0,0,1,1,15,3,-1,-1,-1,-1,-1,-1,-1
200501GD10450,1,1,0,18,0,8,0,0,0,0,3,1,15,2,31,6,-1,-1,-1,-1,-1
200501GD10450,2,21,0,7,0,8,0,0,0,0,4,1,15,1,42,7,5900,2,3,4,2
200501GD10451,1,1,0,5,0,1,0,0,0,0,2,1,15,1,44,7,-1,-1,-1,4,1
200501GD10451,2,9,0,5,0,1,0,0,0,0,1,1,15,2,31,6,1196,1,8,1,1
200501GD10452,1,3,0,9,0,3,1,0,0,0,0,1,15,1,43,7,124,1,10,2,1
200501GD10452,2,9,0,18,0,8,0,0,0,0,0,1,15,1,40,7,1595,1,6,8,1
200501GD10453,1,9,0,18,0,0,0,0,0,0,1,1,15,2,25,5,1124,1,4,2,1
200501GD10454,1,11,0,3,0,2,0,0,0,0,2,1,15,1,40,7,7300,2,2,4,1
200501GD10454,2,9,0,14,0,2,0,0,0,0,4,1,15,1,-1,-1,-1,-1,-1,-1,-1
200501GD10455,1,1,0,18,0,8,0,0,0,0,1,1,15,1,19,4,-1,-1,-1,-1,-1
200501GD10455,2,9,0,9,0,7,0,0,0,0,4,1,15,2,20,4,1242,1,4,-1,-1
200501GD10457,1,9,0,17,0,0,0,0,0,0,4,1,15,1,43,7,1798,1,1,4,1
200501GD10458,1,1,0,9,0,8,0,0,0,0,3,1,15,1,44,7,-1,-1,-1,2,1
200501GD10458,2,9,0,9,0,8,0,0,0,0,4,1,15,2,-1,-1,-1,-1,-1,-1,-1
200501GD10459,1,9,0,9,0,8,0,0,0,0,1,1,15,1,43,7,1598,1,1,2,1
200501GD10459,2,5,0,18,0,8,0,0,0,0,1,1,15,1,27,6,749,1,7,3,1
200501GD10460,1,9,0,18,0,0,0,0,0,0,3,1,15,1,32,6,899,1,12,4,1
200501GD10461,1,9,0,18,0,8,1,0,0,0,1,1,15,2,24,5,-1,-1,-1,-1,-1