Accident_Index,Vehicle_Reference,Vehicle_Type,Towing_and_Articulation,Vehicle_Manoeuvre,Vehicle_Location_Restricted_Lane,Junction_Location,Skidding_and_Overturning,Hit_Object_in_Carriageway,Vehicle_Leaving_Carriageway,Hit_Object_off_Carriageway,1st_Point_of_Impact,Was_Vehicle_Left_Hand_Drive?,Journey_Purpose_of_Driver,Sex_of_Driver,Age_of_Driver,Age_Band_of_Driver,Engine_Capacity_(CC),Propulsion_Code,Age_of_Vehicle,Driver_IMD_Decile,Driver_Home_Area_Type
200501GD10461,2,9,0,18,0,8,0,0,0,0,3,1,15,2,40,7,1332,1,9,1,1
200501GD10461,3,20,0,3,0,1,0,0,0,0,1,1,15,1,54,8,4580,2,2,1,1
200501GD10462,1,9,0,7,0,8,0,0,0,0,3,1,15,1,38,7,2157,1,6,-1,-1
200501GD10462,2,9,0,9,0,8,0,0,0,0,3,1,15,1,-1,-1,-1,-1,-1,7,1
200501GD10463,1,1,0,15,0,1,0,0,0,0,3,1,15,1,33,6,-1,-1,-1,3,1
200501GD10463,2,9,0,7,0,1,0,0,0,0,4,1,15,1,-1,-1,1998,2,3,3,1
200501GD10464,1,19,0,18,0,1,0,0,0,0,3,1,15,1,29,6,2151,2,1,-1,-1
200501GD10464,2,1,0,7,0,1,0,0,0,0,4,1,15,1,17,4,-1,-1,-1,1,1
200501GD10465,1,9,0,9,0,8,0,4,0,0,1,1,1,2,38,7,-1,-1,-1,-1,-1
200501GD10465,2,9,0,2,0,8,0,0,1,2,2,1,15,1,72,10,-1,-1,-1,1,1
200501GD10465,3,9,0,2,0,8,0,0,0,0,1,1,15,2,54,8,1997,1,3,1,1
200501GD10465,4,9,0,2,0,3,0,0,0,0,1,1,15,2,24,5,1149,1,4,1,1
200501GD10466,1,20,0,18,0,2,0,0,0,0,4,1,15,1,-1,-1,-1,-1,-1,-1,-1
200501GD10467,1,8,0,18,0,1,0,0,0,0,3,1,15,1,59,9,2402,2,1,6,1
200501GD10468,1,9,0,16,0,1,0,0,0,0,3,1,15,1,35,6,1870,2,11,2,1
200501GD10468,2,9,0,13,0,1,0,0,0,0,3,1,15,1,46,8,-1,-1,-1,2,1
200501GD10470,1,11,0,3,2,0,0,0,0,0,0,1,1,1,58,9,-1,-1,-1,7,1
200501GD10471,1,1,0,18,0,1,0,0,0,0,1,1,15,1,34,6,-1,-1,-1,3,1
200501GD10471,2,9,0,18,0,1,0,0,0,0,4,1,15,2,32,6,2494,1,2,3,1
200501GD10473,1,20,0,18,0,0,0,0,0,0,0,1,1,1,63,9,3920,2,1,2,1
200501GD10474,1,9,0,4,0,1,0,0,0,0,3,1,15,2,47,8,599,1,3,1,1
200501GD10474,2,9,0,18,0,1,0,0,0,0,3,1,15,1,45,7,1686,2,1,2,1
200501GD10474,3,9,0,2,0,1,0,0,0,0,3,1,15,1,42,7,1587,1,14,3,1
200501GD10475,1,9,0,2,0,0,0,0,0,0,3,1,15,1,38,7,2438,1,7,2,1
200501GD10475,2,1,0,18,0,0,0,0,0,0,4,1,15,1,22,5,-1,-1,-1,4,1
200501GD10476,1,9,0,6,0,0,0,0,0,0,4,1,15,1,17,4,1796,1,12,1,1
200501GD10476,2,9,0,18,0,0,0,0,0,0,1,1,15,3,-1,-1,-1,-1,-1,-1,-1
200501GD10477,1,11,0,13,0,0,0,0,0,0,4,1,1,1,47,8,7300,2,2,2,1
200501GD10477,2,1,0,18,0,0,0,0,0,0,3,1,15,1,23,5,-1,-1,-1,-1,-1
200501GD10479,1,9,0,4,0,0,0,0,0,0,0,1,15,1,39,7,2792,1,8,7,3
200501GD10479,2,1,0,4,0,0,0,0,0,0,0,1,15,1,41,7,-1,-1,-1,4,1
200501GD10480,1,2,0,18,0,8,0,0,0,0,1,1,15,1,36,7,49,1,3,1,1
200501GD10480,2,9,0,10,0,8,0,0,0,0,3,1,15,2,49,8,1120,1,8,2,1
200501GD10481,1,9,0,18,0,0,0,0,0,0,3,1,15,1,20,4,-1,-1,-1,4,1
200501GD10481,2,9,0,18,0,0,0,0,0,0,4,1,15,1,43,7,1332,1,7,4,1
200501GD10482,1,11,0,18,0,1,0,0,0,0,0,1,15,1,35,6,-1,-1,-1,1,1
200501GD10483,1,9,0,18,0,8,0,0,0,0,1,1,15,2,57,9,1597,1,10,2,1
200501GD10483,2,9,0,9,0,8,0,0,0,0,3,1,15,1,40,7,1996,1,11,-1,-1
200501GD10484,1,9,0,4,0,0,0,0,0,0,2,1,15,1,46,8,1590,1,13,4,1
200501GD10484,2,9,0,4,0,0,0,0,0,0,1,1,15,1,27,6,-1,-1,-1,1,1
200501GD10485,1,9,0,1,0,1,0,0,0,0,2,1,15,1,48,8,1598,1,6,1,1
200501GD10486,1,9,0,18,0,1,0,0,0,0,4,1,15,1,37,7,1994,2,8,1,1
200501GD10488,1,19,0,1,0,1,0,0,0,0,1,1,15,1,36,7,2446,2,9,2,1
200501GD10489,1,9,0,18,0,0,0,0,0,0,2,1,15,2,42,7,1396,1,7,3,1
200501GD10489,2,3,0,18,0,0,0,0,0,0,1,1,15,1,18,4,124,1,-1,-1,-1
200501GD10490,1,9,0,18,0,0,0,0,0,0,4,1,15,1,41,7,1796,1,5,1,1
200501GD10491,1,9,0,4,0,0,0,0,0,0,2,1,15,2,41,7,1360,1,4,1,1
200501GD10491,2,9,0,18,0,0,0,0,0,0,1,1,15,1,-1,-1,1108,1,8,-1,-1
200501GD10492,1,9,0,3,0,8,0,0,0,0,2,1,15,1,37,7,1997,1,7,4,1
200501GD10492,2,9,0,18,0,8,0,0,0,0,1,1,15,3,-1,-1,-1,-1,-1,-1,-1
200501GD10492,3,9,0,3,0,8,0,0,0,0,2,1,15,2,-1,-1,-1,-1,-1,3,1
200501GD10493,1,9,0,2,0,0,0,0,0,0,2,1,15,1,33,6,-1,-1,-1,2,1
200501GD10493,2,9,0,18,0,0,0,0,0,0,1,1,15,3,-1,-1,-1,-1,-1,-1,-1
200501GD10494,1,9,0,1,0,6,0,0,0,0,2,1,15,1,33,6,-1,-1,-1,2,1
200501GD10495,1,9,0,3,0,8,0,0,0,0,2,1,15,2,49,8,1998,1,10,1,1
200501GD10495,2,9,0,3,0,8,0,0,0,0,2,1,15,2,59,9,1998,1,13,4,1
200501GD10495,3,9,0,18,0,8,0,0,0,0,1,1,15,1,66,10,1299,1,3,-1,-1
200501GD10496,1,4,0,13,0,3,1,4,0,0,4,1,15,1,-1,-1,398,1,14,-1,-1
200501GD10496,2,19,0,18,0,3,0,0,0,0,3,1,15,1,28,6,1686,2,1,6,1
200501GD10496,3,9,0,2,0,3,0,0,0,0,2,1,15,1,59,9,2295,1,6,-1,-1
200501GD10498,1,5,0,18,0,8,1,0,0,0,1,1,15,1,31,6,904,1,5,3,1
200501GD10498,2,9,0,9,0,8,0,0,0,0,3,1,15,1,65,9,954,1,11,1,1
200501GD10499,1,2,0,18,0,1,0,0,0,0,4,1,15,2,40,7,-1,-1,-1,3,1
200501GD10499,2,19,0,7,0,1,0,0,0,0,3,1,15,1,64,9,2295,7,1,2,1
200501GD10500,1,19,0,18,0,2,0,0,0,0,1,1,15,1,26,6,1870,2,9,2,1
200501GD10501,1,19,0,18,0,1,0,0,0,0,1,1,15,1,-1,-1,-1,-1,-1,-1,-1
200501GD10503,1,9,0,18,0,2,0,0,0,0,1,1,15,2,-1,-1,-1,-1,-1,8,1
200501GD10504,1,9,0,10,0,1,0,0,0,0,3,1,15,2,34,6,1198,1,3,2,1
200501GD10504,2,9,0,18,0,1,0,0,0,0,3,1,15,1,31,6,2180,2,13,-1,-1
200501GD10505,1,9,0,18,0,0,0,0,0,0,3,1,15,1,28,6,1896,2,4,5,1
200501GD10509,1,3,0,15,0,1,0,0,0,0,1,1,15,2,29,6,89,1,6,3,1
200501GD10509,2,21,1,4,0,1,0,0,0,0,4,1,1,1,29,6,12580,2,-1,1,1
200501GD10510,1,11,0,5,0,1,0,0,0,0,0,1,1,1,67,10,8268,2,2,3,1
200501GD10512,1,11,0,5,0,0,0,0,0,0,0,1,1,1,43,7,-1,2,4,3,1
200501GD10513,1,5,0,5,0,0,0,0,0,0,1,1,15,1,32,6,996,1,6,3,1
200501GD10514,1,9,0,18,0,8,0,0,0,0,3,1,15,1,41,7,1799,1,11,1,1
200501GD10514,2,9,0,9,0,8,0,0,0,0,1,1,15,2,61,9,-1,-1,-1,3,1
200501GD10515,1,9,0,3,0,8,0,0,0,0,1,1,15,1,26,6,-1,-1,-1,2,1
200501GD10515,2,19,0,18,0,8,0,0,0,0,1,1,15,1,-1,-1,2299,2,8,1,1
200501GD10516,1,10,0,6,0,0,0,0,0,0,0,1,1,1,38,7,-1,-1,-1,-1,-1
200501GD10516,2,3,0,13,0,0,0,0,0,0,0,1,15,1,19,4,124,1,1,4,1
200501GD10517,1,9,0,7,0,5,0,0,0,0,4,1,15,2,-1,-1,-1,-1,-1,-1,-1
200501GD10517,2,1,0,18,0,8,0,0,0,0,3,1,15,1,22,5,-1,-1,-1,1,1
200501GD10518,1,9,0,18,0,0,0,0,0,0,4,1,15,1,52,8,1461,2,-1,-1,-1
200501GD10519,1,2,0,18,0,2,0,0,0,0,1,1,15,1,15,3,-1,-1,-1,2,1
200501GD10520,1,9,0,18,0,1,0,10,7,2,1,1,15,2,21,5,998,1,11,2,1
200501GD10521,1,1,0,18,0,0,0,0,0,0,1,1,15,1,52,8,-1,-1,-1,4,1
200501GD10521,2,19,0,2,0,0,0,0,0,0,0,1,15,1,-1,-1,-1,-1,-1,-1,-1
200501GD10522,1,1,0,18,0,1,0,0,0,0,3,1,15,1,32,6,-1,-1,-1,-1,-1
200501GD10522,2,9,0,9,0,1,0,0,0,0,1,1,15,1,56,9,-1,-1,-1,1,1
200501GD10523,1,9,0,3,0,0,0,0,0,0,2,1,15,1,-1,-1,1399,2,2,-1,-1
200501GD10523,2,19,0,18,0,0,0,0,0,0,1,1,15,1,-1,-1,1686,2,2,-1,-1
200501GD10524,1,9,0,18,0,8,0,0,0,0,4,1,15,1,45,7,1896,2,4,2,1
200501GD10524,2,9,0,9,0,8,0,0,0,0,1,1,15,2,-1,-1,1360,1,6,3,1
200501GD10525,1,9,0,12,0,0,0,0,0,0,4,1,15,1,35,6,1997,1,13,3,1
200501GD10526,1,1,0,18,0,0,0,0,0,0,3,1,15,1,32,6,-1,-1,-1,1,1
200501GD10526,2,8,0,13,0,0,0,0,0,0,4,1,15,1,-1,-1,-1,-1,-1,-1,-1
200501GD10527,1,2,0,6,0,0,0,10,7,10,1,1,15,1,44,7,49,1,2,2,1
200501GD10528,1,9,0,18,0,1,0,0,0,0,1,1,15,1,57,9,1998,1,5,4,1
200501GD10529,1,9,0,18,0,1,0,0,0,0,2,1,15,1,33,6,1998,1,8,2,1
200501GD10529,2,9,0,18,0,1,0,0,0,0,1,1,15,3,-1,-1,1753,2,2,-1,-1
200501GD10530,1,9,0,3,0,0,0,0,0,0,2,1,15,1,35,6,1587,1,11,2,1
200501GD10530,2,9,0,4,0,0,0,0,0,0,1,1,15,2,-1,-1,1500,1,13,1,1
200501GD10531,1,9,0,18,0,1,0,0,0,0,4,1,15,1,49,8,1998,1,-1,1,1
200501GD10532,1,3,0,18,0,1,0,0,0,0,3,1,15,1,40,7,-1,-1,-1,-1,-1
200501GD10532,2,9,0,9,0,1,0,0,0,0,1,1,15,3,-1,-1,1998,1,12,-1,-1
200501GD10533,1,9,0,18,0,1,0,0,0,0,4,1,15,1,33,6,1799,1,9,1,1
200501GD10533,2,1,0,7,0,1,0,0,0,0,1,1,15,1,11,3,-1,-1,-1,-1,-1
200501GD10534,1,1,0,18,0,0,0,0,0,0,1,1,15,1,30,6,-1,-1,-1,3,1
200501GD10535,1,9,0,4,0,1,0,0,0,0,1,1,15,2,30,6,1242,1,9,1,1
200501GD10536,1,11,0,18,0,8,0,0,0,0,1,1,15,1,45,7,-1,2,5,1,1
200501GD10537,1,3,0,18,0,1,0,0,0,0,1,1,15,1,-1,-1,124,1,4,2,1
200501GD10537,2,9,0,4,0,1,0,0,0,0,2,1,15,1,-1,-1,1493,1,10,-1,-1
200501GD10538,1,5,0,18,0,8,0,0,0,0,1,1,15,1,38,7,998,1,2,9,1
200501GD10538,2,9,0,9,0,8,0,0,0,0,4,1,15,1,-1,-1,-1,-1,-1,-1,-1
200501GD10539,1,9,0,7,0,1,0,0,0,0,1,1,15,1,46,8,1389,1,4,3,1
200501GD10539,2,1,0,7,0,3,0,0,0,0,1,1,15,1,40,7,-1,-1,-1,2,1
200501GD10540,1,11,0,18,0,8,0,0,0,0,1,1,15,1,55,8,-1,2,4,-1,-1
200501GD10540,2,9,0,18,0,8,0,0,0,0,3,1,15,1,42,7,2354,1,2,3,1
200501GD10541,1,9,0,5,0,1,0,0,0,0,1,1,15,2,45,7,-1,-1,-1,1,1
200501GD10542,1,9,0,3,0,1,0,4,0,0,2,1,15,1,42,7,1397,1,2,10,1
200501GD10542,2,9,0,18,0,1,0,4,0,0,1,1,15,1,35,6,1396,1,11,-1,-1
200501GD10542,3,5,0,4,0,1,0,4,0,0,2,1,15,1,20,4,-1,-1,-1,-1,-1
200501GD10543,1,9,0,18,0,1,0,0,0,0,1,1,15,2,67,10,1597,1,11,2,1
200501GD10544,1,5,0,18,0,2,0,0,0,0,1,1,15,1,29,6,553,1,11,3,1
200501GD10544,2,9,0,18,0,1,0,0,0,0,1,1,15,1,26,6,1769,1,2,2,1
200501GD10545,1,1,0,9,0,8,0,0,0,0,1,1,15,1,27,6,-1,-1,-1,2,1
200501GD10545,2,9,0,9,0,8,0,0,0,0,3,1,15,2,34,6,1948,1,6,1,1
200501GD10546,1,9,0,9,0,8,0,0,0,0,3,1,15,1,24,5,-1,-1,-1,-1,-1
200501GD10546,2,1,0,17,0,8,0,0,0,0,1,1,15,2,30,6,-1,-1,-1,5,1
200501GD10547,1,9,0,18,0,8,0,0,0,0,4,1,15,1,28,6,-1,-1,-1,3,1
200501GD10547,2,9,0,9,0,8,0,0,0,0,3,1,15,1,56,9,-1,-1,-1,7,3
200501GD10548,1,9,0,9,0,8,0,0,0,0,1,1,15,1,25,5,1391,1,12,2,1
200501GD10548,2,5,0,14,0,8,0,0,0,0,4,1,15,1,35,6,1199,1,3,4,1
200501GD10549,1,5,0,18,0,0,0,0,0,0,1,1,15,1,31,6,-1,-1,-1,2,1
200501GD10549,2,9,0,14,0,0,0,0,0,0,1,1,2,1,25,5,1332,1,12,-1,-1
200501GD10550,1,19,0,12,8,0,0,0,0,0,3,1,15,1,52,8,-1,-1,-1,-1,-1
200501GD10550,2,1,0,18,0,0,0,0,0,0,4,1,15,2,-1,-1,-1,-1,-1,2,1
200501GD10551,1,19,0,1,0,1,0,0,0,0,2,1,15,1,-1,-1,-1,-1,-1,-1,-1
200501GD10552,1,9,0,9,0,8,0,0,0,0,2,1,15,1,65,9,1289,1,6,2,1
200501GD10552,2,9,0,9,0,8,0,0,0,0,1,1,15,1,20,4,-1,-1,-1,-1,-1
200501GD10553,1,9,0,7,0,8,0,0,0,0,4,1,15,1,38,7,1598,1,6,3,1
200501GD10553,2,1,0,18,0,8,0,0,0,0,3,1,15,1,34,6,-1,-1,-1,3,1
200501GD10554,1,8,0,18,0,1,0,0,0,0,4,1,1,1,35,6,-1,-1,-1,3,1
200501GD10555,1,9,0,18,0,1,0,0,0,0,2,1,15,1,26,6,1870,2,2,5,1
200501GD10555,2,3,0,18,0,1,0,0,0,0,1,1,15,1,28,6,125,1,41,2,1
200501GD10556,1,5,0,18,0,0,1,10,0,0,0,1,15,1,21,5,998,1,4,-1,-1
200501GD10558,1,9,0,9,0,8,0,0,0,0,3,1,15,1,-1,-1,1731,1,8,3,1
200501GD10558,2,9,0,18,0,8,0,0,0,0,1,1,15,1,-1,-1,2254,1,6,1,1
200501GD10559,1,19,0,2,0,0,0,0,0,0,3,1,1,1,54,8,1796,1,2,2,1
200501GD10559,2,1,0,18,0,0,0,8,0,0,1,1,15,1,-1,-1,-1,-1,-1,1,1
200501GD10560,1,11,0,2,0,0,0,0,0,0,0,1,1,1,41,7,8268,2,2,-1,-1
200501GD10563,1,9,0,18,0,1,0,0,0,0,1,1,15,2,65,9,1298,1,5,2,1
200501GD10564,1,9,0,3,0,8,0,0,0,0,3,1,15,1,31,6,-1,-1,-1,1,1
200501GD10564,2,9,0,5,0,8,0,0,0,0,4,1,15,3,-1,-1,1360,1,3,-1,-1
200501GD10567,1,5,0,14,0,1,0,0,0,0,1,1,15,1,28,6,599,1,2,7,1
200501GD10568,1,9,0,2,0,1,0,0,0,0,3,1,15,1,41,7,1974,2,12,1,1
200501GD10568,2,1,0,18,0,1,0,0,0,0,1,1,15,2,54,8,-1,-1,-1,2,1
200501GD10569,1,19,0,18,0,0,0,0,0,0,4,1,15,1,-1,-1,2400,2,2,-1,-1
200501GD10570,1,9,0,18,0,0,0,0,1,10,1,1,15,1,24,5,-1,-1,-1,3,1
200501GD10570,2,9,0,18,0,0,0,0,0,0,3,1,15,1,31,6,-1,-1,-1,7,1
200501GD10571,1,9,0,18,0,1,0,0,0,0,1,1,15,1,27,6,-1,-1,-1,3,1
200501GD10571,2,9,0,9,0,8,0,0,0,0,2,1,15,1,68,10,1119,1,12,1,1
200501GD10572,1,1,0,18,0,0,0,0,0,0,3,1,15,1,58,9,-1,-1,-1,1,1
200501GD10572,2,9,0,18,0,0,0,0,0,0,4,1,15,1,22,5,1986,1,12,-1,-1
200501GD10573,1,9,0,18,0,1,0,0,0,0,3,1,15,1,-1,-1,1596,1,2,-1,-1
200501GD10574,1,9,0,4,0,0,0,0,0,0,1,1,15,1,30,6,1998,1,6,2,1
200501GD10574,2,9,0,18,0,0,0,0,0,0,1,1,15,1,-1,-1,1580,1,10,-1,-1
200501GD10575,1,9,0,18,0,2,0,0,0,0,1,1,15,2,45,7,1600,1,5,-1,-1
200501GD10576,1,9,0,18,0,0,0,0,0,0,1,1,15,1,28,6,1895,1,5,3,1
200501GD10577,1,9,0,4,0,1,0,0,0,0,2,1,15,1,42,7,1599,1,9,1,1
200501GD10577,2,9,0,18,0,1,0,0,0,0,1,1,15,1,23,5,2660,2,11,2,1
200501GD10578,1,9,0,18,0,1,0,0,0,0,1,1,15,1,40,7,2793,1,10,1,1
200501GD10579,1,3,0,18,0,1,0,0,0,0,4,1,15,1,17,4,-1,-1,-1,1,1
200501GD10580,1,5,0,18,0,8,0,0,0,0,1,1,15,1,34,6,1085,1,6,3,1
200501GD10580,2,9,0,9,0,8,0,0,0,0,4,1,15,1,19,4,1598,1,3,1,1
200501GD10581,1,2,0,18,0,0,0,0,0,0,1,1,15,1,16,4,-1,-1,-1,-1,-1
200501GD10581,2,9,0,2,0,0,0,0,0,0,1,1,15,3,-1,-1,3528,1,21,-1,-1
200501GD10582,1,11,0,3,0,8,0,0,0,0,0,1,1,1,44,7,8268,2,3,6,1
200501GD10583,1,4,0,18,0,8,0,0,0,0,3,1,15,1,28,6,499,1,11,4,1
200501GD10583,2,9,0,18,0,8,0,0,0,0,1,1,15,3,-1,-1,2933,1,16,-1,-1
200501GD10586,1,9,0,18,0,2,0,4,0,0,1,1,15,1,24,5,-1,-1,-1,2,1
200501GD10586,2,9,0,2,0,2,0,0,0,0,2,1,15,3,-1,-1,3430,1,16,-1,-1
200501GD10586,3,9,0,2,0,2,0,0,0,0,2,1,15,3,-1,-1,1389,1,6,-1,-1
200501GD10586,4,9,0,2,0,2,0,0,0,0,1,1,15,3,-1,-1,1997,1,11,-1,-1
200501GD10587,1,9,0,9,0,1,0,0,0,0,4,1,15,2,36,7,1598,1,2,5,1
200501GD10587,2,3,0,18,0,1,0,0,0,0,3,1,15,1,25,5,125,1,1,2,1
200501GD10588,1,9,0,2,0,2,0,0,0,0,3,1,15,2,39,7,-1,-1,-1,1,1
200501GD10588,2,9,0,6,0,1,0,0,0,0,4,1,15,1,-1,-1,1599,1,8,-1,-1
200501GD10588,3,4,0,18,0,2,0,0,0,0,3,1,15,1,-1,-1,-1,-1,-1,-1,-1
200501GD10591,1,9,0,4,0,1,0,0,0,0,1,1,15,2,32,6,-1,-1,-1,1,1
200501GD10591,2,9,0,3,0,1,0,0,0,0,2,1,15,1,43,7,1731,1,9,3,1
200501GD10591,3,9,0,3,0,1,0,0,0,0,2,1,15,1,35,6,-1,-1,-1,2,1
200501GD10593,1,9,0,3,0,8,0,0,0,0,2,1,15,1,48,8,2362,1,4,2,1
200501GD10593,2,9,0,18,0,8,0,0,0,0,1,1,15,3,-1,-1,1997,1,20,-1,-1
200501GD10594,1,5,0,2,0,1,0,0,0,0,4,1,15,1,37,7,1250,1,4,4,1
200501GD10594,2,9,0,1,0,1,0,0,0,0,2,1,15,1,-1,-1,1896,2,3,1,1
200501GD10595,1,5,0,18,0,2,0,0,0,0,1,1,15,1,20,4,599,1,1,8,3
200501GD10595,2,9,0,18,0,2,0,0,0,0,1,1,15,1,40,7,3246,1,2,10,2
200501GD10596,1,3,0,18,0,0,0,0,0,0,1,1,15,1,30,6,124,1,3,2,1
200501GD10597,1,19,0,18,0,1,0,0,0,0,4,1,15,1,-1,-1,2384,2,10,-1,-1
200501GD10598,1,3,0,18,0,0,0,0,0,0,3,1,15,1,31,6,125,1,24,-1,-1
200501GD10598,2,9,0,6,0,0,0,0,0,0,3,1,15,1,42,7,1799,1,6,-1,-1
200501GD10599,1,9,0,18,0,0,0,0,0,0,3,1,15,1,30,6,1597,1,10,3,1
200501GD10599,2,9,0,11,0,0,0,0,0,0,4,1,15,3,-1,-1,-1,-1,-1,-1,-1
200501GD10600,1,19,0,9,0,3,0,7,0,0,1,1,1,1,42,7,-1,-1,-1,10,1
200501GD10601,1,9,0,18,0,1,0,0,0,0,1,1,15,1,37,7,1596,1,11,1,1
200501GD10602,1,5,0,13,0,2,0,0,0,0,1,1,15,1,34,6,618,1,-1,1,1
200501GD10603,1,19,0,7,0,8,0,0,0,0,1,1,2,1,29,6,5700,1,2,2,1
200501GD10604,1,1,0,18,0,1,0,0,0,0,4,1,15,1,26,6,-1,-1,-1,1,1
200501GD10604,2,9,0,7,0,1,0,0,0,0,1,1,15,3,-1,-1,-1,-1,-1,-1,-1
200501GD10605,1,11,0,18,0,0,0,0,0,0,0,1,1,1,-1,-1,-1,-1,-1,-1,-1
200501GD10606,1,9,0,18,0,3,0,0,0,0,1,1,15,3,-1,-1,-1,-1,-1,-1,-1
200501GD10607,1,9,0,3,0,1,0,0,0,0,2,1,15,1,34,6,2495,2,4,7,1
200501GD10607,2,9,0,3,0,1,0,0,0,0,2,1,15,1,35,6,1995,2,4,-1,-1
200501GD10607,3,11,0,5,0,1,0,0,0,0,1,1,15,1,-1,-1,8268,2,3,2,1
200501GD10608,1,11,0,18,0,0,0,0,0,0,4,1,1,1,45,7,8268,2,4,3,1
200501GD10609,1,9,0,3,0,1,0,0,0,0,2,1,15,1,35,6,1598,1,5,-1,-1
200501GD10609,2,9,0,18,0,1,0,0,0,0,1,1,15,1,48,8,1783,1,8,1,1
200501GD10610,1,1,0,18,0,8,0,0,0,0,1,1,15,1,30,6,-1,-1,-1,4,1
200501GD10610,2,19,0,7,0,8,0,0,0,0,4,1,15,3,-1,-1,-1,-1,-1,-1,-1
200501GD10612,1,1,0,18,0,8,0,0,0,0,3,1,15,1,28,6,-1,-1,-1,-1,-1
200501GD10612,2,19,0,9,0,8,0,0,0,0,1,1,15,1,-1,-1,-1,-1,-1,-1,-1
200501GD10613,1,9,0,3,0,8,0,0,0,0,2,1,15,1,50,8,1753,2,10,4,1
200501GD10613,2,9,0,18,0,8,0,0,0,0,1,1,15,3,-1,-1,1360,1,3,-1,-1
200501GD10614,1,9,0,18,0,1,1,0,0,0,1,1,15,1,21,5,-1,-1,-1,2,1
200501GD10614,2,9,0,9,0,8,0,0,0,0,4,1,15,1,36,7,1895,1,4,10,2
200501GD10615,1,8,0,18,0,8,0,0,0,0,1,1,15,1,48,8,-1,-1,-1,9,1
200501GD10615,2,9,0,9,0,8,0,0,0,0,3,1,15,1,34,6,1796,1,5,1,1
200501GD10616,1,5,0,18,0,8,1,0,0,0,0,1,15,1,36,7,919,1,2,8,1
200501GD10616,2,9,0,9,0,8,0,0,0,0,0,1,15,1,44,7,1598,1,16,-1,-1
200501GD10618,1,9,0,18,0,0,0,0,0,0,1,1,15,1,42,7,1998,1,8,2,1
200501GD10619,1,11,0,4,0,0,0,0,0,0,0,1,1,1,27,6,5900,2,6,1,1
200501GD10620,1,19,0,18,0,1,0,0,0,0,1,1,15,1,26,6,2402,2,-1,5,1
200501GD10620,2,8,0,3,0,1,0,0,0,0,2,1,15,1,52,8,1769,1,15,1,1
200501GD10621,1,9,0,9,0,8,0,0,0,0,1,1,15,1,47,8,1769,1,9,-1,-1
200501GD10621,2,3,0,14,0,8,0,0,0,0,4,1,15,1,21,5,124,1,4,-1,-1
200501GD10622,1,9,0,18,0,1,0,0,0,0,4,1,15,1,53,8,2068,2,10,9,1
200501GD10623,1,1,0,18,0,1,0,0,0,0,3,1,15,2,25,5,-1,-1,-1,2,1
200501GD10623,2,9,0,7,0,1,0,0,0,0,4,1,15,1,-1,-1,1796,1,11,-1,-1
200501GD10624,1,3,0,18,0,1,0,0,0,0,1,1,15,1,28,6,124,1,6,3,1
200501GD10624,2,9,0,6,0,1,0,0,0,0,3,1,15,1,33,6,1598,1,3,6,2
200501GD10626,1,9,0,18,0,1,0,0,0,0,2,1,15,1,41,7,1392,1,12,3,1
200501GD10626,2,9,0,18,0,1,0,0,0,0,1,1,15,1,70,10,1998,1,13,1,1
200501GD10628,1,11,0,4,0,0,0,0,0,0,1,1,15,1,-1,-1,-1,-1,-1,-1,-1
200501GD10629,1,9,0,4,0,1,0,0,0,0,2,1,15,2,32,6,1397,1,2,2,1
200501GD10629,2,19,0,18,0,1,0,0,0,0,1,1,15,1,-1,-1,1870,2,1,-1,-1
200501GD10630,1,11,0,18,0,1,0,0,0,0,0,1,1,1,38,7,-1,2,-1,3,1
200501GD10631,1,19,0,9,0,8,0,0,0,0,3,1,15,1,-1,-1,-1,-1,-1,-1,-1
200501GD10631,2,5,0,18,0,8,0,0,0,0,1,1,15,1,34,6,-1,-1,-1,9,1
200501GD10632,1,9,0,18,0,1,0,0,0,0,1,1,15,1,52,8,1783,1,5,1,1
200501GD10632,2,1,0,18,0,1,0,0,0,0,3,1,15,1,11,3,-1,-1,-1,2,1
200501GD10633,1,9,0,14,0,8,0,0,0,0,4,1,15,1,-1,-1,-1,-1,-1,-1,-1
200501GD10634,1,19,0,13,0,0,0,0,0,0,4,1,15,1,26,6,1686,2,2,2,1
200501GD10634,2,1,0,12,0,0,0,0,0,0,3,1,15,1,26,6,-1,-1,-1,3,1
200501GD10635,1,9,0,18,0,0,0,0,0,0,1,1,15,1,33,6,2295,1,7,2,1
200501GD10636,1,9,0,3,0,1,0,0,0,0,2,1,15,1,38,7,1896,2,1,-1,-1
200501GD10636,2,9,0,18,0,1,0,0,0,0,1,1,15,1,23,5,1800,1,5,2,1
200501GD10637,1,9,0,7,0,3,0,0,0,0,4,1,15,1,42,7,1900,2,6,3,1
200501GD10637,2,1,0,18,0,3,0,0,0,0,3,1,15,1,21,5,-1,-1,-1,-1,-1
200501GD10638,1,9,0,1,0,8,0,0,0,0,2,1,15,1,32,6,1242,1,8,2,1
200501GD10638,2,11,0,18,0,1,0,0,0,0,1,1,1,1,49,8,-1,-1,-1,4,1
200501GD10639,1,9,0,18,0,2,0,0,0,0,2,1,15,2,34,6,1493,1,12,3,1