Accident_Index,Vehicle_Reference,Vehicle_Type,Towing_and_Articulation,Vehicle_Manoeuvre,Vehicle_Location_Restricted_Lane,Junction_Location,Skidding_and_Overturning,Hit_Object_in_Carriageway,Vehicle_Leaving_Carriageway,Hit_Object_off_Carriageway,1st_Point_of_Impact,Was_Vehicle_Left_Hand_Drive?,Journey_Purpose_of_Driver,Sex_of_Driver,Age_of_Driver,Age_Band_of_Driver,Engine_Capacity_(CC),Propulsion_Code,Age_of_Vehicle,Driver_IMD_Decile,Driver_Home_Area_Type
200501GD10828,1,19,0,2,0,0,0,0,0,0,3,1,15,1,28,6,-1,-1,-1,2,1
200501GD10828,2,20,0,18,0,0,0,0,0,0,4,1,15,1,-1,-1,-1,-1,-1,-1,-1
200501GD10829,1,11,0,4,0,0,0,0,0,0,0,1,15,1,41,7,7300,2,2,2,1
200501GD10830,1,9,0,18,0,8,0,0,0,0,1,1,15,1,63,9,-1,-1,-1,1,1
200501GD10830,2,9,0,18,0,8,0,0,0,0,2,1,15,1,36,7,-1,-1,-1,-1,-1
200501GD10831,1,9,0,18,0,8,0,0,0,0,3,1,15,1,50,8,2497,1,9,3,1
200501GD10831,2,9,0,9,0,8,0,0,0,0,3,1,15,1,52,8,-1,-1,-1,4,1
200501GD10832,1,9,0,9,0,8,0,0,0,0,1,1,15,1,36,7,1493,1,10,5,1
200501GD10832,2,1,0,15,0,8,0,0,0,0,3,1,15,1,45,7,-1,-1,-1,9,3
200501GD10833,1,9,0,16,0,1,0,0,0,0,1,1,15,2,-1,-1,1499,1,11,-1,-1
200501GD10833,2,9,0,17,0,1,0,0,0,0,1,1,15,1,74,10,-1,-1,-1,2,1
200501GD10834,1,9,0,18,0,8,0,0,7,10,4,1,15,1,48,8,1998,1,11,2,1
200501GD10834,2,9,0,18,0,8,0,0,0,0,3,1,15,1,77,11,1389,1,11,-1,-1
200501GD10835,1,5,0,18,0,0,1,0,0,0,3,1,15,1,32,6,-1,-1,-1,6,1
200501GD10835,2,19,0,18,0,0,0,0,0,0,1,1,15,1,56,9,2384,2,12,3,1
200501GD10836,1,9,0,4,0,0,0,0,0,0,2,1,15,1,42,7,1896,2,9,3,1
200501GD10836,2,9,0,4,0,0,0,0,0,0,2,1,15,1,33,6,1985,1,7,-1,-1
200501GD10836,3,9,0,18,0,0,0,0,0,0,1,1,15,1,46,8,1998,2,7,1,1
200501GD10837,1,1,0,18,0,2,0,0,0,0,3,1,15,1,39,7,-1,-1,-1,2,1
200501GD10837,2,9,0,13,0,2,0,0,0,0,4,1,15,1,-1,-1,1488,2,10,-1,-1
200501GD10838,1,1,0,18,0,8,0,0,0,0,4,1,15,1,34,6,-1,-1,-1,2,1
200501GD10838,2,9,0,18,0,8,0,0,0,0,3,1,15,3,-1,-1,-1,-1,-1,-1,-1
200501GD10839,1,5,0,14,0,8,0,0,0,0,1,1,15,1,29,6,-1,-1,-1,2,1
200501GD10839,2,9,0,9,0,8,0,0,0,0,3,1,15,1,43,7,1108,1,9,-1,-1
200501GD10841,1,11,0,14,0,0,0,0,0,0,1,1,15,2,42,7,-1,2,7,3,1
200501GD10842,1,9,0,18,0,2,0,0,0,0,1,1,15,1,-1,-1,973,1,4,-1,-1
200501GD10842,2,19,0,2,0,2,0,0,0,0,2,1,15,1,-1,-1,6871,2,11,-1,-1
200501GD10842,3,9,0,2,0,2,0,0,0,0,2,1,15,1,-1,-1,-1,-1,-1,-1,-1
200501GD10843,1,9,0,18,0,1,0,0,0,0,2,1,15,2,40,7,-1,-1,-1,-1,-1
200501GD10843,2,9,0,18,0,1,0,0,0,0,1,1,15,1,59,9,1998,1,6,3,1
200501GD10844,1,9,0,14,0,1,0,0,0,0,1,1,15,1,24,5,1390,1,2,1,1
200501GD10845,1,9,0,9,0,8,0,0,0,0,4,1,15,1,-1,-1,1360,1,-1,-1,-1
200501GD10845,2,9,0,18,0,8,0,0,0,0,1,1,15,1,43,7,1783,1,10,2,1
200501GD10846,1,3,0,13,0,8,0,0,0,0,4,1,15,1,38,7,-1,-1,-1,-1,-1
200501GD10846,2,11,0,7,0,8,0,0,0,0,3,1,15,1,48,8,3900,2,2,2,1
200501GD10847,1,9,0,3,0,0,0,0,0,0,2,1,15,1,40,7,1998,1,10,1,1
200501GD10847,2,9,0,18,0,0,0,0,0,0,1,1,15,3,-1,-1,-1,-1,-1,-1,-1
200501GD10848,1,9,0,18,0,1,0,0,0,0,1,1,15,3,-1,-1,-1,-1,-1,-1,-1
200501GD10849,1,1,0,18,0,8,0,0,0,0,3,1,15,2,26,6,-1,-1,-1,3,1
200501GD10849,2,9,0,18,0,8,0,0,0,0,4,1,15,3,-1,-1,-1,-1,-1,-1,-1
200501GD10850,1,9,0,3,0,0,0,0,0,0,2,1,15,1,30,6,1700,2,8,4,1
200501GD10850,2,9,0,18,0,0,0,0,0,0,1,1,15,1,-1,-1,1296,1,10,-1,-1
200501GD10851,1,9,0,18,0,8,0,0,0,0,4,1,15,1,30,6,-1,-1,-1,2,1
200501GD10851,2,9,0,9,0,8,0,0,0,0,1,1,15,2,-1,-1,1493,1,11,-1,-1
200501GD10854,1,9,0,18,0,8,0,0,0,0,4,1,15,2,26,6,1299,1,7,1,1
200501GD10854,2,9,0,18,0,8,0,0,0,0,4,1,15,1,-1,-1,1341,1,4,-1,-1
200501GD10856,1,9,0,16,0,0,0,0,0,0,1,1,15,1,-1,-1,1796,1,2,-1,-1
200501GD10857,1,9,0,6,0,0,0,0,0,0,3,1,15,1,40,7,2000,1,14,6,1
200501GD10857,2,9,0,18,0,0,0,0,0,0,1,1,15,1,18,4,1596,1,3,3,1
200501GD10858,1,21,0,2,0,0,0,0,0,0,3,1,15,1,41,7,-1,-1,-1,1,1
200501GD10858,2,1,0,18,0,0,0,0,0,0,1,1,15,2,31,6,-1,-1,-1,2,1
200501GD10859,1,9,0,18,0,8,0,0,0,0,4,1,15,2,29,6,1396,1,3,1,1
200501GD10859,2,1,0,18,0,8,0,0,0,0,3,1,15,1,40,7,-1,-1,-1,3,1
200501GD10860,1,9,0,18,0,8,0,0,0,0,4,1,15,2,56,9,998,1,2,-1,-1
200501GD10860,2,9,0,18,0,8,0,0,1,10,1,1,15,1,30,6,1597,1,8,6,1
200501GD10861,1,9,0,18,0,1,0,0,0,0,2,1,15,2,24,5,1275,1,8,2,1
200501GD10861,2,9,0,18,0,1,0,0,0,0,1,1,15,1,-1,-1,-1,-1,-1,-1,-1
200501GD10862,1,1,0,18,0,1,0,0,0,0,2,1,15,1,29,6,-1,-1,-1,3,1
200501GD10862,2,9,0,18,0,1,0,0,0,0,1,1,15,3,-1,-1,-1,-1,-1,-1,-1
200501GD10864,1,9,0,4,0,1,0,0,0,0,2,1,15,1,33,6,1598,1,7,3,1
200501GD10864,2,19,0,18,0,1,0,0,0,0,1,1,15,1,26,6,1753,2,2,2,1
200501GD10866,1,9,0,3,0,1,0,0,0,0,2,1,15,1,23,5,1390,1,4,7,1
200501GD10866,2,9,0,18,0,1,0,0,0,0,1,1,15,2,-1,-1,-1,-1,-1,3,1
200501GD10868,1,9,0,9,0,8,0,0,0,0,4,1,15,1,45,7,1598,1,1,3,1
200501GD10868,2,9,0,18,0,8,0,0,0,0,1,1,15,1,37,7,-1,-1,-1,3,1
200501GD10869,1,1,0,18,0,0,0,0,0,0,3,1,15,2,26,6,-1,-1,-1,2,1
200501GD10869,2,9,0,6,0,0,0,0,0,0,4,1,15,1,-1,-1,1996,1,9,-1,-1
200501GD10870,1,19,0,7,0,1,0,0,0,0,4,1,1,1,42,7,2402,2,4,3,1
200501GD10870,2,3,0,15,0,1,0,0,0,0,3,1,15,3,-1,-1,124,1,5,-1,-1
200501GD10871,1,3,0,13,0,8,0,0,0,0,4,1,15,1,30,6,125,1,6,6,1
200501GD10871,2,19,0,9,0,8,0,0,0,0,3,1,15,1,-1,-1,3000,2,1,8,1
200501GD10872,1,9,0,4,0,0,0,0,0,0,2,1,15,2,33,6,1390,1,6,1,1
200501GD10872,2,9,0,18,0,0,0,0,0,0,1,1,15,1,35,6,3301,1,7,-1,-1
200501GD10872,3,9,0,4,0,0,0,0,0,0,2,1,15,2,-1,-1,-1,-1,-1,-1,-1
200501GD10876,1,4,0,18,0,8,0,0,0,0,1,1,15,1,-1,-1,244,1,5,-1,-1
200501GD10876,2,9,0,9,0,8,0,0,0,0,3,1,15,1,-1,-1,1998,1,6,-1,-1
200501GD10877,1,4,0,14,0,0,0,0,0,0,1,1,15,1,28,6,176,1,6,2,1
200501GD10878,1,9,0,18,0,1,0,0,0,0,1,1,15,1,-1,-1,-1,-1,-1,-1,-1
200501GD10879,1,9,0,18,0,0,0,0,0,0,2,1,15,2,45,7,2967,1,5,1,1
200501GD10879,2,9,0,18,0,0,0,0,0,0,1,1,15,3,-1,-1,-1,-1,-1,-1,-1
200501GD10880,1,9,0,18,0,1,0,0,0,0,3,1,15,1,30,6,1242,1,2,1,1
200501GD10880,2,9,0,11,0,1,0,0,0,0,4,1,15,1,51,8,1998,1,9,3,1
200501GD10881,1,5,0,13,0,0,0,0,0,0,4,1,15,1,45,7,553,1,8,10,1
200501GD10881,2,9,0,6,0,0,0,0,0,0,3,1,15,1,45,7,1998,1,8,5,1
200501GD10883,1,3,0,18,0,0,1,0,0,0,2,1,15,1,41,7,124,1,3,3,1
200501GD10883,2,9,0,9,0,0,0,0,0,0,3,1,15,1,52,8,1398,2,-1,3,1
200501GD10884,1,9,0,2,0,0,0,0,0,0,3,1,15,1,40,7,1299,1,5,1,1
200501GD10884,2,9,0,6,0,0,0,0,0,0,1,1,15,3,-1,-1,2295,1,1,-1,-1
200501GD10885,1,9,0,18,0,1,0,0,0,0,1,1,15,1,42,7,1595,1,-1,2,1
200501GD10885,2,9,0,4,0,1,0,0,0,0,2,1,15,1,39,7,899,1,12,1,1
200501GD10888,1,5,0,14,0,8,0,0,0,0,3,1,15,1,23,5,599,1,1,2,1
200501GD10888,2,9,0,9,0,8,0,0,0,0,1,1,15,1,-1,-1,-1,-1,-1,-1,-1
200501GD10889,1,9,0,16,0,2,1,0,0,0,1,1,4,1,26,6,1495,1,7,5,1
200501GD10889,2,9,0,9,0,6,0,0,0,0,3,1,1,1,46,8,1997,2,7,1,1
200501GD10890,1,9,0,14,0,1,0,0,0,0,1,1,15,1,35,6,1596,1,2,1,1
200501GD10891,1,9,0,5,0,1,1,7,1,7,4,1,15,1,28,6,-1,-1,-1,3,1
200501GD10891,2,19,0,5,0,1,1,0,0,0,2,1,15,1,20,4,1998,2,2,1,1
200501GD10892,1,4,0,18,0,8,0,0,0,0,3,1,15,1,31,6,499,1,5,-1,-1
200501GD10892,2,9,0,9,0,8,0,0,0,0,3,1,15,1,46,8,1396,1,9,1,1
200501GD10893,1,9,0,2,0,1,0,0,0,0,1,1,15,2,31,6,1997,1,12,-1,-1
200501GD10893,2,1,0,18,0,1,1,0,0,0,1,1,15,1,41,7,-1,-1,-1,1,1
200501GD10894,1,9,0,18,0,0,0,0,0,0,4,1,15,2,32,6,2494,1,11,1,1
200501GD10895,1,8,0,18,0,1,0,0,0,0,4,1,15,1,54,8,1896,2,-1,4,1
200501GD10897,1,4,0,18,0,1,0,0,0,0,0,1,15,1,37,7,-1,-1,-1,2,1
200501GD10898,1,11,0,18,0,0,0,0,0,0,1,1,1,1,64,9,6370,2,1,2,1
200501GD10899,1,9,0,18,0,8,0,0,0,0,4,1,15,1,42,7,1896,2,4,1,1
200501GD10899,2,2,0,18,0,8,0,0,0,0,1,1,15,1,44,7,-1,-1,-1,3,1
200501GD10900,1,1,0,3,9,1,0,0,0,0,3,1,15,2,26,6,-1,-1,-1,4,1
200501GD10900,2,21,0,7,0,1,0,0,0,0,4,1,1,1,-1,-1,-1,-1,-1,-1,-1
200501GD10901,1,9,0,18,0,0,0,0,0,0,4,1,15,3,-1,-1,-1,-1,-1,-1,-1
200501GD10902,1,9,0,5,0,1,0,0,0,0,3,1,15,3,-1,-1,-1,-1,-1,-1,-1
200501GD10902,2,1,0,14,0,1,0,0,0,0,4,1,15,2,51,8,-1,-1,-1,2,1
200501GD10904,1,9,0,18,0,2,0,0,0,0,4,1,15,1,-1,-1,-1,-1,-1,-1,-1
200501GD10905,1,9,0,18,0,0,0,0,0,0,1,1,15,2,31,6,-1,-1,-1,2,1
200501GD10905,2,9,0,4,0,0,0,0,0,0,2,1,15,2,38,7,1389,1,9,1,1
200501GD10905,3,9,0,4,0,0,0,0,0,0,2,1,15,3,47,8,-1,-1,-1,2,1
200501GD10906,1,9,0,4,0,1,0,0,0,0,1,1,15,1,42,7,1998,1,7,1,1
200501GD10907,1,9,0,18,0,8,0,0,0,0,1,1,15,2,51,8,1997,1,18,1,1
200501GD10907,2,19,0,9,0,8,0,0,0,0,1,1,15,1,21,5,2496,2,6,-1,-1
200501GD10908,1,9,0,7,0,6,0,0,0,0,3,1,15,2,33,6,1995,2,1,3,1
200501GD10908,2,3,0,4,0,1,0,0,0,0,4,1,15,2,22,5,85,1,18,2,1
200501GD10909,1,9,0,18,0,1,0,0,0,0,4,1,15,2,22,5,998,1,6,1,1
200501GD10910,1,9,0,18,0,0,0,0,0,0,1,1,15,1,38,7,1781,1,13,1,1
200501GD10911,1,5,0,18,0,1,0,0,0,0,4,1,15,2,34,6,652,1,-1,6,1
200501GD10912,1,9,0,9,0,1,0,0,0,0,3,1,15,1,29,6,1149,1,4,5,1
200501GD10912,2,5,0,18,0,1,0,0,0,0,1,1,15,1,28,6,600,1,4,2,1
200501GD10913,1,11,0,18,0,1,0,0,0,0,3,1,1,1,21,5,8268,2,2,1,1
200501GD10913,2,9,0,18,0,1,0,0,0,0,4,1,15,1,45,7,1389,1,9,-1,-1
200501GD10915,1,9,0,18,0,1,0,0,0,0,1,1,15,1,54,8,1272,1,14,1,1
200501GD10916,1,1,0,15,0,0,0,0,0,0,3,1,15,1,33,6,-1,-1,-1,-1,-1
200501GD10916,2,11,0,18,0,0,0,0,0,0,4,1,15,1,-1,-1,-1,-1,-1,-1,-1
200501GD10917,1,9,0,3,0,1,0,0,0,0,2,1,15,2,42,7,-1,-1,-1,1,1
200501GD10917,2,9,0,18,0,1,0,0,0,0,1,1,15,1,-1,-1,1598,1,11,-1,-1
200501GD10919,1,9,0,18,0,3,0,0,0,0,1,1,15,1,-1,-1,-1,-1,-1,-1,-1
200501GD10920,1,3,0,18,0,2,0,0,0,0,1,1,15,1,25,5,125,1,1,2,1
200501GD10920,2,9,0,3,0,1,0,0,0,0,1,1,15,1,42,7,1762,1,8,3,1
200501GD10923,1,9,0,9,0,1,0,0,0,0,4,1,15,1,26,6,1597,1,10,3,1
200501GD10923,2,1,0,18,0,1,0,0,0,0,1,1,15,1,-1,-1,-1,-1,-1,-1,-1
200501GD10924,1,9,0,18,0,8,0,0,0,0,4,1,15,1,40,7,1389,1,11,1,1
200501GD10924,2,9,0,9,0,8,0,0,0,0,1,1,15,1,-1,-1,1598,1,3,-1,-1
200501GD10925,1,11,0,18,0,1,0,0,0,0,1,1,1,1,-1,-1,-1,2,4,-1,-1
200501GD10926,1,9,0,6,0,1,0,0,0,0,3,1,15,1,28,6,1996,1,7,3,1
200501GD10926,2,1,0,18,0,1,0,0,0,0,1,1,15,1,20,4,-1,-1,-1,2,1
200501GD10927,1,9,0,18,0,2,0,0,0,0,1,1,15,1,-1,-1,-1,-1,-1,-1,-1
200501GD10928,1,2,0,18,0,0,0,0,0,0,1,1,15,3,-1,-1,-1,-1,-1,-1,-1
200501GD10929,1,9,0,3,0,1,0,0,0,0,2,1,15,1,46,8,1997,1,6,1,1
200501GD10929,2,9,0,18,0,1,0,0,0,0,1,1,15,1,24,5,1389,1,10,3,1
200501GD10931,1,11,0,18,0,0,0,0,0,0,0,1,15,1,53,8,7300,2,3,5,1
200501GD10932,1,1,0,18,0,1,0,0,0,0,3,1,15,1,-1,-1,-1,-1,-1,2,1
200501GD10932,2,9,0,7,0,1,0,0,0,0,4,1,15,3,-1,-1,1796,1,10,-1,-1
200501GD10933,1,9,0,7,0,0,0,0,0,0,1,1,15,1,24,5,1560,2,-1,5,1
200501GD10933,2,3,0,13,0,0,0,0,0,0,1,1,15,1,41,7,124,1,1,-1,-1
200501GD10934,1,5,0,18,0,1,0,0,0,0,1,1,15,1,21,5,-1,-1,-1,-1,-1
200501GD10934,2,9,0,9,0,1,0,0,0,0,1,2,15,1,25,5,989,1,7,-1,-1
200501GD10936,1,3,0,14,0,1,0,0,0,0,4,1,15,1,47,8,124,1,-1,2,1
200501GD10937,1,9,0,3,0,1,0,0,0,0,3,1,15,1,44,7,999,1,5,-1,-1
200501GD10937,2,9,0,18,0,1,0,0,0,0,3,1,15,1,45,7,1998,1,3,6,2
200501GD10937,3,9,0,2,0,1,0,0,0,0,3,1,15,1,-1,-1,1590,1,12,2,1
200501GD10938,1,9,0,18,0,1,0,0,0,0,1,1,15,1,71,10,1043,1,15,5,1
200501GD10939,1,9,0,18,0,3,0,0,7,2,1,1,15,1,32,6,-1,-1,-1,10,1
200501GD10940,1,9,0,3,0,0,0,0,0,0,2,1,15,1,26,6,1493,1,11,2,1
200501GD10940,2,9,0,18,0,0,0,0,0,0,1,1,15,3,-1,-1,1598,1,3,-1,-1
200501GD10941,1,1,0,18,0,8,0,0,0,0,1,1,15,1,25,5,-1,-1,-1,3,1
200501GD10941,2,9,0,7,0,8,0,0,0,0,4,1,15,1,-1,-1,1998,1,10,-1,-1
200501GD10942,1,1,0,18,0,2,0,0,0,0,1,1,15,1,-1,-1,-1,-1,-1,3,1
200501GD10942,2,9,0,2,0,2,0,0,0,0,3,1,15,2,-1,-1,-1,-1,-1,-1,-1
200501GD10944,1,21,4,7,0,1,0,0,0,0,4,1,15,1,59,9,-1,-1,-1,5,1
200501GD10944,2,1,0,18,0,1,0,0,0,0,2,1,15,2,22,5,-1,-1,-1,2,1
200501GD10945,1,9,0,9,0,8,0,0,0,0,4,1,15,1,38,7,1800,1,7,-1,-1
200501GD10945,2,5,0,18,0,8,0,0,0,0,1,1,15,1,24,5,599,1,3,2,1
200501GD10946,1,8,0,14,0,1,0,0,0,0,4,1,15,1,62,9,2664,2,8,4,1
200501GD10946,2,9,0,9,0,1,0,0,0,0,3,1,15,1,56,9,1988,1,10,1,1
200501GD10947,1,2,0,18,0,1,0,0,0,0,0,1,15,1,35,6,49,1,1,-1,-1
200501GD10948,1,90,0,4,0,1,0,0,0,0,2,1,1,1,30,6,2686,2,1,-1,-1
200501GD10948,2,9,0,18,0,1,1,0,0,0,1,1,15,1,-1,-1,-1,-1,-1,2,1
200501GD10949,1,4,0,18,0,1,0,0,0,0,0,1,15,1,42,7,498,1,15,7,1
200501GD10950,1,19,0,3,0,1,0,0,0,0,2,1,15,1,29,6,2402,2,2,7,1
200501GD10950,2,9,0,4,0,1,0,0,0,0,1,1,15,1,-1,-1,1800,1,6,-1,-1
200501GD10951,1,9,0,18,0,2,0,0,0,0,3,1,2,2,52,8,3960,1,9,1,1
200501GD10951,2,3,0,18,0,2,0,0,0,0,1,1,15,3,-1,-1,100,1,8,-1,-1
200501GD10953,1,9,0,18,0,0,0,0,0,0,4,1,15,2,24,5,1341,1,10,2,1
200501GD10953,2,2,0,12,0,0,0,0,0,0,3,1,15,3,-1,-1,-1,-1,-1,-1,-1
200501GD10954,1,1,0,12,0,1,0,0,0,0,1,1,15,1,74,10,-1,-1,-1,1,1
200501GD10954,2,2,0,18,0,1,0,0,0,0,1,1,15,1,-1,-1,-1,-1,-1,-1,-1
200501GD10959,1,9,0,2,0,1,0,0,0,0,1,1,15,2,42,7,1390,1,8,2,1
200501GD10959,2,19,0,1,0,2,0,0,0,0,2,1,15,1,-1,-1,-1,-1,-1,-1,-1
200501GD10960,1,9,0,3,0,2,0,0,0,0,2,1,15,1,24,5,1587,1,9,8,1
200501GD10960,2,19,0,18,0,2,0,0,0,0,1,1,15,1,-1,-1,2500,2,-1,-1,-1
200501GD10961,1,9,0,9,0,8,0,0,0,0,4,1,15,1,54,8,-1,-1,-1,2,1
200501GD10961,2,5,0,18,0,8,0,0,0,0,1,1,15,1,36,7,599,1,8,1,1
200501GD10962,1,9,0,18,0,1,0,0,0,0,4,1,15,1,53,8,-1,-1,-1,4,1
200501GD10963,1,9,0,18,0,0,0,0,0,0,1,1,15,1,52,8,1762,1,8,2,1
200501GD10964,1,9,0,9,0,8,0,0,0,0,4,1,15,1,54,8,1997,1,9,-1,-1
200501GD10964,2,9,0,18,2,1,0,0,0,0,1,1,15,3,-1,-1,1796,1,13,-1,-1
200501GD10965,1,9,0,18,0,1,0,0,0,0,4,1,15,1,33,6,-1,-1,-1,4,1
200501GD10966,1,9,0,4,0,1,0,0,0,0,2,1,15,2,23,5,1796,1,7,1,1
200501GD10966,2,9,0,18,0,1,0,0,0,0,1,1,15,1,-1,-1,-1,-1,-1,-1,-1
200501GD10967,1,9,0,18,0,1,0,0,0,0,1,1,15,2,31,6,998,1,3,9,1
200501GD10969,1,9,0,4,0,1,0,0,0,0,2,1,15,1,22,5,1195,1,8,3,1
200501GD10969,2,9,0,18,0,1,0,0,0,0,1,1,15,2,20,4,1242,1,5,2,1
200501GD10970,1,8,0,4,0,8,0,0,0,0,2,1,1,1,34,6,-1,-1,-1,10,1
200501GD10970,2,19,0,18,0,8,0,0,0,0,1,1,15,1,40,7,1753,2,1,-1,-1
200501GD10971,1,8,0,4,0,1,0,0,0,0,4,1,15,1,41,7,1896,2,6,-1,-1
200501GD10971,2,1,0,15,0,1,0,8,0,0,1,1,15,1,28,6,-1,-1,-1,-1,-1
200501GD10972,1,9,0,9,0,1,0,0,0,0,4,1,15,1,40,7,-1,-1,-1,2,1
200501GD10972,2,1,0,18,0,1,0,0,0,0,1,1,15,1,27,6,-1,-1,-1,3,1
200501GD10973,1,9,0,5,0,1,0,0,0,0,2,1,15,1,43,7,1998,1,8,2,1
200501GD10973,2,9,0,18,0,1,0,0,0,0,1,1,15,3,-1,-1,-1,-1,-1,-1,-1
200501GD10974,1,9,0,3,0,1,0,0,0,0,2,1,15,1,30,6,1596,1,4,4,1
200501GD10974,2,9,0,18,0,1,0,0,0,0,1,1,15,1,-1,-1,1686,2,-1,8,1
200501GD10974,3,9,0,3,0,1,0,0,0,0,2,1,15,1,-1,-1,1997,2,2,7,3
200501GD10975,1,3,0,18,0,1,0,0,0,0,1,1,15,1,31,6,125,1,3,2,1
200501GD10975,2,9,0,9,0,8,0,0,0,0,3,1,15,1,-1,-1,1998,1,9,-1,-1
200501GD10976,1,1,0,9,0,8,0,0,0,0,4,1,15,2,32,6,-1,-1,-1,1,1
200501GD10976,2,9,0,9,0,8,0,0,0,0,3,1,15,1,-1,-1,1389,1,10,-1,-1
200501GD10977,1,9,0,18,0,1,0,0,0,0,4,1,15,1,49,8,2498,1,5,3,1
200501GD10978,1,5,0,18,0,8,0,0,0,0,0,1,15,1,33,6,-1,-1,-1,4,1
200501GD10978,2,9,0,7,0,8,0,0,0,0,0,1,15,3,-1,-1,1589,1,7,-1,-1
200501GD10979,1,9,0,18,0,2,0,0,0,0,1,1,15,1,38,7,1995,2,3,1,1
200501GD10981,1,9,0,18,0,1,0,0,0,0,4,1,15,1,31,6,-1,-1,-1,3,1
200501GD10981,2,9,0,9,0,1,0,0,0,0,1,1,15,3,-1,-1,-1,-1,-1,-1,-1
200501GD10982,1,9,0,4,0,3,0,0,0,0,2,1,15,1,36,7,2499,2,3,2,1
200501GD10982,2,9,0,18,0,3,0,0,0,0,1,1,15,1,20,4,-1,-1,-1,-1,-1
200501GD10984,1,9,0,3,0,0,0,0,0,0,2,1,15,1,36,7,-1,-1,-1,1,1
200501GD10984,2,9,0,18,0,0,0,0,0,0,1,1,15,3,-1,-1,1493,1,8,-1,-1
200501GD10986,1,9,0,10,0,1,0,0,0,0,2,1,15,2,35,6,1242,1,10,4,1
200501GD10986,2,9,0,18,0,1,0,0,0,0,1,1,15,2,45,7,2319,1,11,3,1
200501GD10987,1,19,0,18,0,8,0,0,0,0,1,1,15,1,54,8,1686,2,1,2,1
200501GD10987,2,19,0,9,0,8,0,0,0,0,4,1,15,1,-1,-1,-1,-1,-1,-1,-1
200501GD10988,1,11,0,5,0,1,0,0,0,0,0,1,1,3,-1,-1,-1,-1,-1,-1,-1
200501GD10989,1,9,0,3,0,1,0,0,0,0,2,1,15,1,52,8,2401,2,-1,1,1
200501GD10989,2,9,0,1,0,1,0,0,0,0,2,1,15,1,-1,-1,1597,1,11,-1,-1
200501GD10990,1,3,0,18,0,1,0,0,0,0,1,1,15,1,37,7,125,1,3,3,1
200501GD10990,2,9,0,9,0,1,0,0,0,0,1,1,15,1,29,6,1998,1,13,-1,-1
200501GD10991,1,9,0,3,0,0,0,0,0,0,2,1,15,1,43,7,1588,1,23,6,1
200501GD10991,2,9,0,4,0,0,0,0,0,0,1,1,15,1,-1,-1,1598,1,5,5,1
200501GD10992,1,9,0,9,0,8,0,0,0,0,4,1,15,1,23,5,1998,1,6,6,2
200501GD10992,2,1,0,18,0,8,0,0,0,0,1,1,15,2,-1,-1,-1,-1,-1,2,1
200501GD10993,1,9,0,18,0,1,0,0,0,0,2,1,15,2,34,6,998,1,4,2,1
200501GD10993,2,9,0,18,0,1,0,0,0,0,1,1,15,2,25,5,1390,1,9,-1,-1
200501GD10995,1,9,0,18,0,0,0,0,0,0,3,1,15,3,-1,-1,1998,1,10,-1,-1
200501GD10996,1,19,0,18,0,8,0,0,0,0,1,1,15,1,61,9,2299,2,7,5,1
200501GD10997,1,9,0,1,0,2,0,0,0,0,2,1,15,1,29,6,1896,2,8,2,1
200501GD10998,1,9,0,9,0,1,0,0,0,0,3,1,15,2,57,9,1968,2,-1,4,1
200501GD10998,2,3,0,13,0,1,0,0,0,0,1,1,15,1,-1,-1,-1,-1,-1,-1,-1
200501GD10999,1,1,0,18,0,1,0,0,0,0,1,1,15,1,27,6,-1,-1,-1,2,1
200501GD10999,2,9,0,9,0,1,0,0,0,0,3,1,15,1,-1,-1,2435,1,6,1,1
200501GD11001,1,11,0,4,0,1,0,0,0,0,0,1,1,1,56,9,-1,2,5,2,1
200501GD11002,1,9,0,9,0,8,0,0,0,0,1,1,15,2,54,8,1781,1,3,6,1
200501GD11002,2,19,0,18,0,8,0,0,0,0,1,1,15,1,40,7,2496,2,6,9,1
200501GD11003,1,5,0,18,0,1,1,0,0,0,0,1,15,2,36,7,-1,-1,-1,2,1
200501GD11003,2,9,0,9,0,8,0,0,0,0,0,1,15,3,-1,-1,1242,1,1,-1,-1
200501GD11004,1,9,0,18,0,1,0,0,0,0,3,1,15,3,-1,-1,1149,1,9,-1,-1
200501GD11004,2,9,0,18,0,1,0,0,0,0,1,1,15,2,35,6,1689,2,2,1,1
200501GD11005,1,5,0,18,0,8,0,0,0,0,1,1,15,1,54,8,535,1,14,3,1
200501GD11006,1,9,0,7,0,8,0,0,0,0,3,1,15,1,78,11,998,1,7,1,1
200501GD11006,2,21,0,7,0,8,0,0,0,0,4,1,15,1,45,7,-1,-1,-1,3,1
200501GD11007,1,1,0,18,0,8,0,0,0,0,1,1,15,2,24,5,-1,-1,-1,2,1
200501GD11007,2,9,0,7,0,8,0,0,0,0,1,1,15,2,-1,-1,1390,1,2,5,1
200501GD11008,1,9,0,14,0,1,0,0,0,0,1,1,15,2,39,7,-1,-1,-1,2,1
200501GD11009,1,3,0,18,0,1,0,0,0,0,0,1,15,1,32,6,-1,-1,-1,2,1
200501GD11009,2,9,0,9,0,8,0,0,0,0,0,1,15,1,-1,-1,1998,1,8,-1,-1