Accident_Index,Vehicle_Reference,Vehicle_Type,Towing_and_Articulation,Vehicle_Manoeuvre,Vehicle_Location_Restricted_Lane,Junction_Location,Skidding_and_Overturning,Hit_Object_in_Carriageway,Vehicle_Leaving_Carriageway,Hit_Object_off_Carriageway,1st_Point_of_Impact,Was_Vehicle_Left_Hand_Drive?,Journey_Purpose_of_Driver,Sex_of_Driver,Age_of_Driver,Age_Band_of_Driver,Engine_Capacity_(CC),Propulsion_Code,Age_of_Vehicle,Driver_IMD_Decile,Driver_Home_Area_Type
200501HT20108,2,9,0,18,0,8,0,0,0,0,1,1,15,1,27,6,-1,-1,-1,3,1
200501HT20109,1,19,0,18,0,8,0,0,0,0,4,1,15,1,57,9,2184,2,5,8,2
200501HT20109,2,9,0,7,0,8,0,0,0,0,3,1,15,1,-1,-1,2792,1,5,-1,-1
200501HT20110,1,11,0,18,0,0,0,0,0,0,1,1,15,1,33,6,-1,2,7,6,1
200501HT20111,1,9,0,3,0,1,0,0,0,0,2,1,15,1,31,6,1597,1,6,2,1
200501HT20111,2,9,0,18,0,1,0,0,0,0,1,1,15,2,32,6,998,1,6,-1,-1
200501HT20112,1,11,0,4,0,1,0,0,0,0,3,1,1,1,42,7,6370,2,1,-1,-1
200501HT20112,2,19,0,18,0,1,0,0,0,0,4,1,15,3,-1,-1,-1,-1,-1,-1,-1
200501HT20113,1,9,0,18,0,8,0,0,0,0,1,1,15,1,-1,-1,2200,1,14,-1,-1
200501HT20113,2,5,0,15,0,8,0,0,0,0,3,1,15,1,37,7,599,1,6,6,1
200501HT20114,1,1,0,9,0,8,0,0,0,0,2,1,15,1,28,6,-1,-1,-1,3,1
200501HT20114,2,9,0,9,0,8,0,0,0,0,1,1,15,1,-1,-1,1998,1,12,-1,-1
200501HT20115,1,1,0,18,0,8,0,0,0,0,4,1,15,1,42,7,-1,-1,-1,3,1
200501HT20115,2,9,0,18,0,8,0,0,0,0,1,1,15,1,27,6,-1,-1,-1,1,1
200501HT20116,1,9,0,18,0,1,0,0,0,0,1,1,15,2,22,5,1794,1,5,2,1
200501HT20117,1,3,0,18,0,1,0,0,0,0,4,1,15,1,21,5,124,1,4,-1,-1
200501HT20117,2,9,0,5,0,1,0,0,0,0,3,1,15,1,59,9,1998,1,12,-1,-1
200501HT20118,1,11,0,14,0,1,0,0,0,0,3,1,1,1,37,7,-1,-1,-1,2,1
200501HT20118,2,1,0,14,0,1,0,0,0,0,4,1,15,1,50,8,-1,-1,-1,-1,-1
200501HT20119,1,9,0,18,0,0,0,0,0,0,4,1,15,3,-1,-1,-1,-1,-1,-1,-1
200501HT20120,1,10,0,7,0,2,0,0,0,0,3,1,15,1,54,8,3920,2,1,7,1
200501HT20121,1,9,0,9,0,8,0,0,0,0,1,1,15,1,70,10,1781,1,8,2,1
200501HT20121,2,8,0,1,0,8,0,0,0,0,2,1,15,1,45,7,-1,-1,-1,2,1
200501HT20122,1,9,0,9,0,8,0,0,0,0,2,1,15,1,23,5,1597,1,12,3,1
200501HT20122,2,9,0,9,0,8,0,0,0,0,1,1,15,1,-1,-1,-1,-1,-1,-1,-1
200501HT20123,1,9,0,18,0,8,0,0,0,0,4,1,15,1,29,6,-1,-1,-1,2,1
200501HT20123,2,9,0,7,0,8,0,0,0,0,1,1,15,1,-1,-1,-1,-1,-1,-1,-1
200501HT20124,1,9,0,3,0,0,0,0,0,0,2,1,15,2,29,6,698,1,1,5,1
200501HT20124,2,9,0,18,0,0,0,0,0,0,1,1,15,1,30,6,1392,1,10,-1,-1
200501HT20125,1,9,0,18,0,1,0,0,0,0,1,1,15,1,22,5,1796,1,5,2,1
200501HT20126,1,9,0,18,0,1,0,0,0,0,1,1,15,1,-1,-1,1493,1,13,-1,-1
200501HT20127,1,3,0,13,0,0,0,0,0,0,1,1,15,1,39,7,125,1,1,6,1
200501HT20128,1,5,0,18,0,0,0,0,0,0,1,1,15,1,36,7,782,1,2,6,1
200501HT20129,1,9,0,18,0,0,0,0,0,0,2,1,15,1,73,10,1390,1,4,5,1
200501HT20129,2,9,0,18,0,0,0,0,0,0,1,1,15,1,-1,-1,-1,-1,-1,-1,-1
200501HT20130,1,9,0,4,0,1,0,0,0,0,2,1,15,1,34,6,-1,-1,-1,2,1
200501HT20130,2,9,0,18,0,1,0,0,0,0,1,1,15,2,26,6,1598,1,7,6,1
200501HT20131,1,9,0,9,0,8,0,0,0,0,3,1,15,1,24,5,1994,1,10,1,1
200501HT20131,2,9,0,9,0,8,0,0,0,0,1,1,15,1,24,5,1796,1,10,-1,-1
200501HT20132,1,9,0,7,0,8,0,0,0,0,2,1,15,1,21,5,1199,1,1,2,1
200501HT20132,2,9,0,18,0,8,0,0,0,0,1,1,15,1,19,4,1242,1,6,2,1
200501HT20133,1,11,0,18,0,0,0,0,0,0,0,1,15,1,40,7,7300,2,2,3,1
200501HT20135,1,21,0,7,0,8,0,0,0,0,3,1,15,1,37,7,-1,2,6,8,1
200501HT20135,2,9,0,7,0,8,0,7,0,0,4,1,15,1,33,6,1043,1,12,1,1
200501HT20136,1,9,0,3,0,1,0,0,0,0,2,1,15,1,-1,-1,-1,-1,-1,9,1
200501HT20136,2,9,0,18,0,1,0,0,0,0,1,1,15,1,-1,-1,1997,1,11,-1,-1
200501HT20137,1,9,0,10,0,8,0,0,0,0,2,1,15,1,27,6,1762,1,8,2,1
200501HT20137,2,9,0,18,0,1,0,0,0,0,2,1,15,1,-1,-1,1974,2,9,-1,-1
200501HT20138,1,1,0,18,0,8,0,0,0,0,4,1,15,1,41,7,-1,-1,-1,4,1
200501HT20138,2,9,0,7,0,8,0,0,0,0,1,1,15,3,-1,-1,-1,-1,-1,-1,-1
200501HT20144,1,9,0,18,0,0,0,0,0,0,1,1,15,1,55,8,2835,2,9,-1,-1
200501HT20144,2,9,0,18,0,0,0,0,0,0,2,1,15,2,34,6,1896,1,7,-1,-1
200501HT20144,3,9,0,18,0,0,0,0,0,0,2,1,15,3,-1,-1,-1,-1,-1,-1,-1
200501HT20145,1,8,0,3,0,1,0,0,0,0,2,1,15,1,51,8,2664,2,9,8,1
200501HT20145,2,9,0,18,0,1,0,0,0,0,1,1,15,1,-1,-1,1997,1,11,-1,-1
200501HT20146,1,4,0,12,0,0,0,0,0,0,3,1,15,1,46,8,-1,-1,-1,10,1
200501HT20146,2,4,0,18,0,0,0,0,0,0,4,1,15,1,31,6,-1,-1,-1,-1,-1
200501HT20147,1,9,0,18,0,0,0,0,0,0,1,1,15,1,27,6,-1,-1,-1,2,1
200501HT20148,1,9,0,18,0,2,0,0,0,0,1,1,15,1,36,7,-1,-1,-1,-1,-1
200501HT20149,1,9,0,18,0,2,0,0,0,0,3,1,15,1,29,6,1396,1,8,-1,-1
200501HT20149,2,20,0,18,0,2,0,0,0,0,2,1,15,1,28,6,3900,2,1,-1,-1
200501HT20150,1,1,0,3,0,0,0,0,0,0,2,1,15,1,45,7,-1,-1,-1,3,1
200501HT20150,2,9,0,18,0,0,0,0,0,0,1,1,15,3,-1,-1,-1,-1,-1,-1,-1
200501HT20151,1,9,0,18,0,0,0,10,7,7,3,1,15,2,22,5,1390,1,7,1,1
200501HT20151,2,21,1,11,0,0,0,0,0,0,4,1,1,1,48,8,-1,-1,-1,-1,-1
200501HT20152,1,9,0,10,0,8,1,0,0,0,2,1,15,1,28,6,1124,1,9,2,1
200501HT20152,2,9,0,18,0,8,0,0,0,0,1,1,15,1,-1,-1,-1,-1,-1,-1,-1
200501HT20152,3,11,0,18,0,8,0,0,0,0,3,1,1,1,28,6,8268,2,3,4,1
200501HT20153,1,9,0,2,0,0,0,0,0,0,3,1,15,1,31,6,1994,2,7,2,1
200501HT20153,2,1,0,18,0,0,0,8,0,0,4,1,15,2,24,5,-1,-1,-1,3,1
200501HT20154,1,9,0,18,0,1,0,0,0,0,4,1,15,1,54,8,-1,-1,-1,2,1
200501HT20155,1,9,0,18,0,1,0,0,0,0,1,1,15,1,45,7,1998,1,6,8,1
200501HT20155,2,9,0,18,0,1,0,0,0,0,1,1,15,3,-1,-1,-1,-1,-1,-1,-1
200501HT20156,1,9,0,10,0,2,0,0,0,0,4,1,15,1,26,6,1598,1,4,2,1
200501HT20156,2,9,0,18,0,2,0,0,0,0,1,1,15,1,34,6,1796,1,9,7,1
200501HT20158,1,9,0,18,0,1,0,0,0,0,1,1,15,1,76,11,1991,1,13,5,1
200501HT20158,2,1,0,18,0,1,0,0,0,0,3,1,15,2,22,5,-1,-1,-1,-1,-1
200501HT20159,1,9,0,7,0,3,0,0,0,0,1,1,15,1,-1,-1,2179,2,3,2,1
200501HT20160,1,9,0,9,0,2,0,0,0,0,1,1,15,1,28,6,1199,1,6,1,1
200501HT20161,1,9,0,16,0,0,0,0,0,0,1,1,15,2,27,6,1490,1,11,4,1
200501HT20161,2,9,0,17,0,0,0,0,0,0,1,1,15,3,-1,-1,1796,1,1,-1,-1
200501HT20162,1,20,0,7,0,2,0,0,0,0,1,1,15,1,62,9,3920,2,2,2,1
200501HT20163,1,9,0,18,0,0,0,0,0,0,1,1,15,3,-1,-1,-1,-1,-1,-1,-1
200501HT20164,1,1,0,18,0,0,0,0,0,0,4,1,15,1,35,6,-1,-1,-1,-1,-1
200501HT20164,2,9,0,5,0,0,0,0,0,0,1,1,15,1,-1,-1,-1,-1,-1,-1,-1
200501HT20165,1,9,0,9,0,1,0,0,0,0,3,1,15,1,46,8,1988,1,-1,-1,-1
200501HT20165,2,19,0,18,0,1,0,0,0,0,4,1,15,1,47,8,-1,-1,-1,-1,-1
200501HT20166,1,19,0,7,0,1,0,0,0,0,4,1,15,1,54,8,1994,1,13,2,1
200501HT20166,2,1,0,18,0,1,0,0,0,0,2,1,15,1,25,5,-1,-1,-1,3,1
200501HT20167,1,9,0,18,0,2,0,0,0,0,4,1,15,1,49,8,1598,1,5,2,1
200501HT20168,1,9,0,18,0,1,0,0,0,0,4,1,15,1,62,9,1799,1,7,2,1
200501HT20169,1,9,0,5,0,1,0,0,0,0,3,1,15,2,46,8,1799,1,8,1,1
200501HT20169,2,9,0,18,0,1,0,0,0,0,4,1,15,2,23,5,-1,-1,-1,2,1
200501HT20170,1,9,0,18,0,8,0,0,0,0,3,1,15,1,41,7,2290,1,4,-1,-1
200501HT20170,2,9,0,9,0,8,0,0,0,0,1,1,15,1,25,5,-1,-1,-1,-1,-1
200501HT20171,1,9,0,18,0,0,0,0,0,0,1,1,15,1,33,6,-1,-1,-1,1,1
200501HT20173,1,5,0,7,0,2,0,0,0,0,1,1,15,3,20,4,-1,-1,-1,-1,-1
200501HT20174,1,1,0,16,0,1,0,0,0,0,1,1,15,1,46,8,-1,-1,-1,1,1
200501HT20174,2,9,0,2,0,1,0,0,0,0,3,1,15,1,-1,-1,998,1,8,-1,-1
200501HT20175,1,9,0,2,0,8,0,0,0,0,3,1,15,1,46,8,1870,2,7,1,1
200501HT20175,2,9,0,7,0,8,0,0,0,0,1,1,15,2,-1,-1,2477,2,10,-1,-1
200501HT20176,1,9,0,18,0,8,0,0,0,0,3,1,15,1,61,9,599,1,3,7,3
200501HT20176,2,9,0,7,0,8,0,0,0,0,4,1,15,1,-1,-1,1242,1,7,-1,-1
200501HT20178,1,9,0,18,0,2,0,0,0,0,2,1,15,1,49,8,2401,2,1,3,1
200501HT20178,2,5,0,18,0,2,0,0,0,0,1,1,15,1,-1,-1,996,1,6,6,1
200501HT20180,1,4,0,18,0,0,0,0,0,0,4,1,15,1,30,6,499,1,2,3,1
200501HT20180,2,19,0,12,0,0,0,0,0,0,3,1,1,3,-1,-1,-1,-1,-1,-1,-1
200501HT20181,1,19,0,2,0,0,0,0,0,0,2,1,15,1,31,6,2179,2,1,3,1
200501HT20181,2,9,0,18,0,0,0,4,0,0,1,1,15,1,23,5,-1,-1,-1,3,1
200501HT20181,3,9,0,2,0,0,0,0,0,0,3,1,15,1,39,7,1598,1,13,2,1
200501HT20181,4,9,0,2,0,0,0,0,0,0,3,1,15,1,-1,-1,1850,1,7,1,1
200501HT20183,1,9,0,18,0,0,0,0,0,0,1,1,15,1,29,6,1596,1,1,10,1
200501HT20183,2,9,0,18,0,0,0,0,0,0,2,1,15,2,39,7,2793,1,10,-1,-1
200501HT20183,3,9,0,18,0,0,0,0,0,0,2,1,15,3,-1,-1,-1,-1,-1,-1,-1
200501HT20183,4,9,0,18,0,0,0,0,0,0,2,1,15,3,-1,-1,-1,-1,-1,-1,-1
200501HT20184,1,9,0,18,0,1,0,0,0,0,1,1,15,2,21,5,-1,-1,-1,-1,-1
200501HT20184,2,19,0,10,0,1,0,0,0,0,1,1,15,1,35,6,2496,2,5,3,1
200501HT20185,1,2,0,18,0,0,0,0,0,0,1,1,15,3,-1,-1,-1,-1,-1,-1,-1
200501HT20186,1,9,0,18,0,0,0,0,0,0,1,1,15,2,49,8,1242,1,9,1,1
200501HT20187,1,11,0,2,0,2,0,0,0,0,0,1,15,1,26,6,8268,2,1,2,1
200501HT20188,1,9,0,3,0,0,0,0,0,0,2,1,15,1,56,9,3956,1,4,-1,1
200501HT20188,2,9,0,3,0,0,0,0,0,0,1,1,15,1,67,10,1119,1,11,2,1
200501HT20188,3,9,0,3,0,0,0,0,0,0,2,1,15,1,40,7,1587,1,11,6,1
200501HT20188,4,9,0,18,0,0,0,0,0,0,1,1,15,1,32,6,-1,-1,-1,-1,-1
200501HT20189,1,9,0,18,0,0,0,0,0,0,1,1,15,2,21,5,1598,1,3,4,1
200501HT20190,1,9,0,4,0,0,0,0,0,0,1,1,15,1,41,7,2997,1,6,2,1
200501HT20190,2,3,0,18,0,0,0,0,0,0,1,1,15,1,25,5,85,1,3,-1,-1
200501HT20191,1,8,0,3,0,1,0,0,0,0,1,1,15,1,64,9,-1,-1,-1,4,1
200501HT20191,2,9,0,9,0,1,0,0,0,0,1,1,15,1,-1,-1,-1,-1,-1,-1,-1
200501HT20192,1,19,0,18,0,0,0,0,0,0,0,1,15,1,-1,-1,10000,2,6,-1,-1
200501HT20193,1,19,0,4,0,1,0,0,0,0,2,1,15,1,32,6,-1,-1,-1,5,1
200501HT20193,2,19,0,18,0,1,0,0,0,0,1,1,15,1,-1,-1,1753,2,8,-1,-1
200501HT20195,1,3,0,18,0,0,0,0,0,0,1,1,15,1,21,5,-1,-1,-1,2,1
200501HT20197,1,9,0,2,0,2,0,0,0,0,3,1,15,1,31,6,1997,1,6,1,1
200501HT20197,2,1,0,14,0,2,0,0,0,0,1,1,15,1,32,6,-1,-1,-1,1,1
200501HT20198,1,9,0,9,0,8,0,0,0,0,1,1,15,2,22,5,1587,1,6,3,1
200501HT20199,1,9,0,6,0,1,0,0,0,0,4,1,15,1,31,6,1998,1,8,9,1
200501HT20199,2,4,0,18,0,2,0,0,0,0,1,1,15,1,29,6,398,1,11,4,1
200501HT20200,1,9,0,6,0,1,0,0,0,0,3,1,15,1,30,6,1590,1,10,10,1
200501HT20200,2,3,0,14,0,1,0,0,0,0,4,1,15,1,25,5,-1,-1,-1,2,1
200501HT20201,1,9,0,3,0,1,0,0,0,0,2,1,15,1,39,7,-1,-1,-1,1,1
200501HT20201,2,9,0,18,0,1,0,0,0,0,1,1,15,3,-1,-1,-1,-1,-1,-1,-1
200501HT20202,1,9,0,4,0,0,0,0,0,0,2,1,15,1,40,7,-1,-1,-1,2,1
200501HT20202,2,9,0,18,0,0,0,0,0,0,1,1,15,1,-1,-1,-1,-1,-1,3,1
200501HT20203,1,11,0,18,0,1,0,0,0,0,1,1,1,1,32,6,8268,2,1,1,1
200501HT20204,1,8,0,5,0,1,0,0,0,0,4,1,1,1,45,7,2664,2,3,5,1
200501HT20206,1,1,0,18,0,0,0,0,0,0,1,1,15,2,30,6,-1,-1,-1,1,1
200501HT20207,1,9,0,3,0,1,0,0,0,0,2,1,15,1,34,6,1527,2,9,1,1
200501HT20207,2,9,0,4,0,1,0,0,0,0,1,1,15,3,-1,-1,2500,1,10,-1,-1
200501HT20208,1,9,0,18,0,2,0,0,0,0,4,1,15,1,31,6,1781,1,8,2,1
200501HT20209,1,3,0,9,0,1,0,0,0,0,2,1,15,1,54,8,85,1,9,5,1
200501HT20209,2,9,0,18,0,1,0,0,0,0,1,1,15,1,31,6,2494,1,6,8,1
200501HT20210,1,9,0,9,0,8,0,0,0,0,1,1,15,2,38,7,1587,1,5,1,1
200501HT20211,1,9,0,18,0,2,0,0,0,0,1,1,15,3,30,6,-1,-1,-1,-1,-1
200501HT20213,1,9,0,7,0,8,0,0,0,0,3,1,15,1,-1,-1,1299,1,8,3,1
200501HT20213,2,11,0,9,0,8,0,0,0,0,4,1,1,1,-1,-1,-1,-1,-1,-1,-1
200501HT20215,1,9,0,18,0,1,0,0,0,0,1,1,15,1,24,5,1199,1,3,-1,-1
200501HT20217,1,19,0,18,0,2,0,0,0,0,4,1,15,1,38,7,-1,-1,-1,5,1
200501HT20217,2,4,0,18,0,2,0,0,0,0,4,1,15,1,15,3,410,1,10,-1,-1
200501HT20219,1,9,0,10,0,8,0,0,0,0,2,1,15,1,30,6,1970,1,3,4,1
200501HT20219,2,3,0,4,0,8,0,0,0,0,1,1,15,1,19,4,124,1,6,1,1
200501HT20220,1,9,0,18,0,1,0,0,0,0,1,1,15,2,41,7,1998,1,7,1,1
200501HT20221,1,9,0,18,0,0,0,0,1,7,4,1,15,1,27,6,993,1,8,-1,-1
200501HT20221,2,9,0,18,0,0,0,0,4,6,3,1,15,1,31,6,1988,1,12,2,1
200501HT20221,3,9,0,18,0,0,0,0,0,0,3,1,15,3,-1,-1,-1,-1,-1,-1,-1
200501HT20222,1,9,0,11,0,0,0,0,1,7,4,1,15,1,28,6,-1,-1,-1,2,1
200501HT20222,2,9,0,18,0,0,0,0,0,0,1,1,15,1,24,5,-1,-1,-1,2,1
200501HT20223,1,1,0,18,0,1,0,0,0,0,2,1,15,1,29,6,-1,-1,-1,3,1
200501HT20223,2,8,0,18,0,1,0,0,0,0,1,1,1,3,-1,-1,-1,-1,-1,-1,-1
200501HT20224,1,9,0,18,0,8,0,0,0,0,1,1,15,2,38,7,1299,1,8,1,1
200501HT20224,2,9,0,7,0,8,0,0,0,0,3,1,15,1,-1,-1,-1,-1,-1,-1,-1
200501HT20225,1,11,0,9,0,8,0,0,0,0,0,1,1,1,27,6,-1,2,6,-1,-1
200501HT20226,1,9,0,18,0,0,0,0,0,0,1,1,15,1,30,6,1781,1,7,2,1
200501HT20227,1,1,0,15,0,1,0,0,0,0,3,1,15,2,27,6,-1,-1,-1,1,1
200501HT20227,2,9,0,18,0,8,0,0,0,0,4,1,15,2,61,9,-1,-1,-1,4,1
200501HT20228,1,5,0,18,0,8,0,0,0,0,1,1,15,1,30,6,749,1,6,-1,-1
200501HT20228,2,9,0,9,0,8,0,0,0,0,4,1,15,1,60,9,-1,-1,-1,-1,1
200501HT20229,1,9,0,3,0,1,0,0,0,0,3,1,15,1,49,8,1998,1,1,5,3
200501HT20229,2,9,0,7,0,8,0,0,0,0,1,1,15,1,19,4,-1,-1,-1,1,1
200501HT20230,1,9,0,4,0,0,0,0,0,0,2,1,15,1,52,8,1390,1,3,2,1
200501HT20230,2,9,0,14,0,0,0,0,0,0,2,1,15,1,35,6,1984,1,4,2,1
200501HT20230,3,9,0,18,0,0,0,0,0,0,1,1,15,2,24,5,-1,-1,-1,7,1
200501HT20231,1,9,0,18,0,1,0,0,0,0,4,1,15,1,52,8,1461,2,1,-1,-1
200501HT20232,1,9,0,18,0,8,0,0,0,0,4,1,15,1,30,6,-1,-1,-1,2,1
200501HT20232,2,8,0,18,0,8,0,0,0,0,1,1,15,1,76,11,2664,2,10,6,1
200501HT20233,1,4,0,18,2,8,0,0,0,0,3,1,15,1,55,8,1340,1,10,4,1
200501HT20233,2,9,0,7,0,1,0,0,0,0,4,1,15,1,25,5,1597,1,10,-1,-1
200501HT20234,1,8,0,2,0,0,0,0,0,0,3,1,1,1,67,10,2664,2,8,-1,-1
200501HT20234,2,1,0,18,0,0,0,8,0,0,4,1,15,1,31,6,-1,-1,-1,3,1
200501HT20235,1,9,0,18,0,0,0,0,0,0,3,1,15,2,59,9,-1,-1,-1,-1,-1
200501HT20236,1,9,0,4,0,1,0,0,0,0,3,1,15,1,25,5,1390,1,13,2,1
200501HT20237,1,3,0,18,0,0,0,0,0,0,4,1,15,1,20,4,-1,-1,-1,3,1
200501HT20237,2,9,0,5,0,0,0,0,0,0,3,1,15,1,-1,-1,-1,-1,-1,-1,-1
200501HT20238,1,5,0,18,0,1,0,0,0,0,1,1,15,2,55,8,1085,1,6,9,3
200501HT20238,2,9,0,6,0,1,0,0,0,0,3,1,15,2,30,6,1295,1,17,4,1
200501HT20239,1,9,0,18,0,0,0,0,0,0,1,1,15,1,24,5,1396,1,10,2,1
200501HT20239,2,19,0,2,0,0,0,0,0,0,1,1,15,2,42,7,2496,2,9,1,1
200501HT20240,1,9,0,9,0,1,0,0,0,0,4,1,15,1,19,4,1242,1,7,1,1
200501HT20240,2,5,0,13,0,1,0,0,0,0,3,1,15,1,33,6,599,1,6,-1,-1
200501HT20241,1,2,0,18,0,0,0,0,0,0,1,1,15,3,-1,-1,-1,-1,-1,-1,-1
200501HT20242,1,9,0,18,0,8,0,0,0,0,3,1,15,1,26,6,1388,1,9,1,1
200501HT20242,2,1,0,18,0,8,0,0,0,0,1,1,15,1,-1,-1,-1,-1,-1,2,1
200501HT20244,1,9,0,8,0,1,0,0,0,0,4,1,15,1,62,9,1590,1,12,1,1
200501HT20244,2,1,0,15,0,1,0,0,0,0,3,1,15,1,-1,-1,-1,-1,-1,-1,-1
200501HT20246,1,11,0,9,0,8,0,0,0,0,0,1,1,1,37,7,-1,2,5,1,1
200501HT20247,1,5,0,3,0,1,0,0,0,0,2,1,15,1,48,8,742,1,6,3,1
200501HT20247,2,9,0,18,0,1,0,0,0,0,1,1,15,1,-1,-1,1796,1,9,-1,-1
200501HT20249,1,9,0,18,0,8,0,0,0,0,1,1,15,2,18,4,-1,-1,-1,-1,-1
200501HT20249,2,9,0,18,0,8,0,0,0,0,1,1,15,1,41,7,-1,-1,-1,5,1
200501HT20250,1,9,0,1,0,0,0,0,0,0,2,1,15,1,27,6,-1,-1,-1,5,1
200501HT20251,1,9,0,9,0,8,0,0,0,0,4,1,15,1,28,6,1391,1,9,4,1
200501HT20251,2,3,0,18,0,1,0,0,0,0,1,1,15,1,34,6,124,1,1,4,1
200501HT20252,1,9,0,18,0,1,0,0,0,0,4,1,15,1,-1,-1,-1,-1,-1,-1,-1
200501HT20252,2,1,0,18,0,1,0,0,0,0,3,1,15,1,65,9,-1,-1,-1,1,1
200501HT20253,1,9,0,18,0,8,0,0,0,0,1,1,15,1,54,8,1199,1,6,2,1
200501HT20253,2,19,0,9,0,8,0,10,1,2,4,1,15,1,43,7,1870,2,4,5,1
200501HT20255,1,9,0,18,0,1,0,0,0,0,1,1,15,1,23,5,1149,1,1,3,1
200501HT20256,1,9,0,18,0,2,0,0,0,0,1,1,15,2,25,5,1400,1,5,-1,-1
200501HT20257,1,5,0,9,0,8,0,0,0,0,1,1,15,1,29,6,599,1,6,4,1
200501HT20257,2,9,0,10,0,8,0,0,0,0,2,1,15,1,24,5,-1,-1,-1,2,1
200501HT20258,1,9,0,18,0,1,0,0,0,0,1,1,15,1,24,5,1596,1,4,3,1
200501HT20259,1,3,0,18,0,2,0,0,0,0,1,1,15,1,38,7,124,1,2,5,1
200501HT20259,2,8,0,6,0,2,0,0,0,0,3,1,1,1,60,9,2664,2,13,2,1
200501HT20260,1,9,0,18,0,3,0,0,0,0,4,1,15,1,34,6,-1,-1,-1,8,1
200501HT20260,2,4,0,18,0,3,0,0,0,0,3,1,15,2,26,6,400,1,15,3,1
200501HT20261,1,8,0,18,0,8,0,0,0,0,1,1,1,1,36,7,2664,2,7,9,2
200501HT20261,2,9,0,9,0,8,0,0,0,0,4,1,15,1,26,6,-1,-1,-1,1,1
200501HT20263,1,8,0,18,0,0,0,0,0,0,4,1,1,3,-1,-1,-1,-1,-1,-1,-1
200501HT20264,1,9,0,3,0,8,0,0,0,0,2,1,15,2,34,6,1149,1,2,2,1
200501HT20264,2,9,0,4,0,8,0,0,0,0,1,1,15,1,-1,-1,1389,1,6,-1,-1
200501HT20265,1,19,0,5,0,1,0,0,0,0,2,1,1,1,19,4,1686,2,1,3,1
200501HT20265,2,19,0,18,0,1,0,0,0,0,1,1,1,1,-1,-1,1998,2,2,-1,-1
200501HT20266,1,5,0,18,0,8,0,0,0,0,1,1,15,1,31,6,599,1,3,4,1
200501HT20267,1,9,0,18,0,8,0,0,0,0,1,1,15,1,66,10,1587,1,15,5,1
200501HT20267,2,1,0,18,0,8,0,0,0,0,2,1,15,1,27,6,-1,-1,-1,4,1
200501HT20268,1,9,0,4,0,1,0,0,0,0,2,1,15,2,37,7,1762,1,8,1,1
200501HT20268,2,9,0,18,0,1,0,0,0,0,1,1,15,1,-1,-1,-1,-1,-1,-1,-1
200501HT20269,1,9,0,9,0,8,0,0,0,0,3,1,15,1,24,5,1389,1,10,1,1
200501HT20269,2,2,0,18,0,8,0,0,0,0,1,1,15,1,21,5,-1,-1,-1,-1,-1
200501HT20270,1,11,0,12,0,0,0,0,0,0,3,1,1,1,-1,-1,8268,2,2,-1,-1
200501HT20270,2,1,0,13,0,0,0,0,0,0,2,1,15,1,25,5,-1,-1,-1,5,1
200501HT20271,1,9,0,18,0,1,0,0,0,0,3,1,15,2,62,9,1998,1,9,1,1
200501HT20271,2,9,0,18,0,1,0,0,0,0,3,1,15,2,43,7,-1,-1,-1,2,1
200501HT20272,1,9,0,3,0,2,0,0,0,0,4,1,15,1,-1,-1,-1,-1,-1,-1,-1
200501HT20276,1,10,0,18,0,1,0,0,0,0,1,1,15,1,46,8,-1,-1,-1,-1,-1
200501HT20276,2,1,0,9,0,1,0,0,0,0,3,1,15,1,14,3,-1,-1,-1,1,1
200501HT20278,1,3,0,18,0,8,0,0,0,0,0,1,15,1,-1,-1,125,1,-1,6,1
200501HT20278,2,9,0,9,0,8,0,0,0,0,0,1,15,3,-1,-1,-1,-1,-1,-1,-1
200501HT20279,1,9,0,2,0,8,0,0,0,0,3,1,15,1,30,6,1896,2,10,5,1
200501HT20279,2,20,0,18,0,8,0,0,0,0,4,1,15,1,-1,-1,-1,-1,-1,5,1
200501HT20280,1,4,0,18,0,8,0,0,0,0,1,1,15,1,26,6,-1,-1,-1,3,1
200501HT20280,2,9,0,18,0,8,0,0,0,0,1,1,15,2,43,7,1299,1,6,2,1
200501HT20281,1,4,0,18,0,0,0,0,0,0,1,1,15,1,-1,-1,-1,-1,-1,-1,-1
200501HT20283,1,9,0,18,0,0,0,0,0,0,1,1,15,1,33,6,1794,1,5,7,1
200501HT20283,2,9,0,6,0,0,0,0,0,0,2,1,15,3,-1,-1,-1,-1,-1,-1,-1
200501HT20288,1,1,0,18,0,0,0,0,0,0,0,1,15,1,35,6,-1,-1,-1,-1,-1
200501HT20289,1,3,0,9,0,8,0,0,0,0,1,1,15,1,24,5,125,1,2,-1,-1
200501HT20289,2,9,0,18,0,8,0,0,0,0,3,1,15,1,42,7,1995,2,-1,2,1
200501HT20290,1,9,0,18,0,8,0,0,0,0,4,1,15,1,44,7,2198,1,3,6,1
200501HT20290,2,19,0,18,0,8,0,0,0,0,1,1,15,1,39,7,2496,2,9,2,1
200501HT20292,1,9,0,10,0,8,0,0,0,0,1,1,15,1,30,6,1997,1,7,2,1
200501HT20292,2,1,0,9,0,8,0,0,0,0,2,1,15,2,22,5,-1,-1,-1,2,1
200501HT20293,1,9,0,18,0,1,0,0,0,0,4,1,15,2,77,11,1781,1,15,5,1