Accident_Index,Vehicle_Reference,Vehicle_Type,Towing_and_Articulation,Vehicle_Manoeuvre,Vehicle_Location_Restricted_Lane,Junction_Location,Skidding_and_Overturning,Hit_Object_in_Carriageway,Vehicle_Leaving_Carriageway,Hit_Object_off_Carriageway,1st_Point_of_Impact,Was_Vehicle_Left_Hand_Drive?,Journey_Purpose_of_Driver,Sex_of_Driver,Age_of_Driver,Age_Band_of_Driver,Engine_Capacity_(CC),Propulsion_Code,Age_of_Vehicle,Driver_IMD_Decile,Driver_Home_Area_Type
200501HT20295,1,9,0,9,0,8,0,0,0,0,1,1,15,1,31,6,1747,1,9,3,1
200501HT20295,2,9,0,18,0,8,0,0,0,0,3,1,15,1,39,7,1998,1,13,1,1
200501HT20296,1,9,0,16,0,8,0,0,0,0,3,1,15,1,24,5,5439,1,2,2,1
200501HT20296,2,1,0,17,0,8,0,0,0,0,4,1,15,2,-1,-1,-1,-1,-1,1,1
200501HT20297,1,3,0,9,0,8,0,0,0,0,1,1,15,1,20,4,124,1,11,-1,-1
200501HT20297,2,9,0,18,0,8,0,0,0,0,4,1,15,1,35,6,-1,-1,-1,2,1
200501HT20298,1,9,0,5,0,1,0,0,0,0,1,1,15,2,27,6,1997,2,2,-1,-1
200501HT20298,2,9,0,3,0,1,0,0,0,0,2,1,15,1,-1,-1,1396,1,14,-1,-1
200501HT20299,1,9,0,3,0,1,0,0,0,0,2,1,15,1,56,9,-1,-1,-1,9,2
200501HT20299,2,9,0,3,0,1,0,0,0,0,2,1,15,1,-1,-1,1896,2,4,7,1
200501HT20299,3,9,0,18,0,1,0,0,0,0,1,1,15,3,-1,-1,-1,-1,-1,-1,-1
200501HT20300,1,9,0,18,0,8,0,0,0,0,1,1,15,3,-1,-1,1800,1,10,-1,-1
200501HT20301,1,9,0,18,0,0,0,10,7,2,3,1,15,1,41,7,1665,2,9,2,1
200501HT20301,2,9,0,18,0,0,0,0,0,0,0,1,15,3,-1,-1,-1,-1,-1,-1,-1
200501HT20302,1,9,0,12,0,0,0,0,0,0,3,1,15,2,23,5,1360,1,10,4,1
200501HT20302,2,21,1,18,0,0,0,0,0,0,1,1,15,1,55,8,12000,2,3,-1,-1
200501HT20302,3,19,0,18,0,0,0,0,0,0,1,1,15,1,62,9,1868,2,1,-1,-1
200501HT20303,1,9,0,18,0,2,0,0,0,0,4,1,15,1,46,8,1587,1,6,-1,-1
200501HT20304,1,9,0,5,0,3,0,0,0,0,1,1,15,2,35,6,-1,-1,-1,-1,-1
200501HT20305,1,9,0,18,0,2,0,0,0,0,1,1,15,1,27,6,1119,1,12,1,1
200501HT20306,1,3,0,15,0,0,0,0,0,0,1,1,15,2,35,6,125,1,1,6,1
200501HT20307,1,9,0,4,0,0,0,0,0,0,2,1,15,1,28,6,1587,1,11,3,1
200501HT20307,2,20,0,4,0,0,0,0,0,0,2,1,15,1,33,6,-1,-1,-1,-1,-1
200501HT20307,3,9,0,4,0,0,0,0,0,0,2,1,15,1,52,8,2199,1,10,4,1
200501HT20307,4,9,0,18,0,0,0,0,0,0,1,1,15,1,40,7,1896,2,3,2,1
200501HT20309,1,20,0,18,0,1,0,0,0,0,3,1,1,1,41,7,2800,2,1,4,1
200501HT20309,2,9,0,9,0,1,0,0,0,0,4,1,15,3,-1,-1,1796,1,13,-1,-1
200501HT20310,1,9,0,8,0,1,0,0,0,0,2,1,15,1,24,5,1493,1,11,1,1
200501HT20310,2,9,0,18,0,1,0,0,0,0,1,1,15,1,-1,-1,-1,-1,-1,-1,-1
200501HT20311,1,9,0,18,0,0,0,0,0,0,1,1,15,1,44,7,-1,-1,-1,-1,-1
200501HT20312,1,3,0,18,0,0,0,0,0,0,3,1,15,1,27,6,125,1,1,-1,-1
200501HT20312,2,1,0,18,0,0,0,0,0,0,1,1,15,1,17,4,-1,-1,-1,-1,-1
200501HT20313,1,9,0,18,0,1,0,0,0,0,3,1,15,1,31,6,1870,2,5,-1,-1
200501HT20315,1,9,0,1,0,0,0,0,0,0,2,1,15,2,35,6,-1,-1,-1,-1,-1
200501HT20316,1,3,0,18,0,1,0,0,0,0,1,1,15,1,-1,-1,-1,-1,-1,-1,-1
200501HT20317,1,2,0,7,0,8,0,0,0,0,0,1,15,1,-1,-1,-1,-1,-1,-1,-1
200501HT20318,1,9,0,18,0,1,0,0,0,0,1,1,15,1,60,9,1596,1,4,7,1
200501HT20319,1,9,0,18,0,1,0,0,0,0,4,1,15,1,20,4,1360,1,10,3,1
200501HT20321,1,11,0,18,0,1,0,0,0,0,0,1,1,1,31,6,5883,2,4,1,1
200501HT20321,2,9,0,4,0,1,0,0,0,0,0,1,15,3,-1,-1,-1,-1,-1,-1,-1
200501HT20322,1,9,0,4,0,1,0,0,0,0,2,1,15,1,43,7,1390,1,2,2,1
200501HT20322,2,9,0,18,0,1,0,0,0,0,1,1,15,1,21,5,1796,1,8,-1,-1
200501HT20323,1,9,0,3,0,1,0,0,0,0,4,1,15,2,28,6,-1,-1,-1,2,1
200501HT20323,2,9,0,18,0,1,0,10,6,6,3,1,15,1,20,4,1984,1,4,1,1
200501HT20324,1,9,0,18,0,1,0,0,0,0,4,1,15,1,18,4,-1,-1,-1,1,1
200501HT20324,2,9,0,9,0,1,0,0,0,0,1,1,15,3,-1,-1,1796,1,6,-1,-1
200501HT20325,1,5,0,9,0,8,1,0,0,0,1,1,15,1,52,8,649,1,2,7,1
200501HT20325,2,9,0,18,0,8,0,0,0,0,3,1,15,1,34,6,1796,1,3,5,1
200501HT20326,1,9,0,18,0,8,0,0,0,0,1,1,15,1,27,6,1994,1,7,8,1
200501HT20326,2,9,0,9,0,8,0,0,0,0,3,1,15,2,23,5,999,1,8,3,1
200501HT20329,1,1,0,18,0,0,0,0,0,0,1,1,15,1,30,6,-1,-1,-1,1,1
200501HT20329,2,9,0,6,0,0,0,0,0,0,3,1,15,1,48,8,-1,-1,-1,1,1
200501HT20330,1,19,0,18,0,0,0,0,0,0,4,1,15,1,40,7,2496,2,4,-1,-1
200501HT20331,1,1,0,3,0,8,0,0,0,0,2,1,15,1,62,9,-1,-1,-1,3,1
200501HT20331,2,9,0,18,0,8,0,0,0,0,1,1,15,1,-1,-1,-1,-1,-1,-1,-1
200501HT20332,1,3,0,3,0,1,0,0,0,0,2,1,15,1,24,5,49,1,34,2,1
200501HT20332,2,9,0,18,0,1,0,0,0,0,1,1,15,3,-1,-1,1997,1,11,-1,-1
200501HT20333,1,9,0,15,0,1,0,0,0,0,1,1,15,1,18,4,-1,-1,-1,1,1
200501HT20334,1,9,0,4,0,0,0,0,0,0,4,1,15,1,47,8,1998,1,5,-1,-1
200501HT20335,1,4,0,18,0,1,0,0,0,0,0,1,15,1,58,9,459,1,2,9,1
200501HT20336,1,9,0,3,0,0,0,0,0,0,2,1,15,1,39,7,998,1,12,1,1
200501HT20336,2,19,0,18,0,0,0,0,0,0,1,1,15,1,39,7,1753,2,1,-1,-1
200501HT20337,1,11,0,9,0,1,0,0,0,0,0,1,1,2,43,7,-1,-1,-1,2,1
200501HT20338,1,3,0,18,0,1,0,0,0,0,4,1,15,2,35,6,-1,-1,-1,2,1
200501HT20338,2,9,0,5,0,1,0,0,0,0,3,1,15,2,24,5,1149,1,6,2,1
200501HT20339,1,9,0,3,0,1,0,0,0,0,2,1,15,1,29,6,-1,-1,-1,2,1
200501HT20339,2,9,0,18,0,1,0,0,0,0,1,1,15,1,-1,-1,-1,-1,-1,-1,-1
200501HT20340,1,9,0,18,0,8,0,0,0,0,1,1,15,1,24,5,1596,1,9,1,1
200501HT20340,2,5,0,18,0,7,0,0,0,0,3,1,15,2,29,6,-1,-1,-1,1,1
200501HT20341,1,9,0,7,0,1,0,0,0,0,4,1,15,1,31,6,1370,1,9,7,1
200501HT20341,2,9,0,18,0,1,0,0,0,0,3,1,15,1,28,6,998,1,6,2,1
200501HT20342,1,9,0,18,0,1,0,0,0,0,4,1,15,2,51,8,998,1,1,1,1
200501HT20343,1,9,0,18,0,8,0,0,0,0,2,1,15,2,32,6,1598,1,6,2,1
200501HT20343,2,9,0,18,0,8,0,6,2,10,1,1,15,2,22,5,1598,1,-1,5,1
200501HT20344,1,10,0,7,0,8,0,0,0,0,3,1,15,1,54,8,3920,2,1,7,1
200501HT20346,1,2,0,18,0,0,0,8,0,0,1,1,15,1,38,7,-1,-1,-1,3,1
200501HT20346,2,20,0,2,0,0,0,0,0,0,4,1,15,1,-1,-1,-1,2,7,-1,-1
200501HT20348,1,9,0,18,0,1,0,0,0,0,4,1,15,1,18,4,-1,-1,-1,2,1
200501HT20348,2,9,0,13,0,1,0,0,0,0,3,1,15,1,-1,-1,-1,-1,-1,-1,-1
200501HT20349,1,11,0,3,0,0,0,0,0,0,2,1,1,3,-1,-1,-1,-1,-1,-1,-1
200501HT20349,2,21,0,18,0,0,0,0,0,0,1,1,1,3,-1,-1,-1,-1,-1,-1,-1
200501HT20350,1,19,0,18,0,2,0,0,0,0,4,1,15,1,-1,-1,1870,2,3,-1,-1
200501HT20352,1,9,0,3,0,1,0,0,0,0,2,1,15,1,25,5,1598,1,8,-1,-1
200501HT20352,2,19,0,3,0,1,0,0,0,0,2,1,15,1,26,6,2400,2,2,-1,-1
200501HT20352,3,19,0,18,0,1,0,0,0,0,1,1,15,1,40,7,-1,-1,-1,-1,-1
200501HT20353,1,9,0,9,0,8,0,0,0,0,4,1,15,1,26,6,-1,-1,-1,2,1
200501HT20353,2,9,0,18,2,8,0,0,0,0,1,1,15,3,46,8,2998,2,17,2,1
200501HT20354,1,2,0,18,0,2,0,0,0,0,1,1,15,1,16,4,49,1,6,1,1
200501HT20354,2,9,0,4,0,2,0,0,0,0,2,1,15,1,23,5,1598,1,1,2,1
200501HT20355,1,9,0,18,0,8,0,0,0,0,4,1,15,1,44,7,1391,1,11,1,1
200501HT20355,2,5,0,18,0,8,0,0,0,0,1,1,15,1,37,7,781,1,6,10,1
200501HT20356,1,3,0,18,0,8,0,0,0,0,3,1,15,1,25,5,-1,-1,-1,-1,-1
200501HT20356,2,9,0,9,0,8,0,0,0,0,1,1,15,3,-1,-1,1799,1,6,-1,-1
200501HT20357,1,9,0,18,0,1,0,0,0,0,1,1,15,1,48,8,2438,1,14,1,1
200501HT20358,1,5,0,18,0,0,0,8,0,0,1,1,15,2,31,6,599,1,1,6,1
200501HT20358,2,9,0,2,0,0,0,0,0,0,3,1,15,2,53,8,1149,1,3,-1,-1
200501HT20359,1,9,0,9,0,8,0,0,0,0,4,1,15,1,62,9,1597,1,7,2,1
200501HT20359,2,9,0,18,0,8,0,0,0,0,1,1,15,2,44,7,2068,2,10,2,1
200501HT20360,1,1,0,4,0,0,0,0,0,0,3,1,15,1,39,7,-1,-1,-1,5,1
200501HT20360,2,9,0,14,0,0,0,0,0,0,4,1,15,3,-1,-1,-1,-1,-1,-1,-1
200501HT20361,1,21,1,4,0,0,0,0,0,0,1,1,1,1,30,6,11973,2,8,-1,-1
200501HT20361,2,9,0,4,0,0,0,0,0,0,2,1,15,1,46,8,1588,1,14,7,1
200501HT20361,3,9,0,4,0,0,0,0,0,0,2,1,15,1,25,5,-1,-1,-1,6,1
200501HT20361,4,9,0,4,0,0,0,0,0,0,2,1,15,1,23,5,1398,2,2,9,1
200501HT20362,1,9,0,18,0,0,0,0,0,0,1,1,15,1,42,7,1731,1,6,2,1
200501HT20363,1,5,0,13,0,8,0,0,0,0,4,1,15,1,35,6,649,1,2,2,1
200501HT20363,2,9,0,9,0,8,0,0,0,0,3,1,15,1,-1,-1,1360,1,2,-1,-1
200501HT20364,1,9,0,18,0,0,0,4,0,0,3,1,15,1,44,7,1951,2,1,8,1
200501HT20364,2,20,0,18,0,0,0,0,0,0,3,1,15,1,53,8,-1,-1,-1,3,1
200501HT20364,3,9,0,2,6,0,0,0,0,0,2,1,15,1,-1,-1,1598,1,8,3,1
200501HT20365,1,9,0,7,0,8,0,0,1,0,4,1,15,1,45,7,-1,-1,-1,1,1
200501HT20365,2,9,0,18,0,8,0,0,0,0,1,1,15,1,30,6,1686,2,3,5,1
200501HT20366,1,9,0,18,0,8,0,0,0,0,1,1,15,1,19,4,1396,1,9,1,1
200501HT20366,2,9,0,18,0,8,0,0,0,0,1,1,15,1,27,6,1997,1,12,3,1
200501HT20366,3,9,0,2,0,1,0,0,0,0,2,1,15,1,36,7,1587,1,10,1,1
200501HT20367,1,3,0,18,0,0,0,0,0,0,1,1,15,1,31,6,125,1,4,3,1
200501HT20367,2,9,0,6,0,0,0,0,0,0,3,1,15,1,23,5,1799,1,8,3,1
200501HT20368,1,3,0,18,0,2,0,0,0,0,3,1,15,1,27,6,125,1,4,2,1
200501HT20368,2,9,0,13,0,2,0,0,0,0,4,1,15,3,-1,-1,-1,-1,-1,-1,-1
200501HT20369,1,9,0,4,0,0,0,0,0,0,2,1,15,2,29,6,1905,2,10,2,1
200501HT20369,2,8,0,18,0,0,0,0,0,0,1,1,15,1,-1,-1,2664,2,7,-1,-1
200501HT20370,1,5,0,13,0,1,0,0,0,0,4,1,15,1,36,7,598,1,6,-1,-1
200501HT20370,2,9,0,9,0,1,0,0,0,0,3,1,15,2,-1,-1,1895,1,6,3,1
200501HT20373,1,1,0,18,0,8,0,0,0,0,1,1,15,2,30,6,-1,-1,-1,-1,-1
200501HT20373,2,9,0,9,0,8,0,0,0,0,3,1,15,1,35,6,998,1,11,2,1
200501HT20374,1,3,0,18,0,1,0,0,0,0,4,1,15,1,-1,-1,49,1,5,1,1
200501HT20374,2,9,0,7,0,1,0,0,0,0,1,1,15,3,-1,-1,1598,1,7,-1,-1
200501HT20375,1,9,0,7,0,1,0,0,0,0,2,1,15,1,30,6,-1,-1,-1,1,1
200501HT20375,2,9,0,18,0,1,0,0,0,0,1,1,15,1,-1,-1,-1,-1,-1,3,1
200501HT20376,1,19,0,3,0,1,0,0,0,0,2,1,15,1,35,6,1900,2,9,5,1
200501HT20376,2,9,0,18,0,1,0,0,0,0,1,1,15,2,-1,-1,1598,1,5,-1,-1
200501HT20377,1,3,0,9,0,8,0,0,0,0,4,1,15,1,17,4,124,1,4,1,1
200501HT20377,2,1,0,15,0,8,0,0,0,0,1,1,15,2,29,6,-1,-1,-1,1,1
200501HT20378,1,9,0,18,0,0,0,0,0,0,1,1,15,1,22,5,-1,-1,-1,1,1
200501HT20378,2,9,0,18,0,0,0,0,0,0,3,1,15,2,39,7,-1,-1,-1,1,1
200501HT20378,3,9,0,2,0,0,0,0,0,0,2,1,15,1,-1,-1,-1,-1,-1,-1,-1
200501HT20383,1,9,0,3,0,1,0,0,0,0,2,1,15,1,32,6,2309,1,14,1,1
200501HT20383,2,9,0,18,0,1,0,0,0,0,1,1,15,1,-1,-1,-1,-1,-1,-1,-1
200501HT20385,1,5,0,5,0,8,0,0,0,0,3,1,15,1,40,7,738,1,4,6,1
200501HT20385,2,9,0,5,0,8,0,0,0,0,1,1,15,1,46,8,-1,-1,-1,-1,-1
200501HT20386,1,9,0,18,0,0,0,0,0,0,1,1,15,3,-1,-1,-1,-1,-1,-1,-1
200501HT20388,1,5,0,18,0,8,0,0,0,0,1,1,15,1,29,6,1203,1,-1,7,1
200501HT20388,2,9,0,9,0,8,0,0,0,0,4,1,15,1,44,7,-1,-1,-1,1,1
200501HT20389,1,9,0,4,0,0,0,0,0,0,2,1,1,1,-1,-1,1686,2,-1,7,1
200501HT20389,2,9,0,18,0,0,0,0,0,0,1,1,15,1,-1,-1,-1,-1,-1,1,1
200501HT20390,1,3,0,18,0,8,0,0,0,0,3,1,15,2,25,5,124,1,4,5,1
200501HT20390,2,3,0,18,0,8,0,0,0,0,1,1,15,3,-1,-1,124,1,6,-1,-1
200501HT20391,1,9,0,2,0,2,0,0,0,0,2,1,15,1,34,6,2500,2,14,2,1
200501HT20391,2,9,0,18,0,2,0,0,0,0,1,1,15,1,-1,-1,698,1,-1,-1,-1
200501HT20392,1,9,0,9,0,8,0,0,0,0,3,1,15,2,25,5,1149,1,1,1,1
200501HT20392,2,19,0,18,0,8,0,0,0,0,1,1,15,1,-1,-1,2874,2,6,2,1
200501HT20393,1,9,0,9,0,8,0,0,0,0,3,1,15,1,30,6,1896,2,3,2,1
200501HT20393,2,5,0,18,0,8,0,0,0,0,3,1,15,1,33,6,-1,-1,-1,5,1
200501HT20394,1,9,0,9,0,8,0,0,0,0,4,1,15,1,-1,-1,1242,1,7,-1,-1
200501HT20395,1,19,0,4,0,1,0,0,0,0,4,1,15,1,48,8,2496,2,7,2,1
200501HT20396,1,9,0,7,0,5,0,0,0,0,4,1,15,1,32,6,3301,1,8,3,1
200501HT20396,2,9,0,18,0,1,0,0,0,0,1,1,15,1,-1,-1,2793,1,6,-1,-1
200501HT20397,1,9,0,4,0,3,0,0,0,0,2,1,15,1,26,6,1198,1,-1,1,1
200501HT20397,2,9,0,4,0,3,1,0,0,0,1,1,15,1,24,5,1905,2,12,-1,-1
200501HT20399,1,19,0,18,0,3,0,0,0,0,1,1,15,1,20,4,2800,2,5,6,3
200501HT20400,1,9,0,2,0,1,0,0,0,0,3,1,15,1,34,6,-1,-1,-1,2,1
200501HT20400,2,1,0,18,0,1,0,0,0,0,1,1,15,1,-1,-1,-1,-1,-1,-1,-1
200501HT20401,1,9,0,18,0,8,0,0,0,0,1,1,15,1,41,7,1997,1,7,3,1
200501HT20401,2,9,0,18,0,8,5,4,0,0,3,1,15,2,18,4,796,1,4,1,1
200501HT20401,3,9,0,2,0,1,0,0,0,0,3,1,15,3,-1,-1,1796,1,6,-1,-1
200501HT20403,1,3,0,15,0,8,0,0,0,0,3,1,15,1,27,6,102,1,1,2,1
200501HT20403,2,9,0,7,0,8,0,0,0,0,4,1,15,1,18,4,1905,2,9,8,1
200501HT20404,1,9,0,2,0,0,0,0,0,0,2,1,15,1,42,7,-1,-1,-1,2,1
200501HT20404,2,9,0,5,0,0,0,0,0,0,1,1,15,1,22,5,1796,1,6,1,1
200501HT20405,1,9,0,14,0,0,0,0,0,0,3,1,15,1,29,6,1997,2,5,5,1
200501HT20405,2,5,0,18,0,0,0,0,0,0,3,1,15,2,36,7,-1,-1,-1,2,1
200501HT20406,1,9,0,18,0,1,0,0,0,0,1,1,15,2,37,7,1900,2,1,2,1
200501HT20407,1,9,0,18,0,2,0,0,0,0,1,1,15,2,29,6,1299,1,4,3,1
200501HT20409,1,19,0,5,0,1,0,0,0,0,0,1,15,3,-1,-1,-1,-1,-1,-1,-1
200501HT20410,1,1,0,18,0,8,0,0,0,0,3,1,15,1,27,6,-1,-1,-1,-1,-1
200501HT20410,2,9,0,7,0,8,0,0,0,0,0,1,15,1,-1,-1,-1,-1,-1,-1,-1
200501HT20411,1,9,0,18,0,1,0,0,0,0,1,1,15,1,28,6,-1,-1,-1,-1,-1
200501HT20411,2,9,0,3,0,1,0,0,0,0,2,1,15,1,29,6,1360,1,10,2,1
200501HT20411,3,9,0,3,0,1,0,0,0,0,2,1,15,1,24,5,-1,-1,-1,6,1
200501HT20412,1,11,0,4,0,0,0,0,0,0,4,1,15,1,54,8,8268,2,3,3,1
200501HT20413,1,1,0,18,0,1,0,0,0,0,3,1,15,1,23,5,-1,-1,-1,7,1
200501HT20413,2,9,0,9,0,3,0,0,0,0,1,1,15,1,20,4,-1,-1,-1,-1,-1
200501HT20414,1,9,0,13,0,2,0,0,0,0,3,1,15,1,35,6,-1,-1,-1,2,1
200501HT20414,2,1,0,18,0,8,0,0,0,0,1,1,15,1,30,6,-1,-1,-1,-1,-1
200501HT20416,1,5,0,18,0,8,1,0,0,0,4,1,15,1,24,5,599,1,3,3,1
200501HT20416,2,9,0,18,0,8,0,0,0,0,1,1,15,1,-1,-1,1390,1,16,-1,-1
200501HT20417,1,1,0,18,0,8,0,0,0,0,3,1,15,1,37,7,-1,-1,-1,9,1
200501HT20417,2,9,0,9,0,8,0,0,0,0,3,1,15,3,-1,-1,-1,-1,-1,-1,-1
200501HT20418,1,19,0,6,0,8,0,0,0,0,4,1,15,1,43,7,2496,2,6,9,1
200501HT20418,2,8,0,3,0,8,0,0,0,0,2,1,15,1,44,7,2402,2,2,10,1
200501HT20418,3,1,0,18,0,8,0,0,0,0,3,1,15,1,28,6,-1,-1,-1,-1,-1
200501HT20419,1,5,0,18,0,2,0,0,0,0,1,1,15,1,44,7,955,1,2,8,1
200501HT20420,1,8,0,18,0,8,0,0,0,0,4,1,1,1,41,7,2664,2,7,5,1
200501HT20420,2,1,0,18,0,8,0,0,0,0,1,1,15,1,10,2,-1,-1,-1,5,1
200501HT20421,1,9,0,3,0,0,0,0,0,0,2,1,15,1,29,6,-1,-1,-1,2,1
200501HT20421,2,9,0,3,0,0,0,0,0,0,2,1,15,1,18,4,1497,1,-1,6,1
200501HT20421,3,9,0,18,0,0,0,0,0,0,1,1,15,1,44,7,-1,-1,-1,2,1
200501HT20423,1,9,0,12,0,0,0,0,0,0,3,1,15,1,43,7,-1,-1,-1,10,1
200501HT20423,2,5,0,18,0,0,0,0,0,0,4,1,15,2,54,8,1085,1,6,9,3
200501HT20424,1,9,0,9,0,8,0,0,0,0,3,1,15,2,39,7,1800,2,10,2,1
200501HT20425,1,3,0,18,0,0,0,0,0,0,3,1,15,1,19,4,125,1,3,2,1
200501HT20425,2,9,0,11,0,0,0,0,0,0,4,1,15,3,-1,-1,1998,1,10,-1,-1
200501HT20426,1,9,0,11,0,0,0,0,0,0,1,1,15,2,27,6,1905,2,8,1,1
200501HT20427,1,3,0,18,0,2,0,0,0,0,4,1,15,2,19,4,124,1,1,-1,-1
200501HT20427,2,9,0,5,0,2,0,0,0,0,3,1,15,1,44,7,1587,1,10,1,1
200501HT20428,1,11,0,18,0,1,0,0,0,0,4,1,1,1,59,9,12000,2,-1,1,1
200501HT20429,1,9,0,18,0,1,0,0,0,0,3,1,15,1,41,7,-1,-1,-1,-1,-1
200501HT20429,2,9,0,7,0,1,0,0,0,0,4,1,15,1,45,7,-1,-1,-1,2,1
200501HT20430,1,3,0,18,0,0,0,0,0,0,1,1,15,1,28,6,125,1,5,-1,-1
200501HT20430,2,9,0,6,0,0,0,0,0,0,3,1,15,2,30,6,1998,1,7,-1,-1
200501HT20432,1,9,0,18,0,1,0,0,0,0,4,1,15,2,27,6,1396,1,2,2,1
200501HT20432,2,9,0,9,0,1,0,0,0,0,1,1,15,3,-1,-1,-1,-1,-1,-1,-1
200501HT20433,1,2,0,7,0,8,0,0,0,0,1,1,15,1,19,4,-1,-1,-1,2,1
200501HT20433,2,19,0,18,0,8,0,0,0,0,4,1,15,2,49,8,1870,2,2,5,1
200501HT20434,1,19,0,7,0,8,0,0,0,0,1,1,15,1,39,7,2299,2,7,10,1
200501HT20435,1,9,0,18,0,2,0,0,0,0,2,1,15,2,27,6,1370,1,8,-1,-1
200501HT20435,2,9,0,18,0,2,0,0,0,0,1,1,15,1,17,4,-1,-1,-1,-1,-1
200501HT20436,1,5,0,18,0,2,0,0,0,0,3,1,15,1,44,7,1298,1,2,9,1
200501HT20436,2,9,0,7,0,2,0,0,0,0,1,1,15,1,25,5,1360,1,5,4,1
200501HT20437,1,5,0,7,0,2,0,0,0,0,3,1,15,1,35,6,1085,1,6,5,1
200501HT20437,2,9,0,6,0,2,0,0,0,0,4,1,15,1,42,7,1597,1,8,2,1
200501HT20439,1,9,0,7,0,1,0,0,0,0,2,1,15,1,53,8,1149,1,1,1,3
200501HT20439,2,9,0,18,0,1,0,0,0,0,1,1,15,1,-1,-1,1596,1,2,1,1
200501HT20440,1,9,0,18,0,3,0,0,0,0,4,1,15,1,60,9,-1,-1,-1,5,1
200501HT20440,2,1,0,18,0,3,0,0,0,0,3,1,15,1,-1,-1,-1,-1,-1,-1,-1
200501HT20441,1,9,0,18,0,0,0,0,0,0,1,1,15,2,-1,-1,-1,-1,-1,-1,-1
200501HT20442,1,2,0,18,0,7,0,0,0,0,3,1,15,1,46,8,-1,-1,-1,-1,-1
200501HT20442,2,9,0,11,0,7,0,0,0,0,4,1,15,3,-1,-1,-1,-1,-1,-1,-1
200501HT20444,1,9,0,3,0,0,0,0,0,0,2,1,15,1,28,6,1120,1,10,1,1
200501HT20444,2,9,0,18,0,0,0,0,0,0,2,1,15,1,-1,-1,1996,1,9,-1,-1
200501HT20444,3,9,0,3,0,0,0,0,0,0,1,1,15,1,-1,-1,1171,1,12,-1,-1
200501HT20445,1,19,0,4,0,0,0,0,0,0,1,1,15,1,36,7,2148,2,1,1,1
200501HT20445,2,9,0,3,0,0,0,0,0,0,2,1,15,1,-1,-1,1242,1,4,2,1
200501HT20447,1,9,0,18,0,8,0,0,0,0,1,1,15,1,50,8,1753,2,4,7,1
200501HT20447,2,1,0,18,0,8,0,0,0,0,3,1,15,1,-1,-1,-1,-1,-1,-1,-1
200501HT20448,1,5,0,18,0,8,0,0,0,0,1,1,15,1,33,6,996,1,1,5,1
200501HT20448,2,9,0,9,0,8,0,0,0,0,4,1,15,1,66,10,-1,-1,-1,5,1
200501HT20449,1,9,0,18,0,2,0,0,0,0,4,1,15,3,-1,-1,-1,-1,-1,-1,-1
200501HT20450,1,9,0,7,0,8,0,0,0,0,4,1,15,1,25,5,1595,1,8,1,1
200501HT20450,2,1,0,18,0,8,0,0,0,0,3,1,15,2,25,5,-1,-1,-1,2,1
200501HT20452,1,4,0,18,0,1,0,0,0,0,0,1,15,1,53,8,399,1,11,3,1
200501HT20453,1,9,0,15,0,1,0,0,2,10,3,1,15,1,-1,-1,1598,1,4,1,1
200501HT20453,2,9,0,18,0,1,0,0,0,0,4,1,15,1,40,7,1600,1,6,2,1
200501HT20453,3,9,0,2,0,2,0,0,0,0,3,1,15,2,27,6,1796,1,8,2,1
200501HT20453,4,9,0,2,0,1,0,0,0,0,3,1,15,2,42,7,1590,1,12,-1,-1
200501HT20454,1,2,0,9,0,2,0,0,0,0,0,1,15,1,23,5,-1,-1,-1,-1,-1
200501HT20455,1,9,0,6,0,0,0,0,0,0,3,1,15,2,34,6,-1,-1,-1,2,1
200501HT20455,2,3,0,13,0,0,0,0,0,0,4,1,15,1,24,5,125,1,1,-1,-1
200501HT20456,1,5,0,18,0,1,0,0,0,0,3,1,15,1,57,9,652,1,3,3,1
200501HT20456,2,9,0,13,0,1,0,0,0,0,4,1,15,1,-1,-1,-1,-1,-1,-1,-1
200501HT20457,1,5,0,18,0,8,0,0,0,0,1,1,15,1,26,6,599,1,6,-1,-1
200501HT20457,2,9,0,9,0,8,0,0,0,0,4,1,15,1,-1,-1,-1,-1,-1,-1,-1
200501HT20460,1,9,0,3,0,1,0,0,0,0,2,1,15,1,34,6,3199,1,11,1,1
200501HT20460,2,9,0,3,0,1,0,0,0,0,2,1,15,1,-1,-1,-1,-1,-1,4,1
200501HT20460,3,9,0,4,0,1,0,0,0,0,1,1,15,1,39,7,3430,1,15,2,1
200501HT20462,1,9,0,9,0,1,0,0,0,0,4,1,15,1,49,8,1997,2,7,1,1
200501HT20462,2,4,0,18,0,1,0,0,0,0,1,1,15,1,30,6,499,1,7,4,1
200501HT20463,1,5,0,13,0,1,0,0,0,0,4,1,15,1,37,7,1165,1,2,3,1
200501HT20463,2,9,0,12,0,1,0,0,0,0,3,1,15,1,-1,-1,1984,1,10,3,1
200501HT20464,1,9,0,15,0,1,0,0,0,0,1,1,15,1,41,7,1984,1,9,2,1
200501HT20465,1,9,0,9,0,8,0,0,0,0,4,1,15,1,36,7,1124,1,9,1,1
200501HT20465,2,5,0,15,0,8,0,0,0,0,1,1,15,1,27,6,600,1,6,7,1
200501HT20466,1,9,0,9,0,8,0,0,0,0,1,1,15,1,29,6,-1,-1,-1,1,1