Accident_Index,Vehicle_Reference,Vehicle_Type,Towing_and_Articulation,Vehicle_Manoeuvre,Vehicle_Location_Restricted_Lane,Junction_Location,Skidding_and_Overturning,Hit_Object_in_Carriageway,Vehicle_Leaving_Carriageway,Hit_Object_off_Carriageway,1st_Point_of_Impact,Was_Vehicle_Left_Hand_Drive?,Journey_Purpose_of_Driver,Sex_of_Driver,Age_of_Driver,Age_Band_of_Driver,Engine_Capacity_(CC),Propulsion_Code,Age_of_Vehicle,Driver_IMD_Decile,Driver_Home_Area_Type
200501HT20467,1,11,0,3,0,2,0,0,0,0,0,1,15,1,54,8,-1,-1,-1,2,1
200501HT20468,1,9,0,3,0,1,0,0,0,0,2,1,15,1,50,8,-1,-1,-1,1,1
200501HT20468,2,9,0,9,0,1,0,0,0,0,1,1,15,3,-1,-1,-1,-1,-1,-1,-1
200501HT20469,1,19,0,6,0,3,1,0,0,0,3,1,15,1,29,6,2400,2,10,4,1
200501HT20469,2,19,0,18,0,3,1,0,0,0,1,1,15,1,32,6,-1,-1,-1,5,1
200501HT20471,1,9,0,18,0,0,0,4,0,0,4,1,15,2,23,5,1000,1,5,3,1
200501HT20471,2,9,0,5,0,0,0,4,0,0,3,1,15,3,-1,-1,-1,-1,-1,-1,-1
200501HT20471,3,9,0,2,0,0,0,0,0,0,3,1,15,3,-1,-1,1850,1,8,-1,-1
200501HT20471,4,9,0,2,0,0,0,0,0,0,4,1,15,1,-1,-1,1998,1,8,-1,-1
200501HT20472,1,3,0,18,0,2,0,0,0,0,1,1,15,1,18,4,124,1,3,1,1
200501HT20472,2,9,0,6,0,1,0,0,0,0,4,1,15,1,22,5,1242,1,2,1,1
200501HT20473,1,9,0,3,0,1,0,0,0,0,2,1,15,2,29,6,-1,-1,-1,3,1
200501HT20473,2,9,0,3,0,1,0,0,0,0,2,1,15,2,25,5,1587,1,5,9,1
200501HT20473,3,9,0,18,0,1,0,0,0,0,1,1,15,2,-1,-1,1994,1,12,1,1
200501HT20474,1,11,0,3,0,2,0,0,0,0,3,1,1,1,35,6,8268,2,2,-1,-1
200501HT20474,2,5,0,14,0,2,0,0,0,0,4,1,15,1,32,6,599,1,8,10,1
200501HT20475,1,9,0,2,0,1,0,0,0,0,3,1,15,1,23,5,1596,1,1,-1,-1
200501HT20475,2,2,0,18,0,1,0,0,0,0,1,1,15,1,-1,-1,-1,-1,-1,-1,-1
200501HT20476,1,9,0,18,0,1,0,0,0,0,2,1,15,1,47,8,1951,2,4,-1,-1
200501HT20476,2,9,0,18,0,1,0,0,0,0,1,1,15,1,20,4,1149,1,8,1,1
200501HT20477,1,9,0,10,0,6,0,0,0,0,4,1,15,1,20,4,1984,1,10,1,1
200501HT20477,2,1,0,18,0,1,0,0,0,0,1,1,15,1,11,3,-1,-1,-1,1,1
200501HT20478,1,9,0,18,0,8,0,0,0,0,4,1,15,1,57,9,1896,2,3,1,1
200501HT20478,2,9,0,18,0,8,0,0,0,0,1,1,15,1,32,6,1493,1,11,5,1
200501HT20480,1,9,0,18,0,0,0,0,0,0,1,1,15,1,28,6,-1,-1,-1,2,1
200501HT20480,2,1,0,18,0,0,0,0,0,0,4,1,15,2,31,6,-1,-1,-1,3,1
200501HT20481,1,9,0,18,0,0,0,0,0,0,1,1,15,1,24,5,3600,1,3,1,1
200501HT20482,1,11,0,4,0,0,0,0,0,0,0,1,1,1,31,6,8268,2,3,2,1
200501HT20483,1,9,0,18,0,8,0,0,0,0,3,1,15,1,19,4,-1,-1,-1,3,1
200501HT20483,2,9,0,7,0,8,0,0,0,0,3,1,15,1,-1,-1,1994,2,7,-1,-1
200501HT20484,1,9,0,3,0,0,0,0,0,0,2,1,15,1,59,9,-1,-1,-1,2,1
200501HT20484,2,9,0,3,0,0,0,0,0,0,2,1,15,1,50,8,3000,1,13,10,2
200501HT20484,3,9,0,18,0,0,0,0,0,0,1,1,15,2,32,6,1299,1,4,5,1
200501HT20485,1,9,0,17,0,3,0,0,0,0,3,1,15,2,49,8,1753,2,7,2,1
200501HT20485,2,4,0,7,0,3,0,0,0,0,4,1,15,1,23,5,499,1,1,1,1
200501HT20486,1,9,0,4,0,1,0,0,0,0,2,1,15,1,60,9,1796,1,2,-1,-1
200501HT20486,2,1,0,18,0,1,0,0,0,0,1,1,15,1,-1,-1,-1,-1,-1,-1,-1
200501HT20488,1,11,0,4,0,0,0,0,0,0,0,1,1,1,63,9,8268,2,2,2,1
200501HT20489,1,9,0,10,0,8,0,0,0,0,2,1,15,2,41,7,-1,-1,-1,-1,-1
200501HT20489,2,19,0,10,0,8,0,0,0,0,1,1,15,1,49,8,2402,2,-1,-1,-1
200501HT20489,3,21,1,4,0,1,0,0,0,0,1,1,1,1,28,6,11021,2,6,1,1
200501HT20490,1,9,0,3,0,0,0,0,0,0,2,1,15,1,40,7,1984,1,-1,7,1
200501HT20490,2,9,0,18,0,0,0,0,0,0,1,1,15,1,25,5,1997,1,7,6,1
200501HT20491,1,5,0,8,0,1,0,0,0,0,3,1,15,1,30,6,599,1,6,4,1
200501HT20491,2,20,0,11,0,1,0,0,0,0,4,1,1,1,25,5,-1,2,10,-1,-1
200501HT20492,1,9,0,18,0,1,0,0,0,0,1,1,15,2,39,7,899,1,8,8,2
200501HT20494,1,9,0,3,0,0,0,0,0,0,2,1,15,1,-1,-1,1597,1,10,-1,-1
200501HT20494,2,9,0,3,0,0,0,0,0,0,2,1,15,1,29,6,-1,-1,-1,6,1
200501HT20494,3,9,0,4,0,0,0,0,0,0,1,1,15,1,-1,-1,1597,1,10,-1,-1
200501HT20495,1,1,0,18,0,0,0,0,0,0,1,1,15,1,22,5,-1,-1,-1,2,1
200501HT20495,2,9,0,6,0,0,0,0,0,0,2,1,15,1,30,6,1796,1,3,6,2
200501HT20496,1,9,0,18,0,8,0,0,0,0,1,1,15,1,35,6,1998,1,7,-1,-1
200501HT20496,2,9,0,18,0,8,0,0,0,0,3,1,15,2,47,8,1955,1,17,3,1
200501HT20497,1,5,0,18,0,8,0,0,0,0,1,1,15,1,29,6,-1,-1,-1,3,1
200501HT20497,2,9,0,9,0,8,0,0,0,0,3,1,15,2,28,6,1998,1,8,2,1
200501HT20498,1,1,0,18,0,8,0,0,0,0,1,1,15,1,34,6,-1,-1,-1,-1,-1
200501HT20499,1,9,0,6,0,0,0,0,0,0,3,1,2,2,45,7,1587,1,11,1,1
200501HT20499,2,5,0,13,0,0,0,0,0,0,1,1,2,1,26,6,599,1,-1,-1,-1
200501HT20500,1,9,0,18,0,8,0,0,0,0,4,1,15,1,25,5,-1,-1,-1,1,1
200501HT20500,2,5,0,18,0,8,0,0,0,0,1,1,15,1,35,6,955,1,2,9,1
200501HT20501,1,9,0,3,0,1,0,0,0,0,2,1,15,2,35,6,-1,-1,-1,3,1
200501HT20501,2,9,0,18,0,1,0,0,0,0,1,1,15,1,-1,-1,-1,-1,-1,-1,-1
200501HT20502,1,9,0,18,0,0,0,0,0,0,2,1,15,1,44,7,1597,1,5,1,1
200501HT20502,2,5,0,18,0,0,0,0,0,0,1,1,15,1,-1,-1,-1,-1,-1,9,1
200501HT20503,1,4,0,18,0,8,0,0,0,0,3,1,15,1,29,6,399,1,16,2,1
200501HT20503,2,9,0,9,0,8,0,0,0,0,1,1,15,1,-1,-1,-1,-1,-1,-1,-1
200501HT20504,1,90,0,18,2,1,0,0,0,0,1,1,1,1,60,9,-1,-1,-1,4,1
200501HT20505,1,9,0,18,0,8,0,0,0,0,1,1,15,2,45,7,-1,-1,-1,3,1
200501HT20505,2,9,0,7,0,8,0,0,0,0,4,1,15,2,33,6,-1,-1,-1,8,1
200501HT20507,1,9,0,9,0,2,0,0,0,0,1,1,15,1,47,8,-1,-1,-1,5,1
200501HT20507,2,5,0,18,0,2,0,0,0,0,1,1,15,1,25,5,636,1,2,7,1
200501HT20508,1,9,0,3,0,0,0,0,0,0,2,1,15,2,50,8,-1,-1,-1,10,1
200501HT20508,2,9,0,18,0,0,0,0,0,0,1,1,15,2,-1,-1,998,1,11,1,1
200501HT20510,1,9,0,6,0,1,0,0,0,0,2,1,15,1,40,7,2198,1,2,2,1
200501HT20510,2,21,1,18,0,1,1,0,0,0,1,1,1,1,38,7,-1,2,3,-1,-1
200501HT20511,1,9,0,7,0,8,0,0,0,0,4,1,15,2,22,5,1124,1,3,1,1
200501HT20511,2,11,0,18,2,8,0,0,0,0,3,1,15,1,24,5,6370,2,1,1,1
200501HT20512,1,9,0,9,0,0,0,0,0,0,4,1,1,1,38,7,-1,-1,-1,1,1
200501HT20512,2,4,0,15,0,0,0,0,0,0,1,1,1,1,26,6,499,1,5,-1,-1
200501HT20513,1,9,0,4,0,0,0,0,0,0,2,1,2,1,34,6,2200,1,12,5,1
200501HT20513,2,9,0,4,0,0,0,0,0,0,2,1,2,1,28,6,-1,-1,-1,-1,-1
200501HT20513,3,9,0,4,0,0,0,0,0,0,1,1,2,1,30,6,-1,-1,-1,8,1
200501HT20514,1,9,0,18,0,0,0,0,0,0,1,1,15,2,28,6,954,1,10,2,1
200501HT20515,1,9,0,18,0,8,0,0,0,0,4,1,15,2,19,4,-1,-1,-1,1,1
200501HT20515,2,9,0,18,0,8,0,0,0,0,4,1,15,1,30,6,-1,-1,-1,2,1
200501HT20515,3,9,0,18,0,8,0,0,0,0,3,1,15,1,20,4,1117,1,15,1,1
200501HT20516,1,9,0,18,0,2,0,0,0,0,4,1,15,2,36,7,1388,1,3,1,1
200501HT20517,1,9,0,18,0,8,0,0,0,0,3,1,15,1,21,5,1388,1,1,1,1
200501HT20517,2,9,0,9,0,8,0,0,0,0,4,1,15,1,50,8,1497,8,1,7,1
200501HT20519,1,5,0,18,0,0,0,0,0,0,1,1,15,1,27,6,600,1,3,9,2
200501HT20519,2,9,0,12,0,0,0,0,0,0,2,1,15,1,-1,-1,-1,-1,-1,-1,-1
200501HT20521,1,9,0,7,0,8,0,0,0,0,1,1,15,1,32,6,-1,-1,-1,1,1
200501HT20522,1,3,0,18,0,8,0,0,0,0,1,1,15,1,25,5,124,1,5,-1,-1
200501HT20522,2,9,0,9,0,8,0,0,0,0,4,1,15,1,45,7,1998,2,2,1,1
200501HT20524,1,9,0,18,0,3,0,0,0,0,2,1,15,1,51,8,1995,2,4,2,1
200501HT20524,2,9,0,7,0,8,0,0,0,0,1,1,15,1,40,7,-1,-1,-1,-1,-1
200501HT20525,1,9,0,17,0,8,0,0,1,10,4,1,15,1,21,5,1598,1,6,-1,-1
200501HT20526,1,9,0,11,0,0,0,0,0,0,2,1,15,1,39,7,1590,1,6,4,1
200501HT20526,2,1,0,18,0,0,0,0,0,0,1,1,15,1,39,7,-1,-1,-1,-1,-1
200501HT20527,1,3,0,15,0,8,0,0,0,0,3,1,15,1,26,6,-1,-1,-1,3,1
200501HT20527,2,9,0,7,0,8,0,0,0,0,4,1,15,1,54,8,-1,-1,-1,1,1
200501HT20528,1,3,0,18,0,2,0,0,0,0,1,1,15,1,33,6,-1,-1,-1,6,1
200501HT20528,2,9,0,6,0,2,0,0,0,0,4,1,15,1,34,6,1119,1,9,6,1
200501HT20529,1,5,0,9,0,8,0,0,0,0,4,1,15,1,24,5,600,1,5,-1,-1
200501HT20529,2,9,0,9,0,8,0,0,0,0,3,1,15,1,-1,-1,1599,1,1,-1,-1
200501HT20530,1,9,0,18,0,8,0,0,0,0,3,1,15,3,-1,-1,1896,2,7,-1,-1
200501HT20530,2,1,0,9,0,8,0,0,0,0,4,1,15,1,58,9,-1,-1,-1,-1,-1
200501HT20531,1,9,0,18,0,0,0,0,0,0,1,1,15,2,39,7,2982,2,3,7,3
200501HT20532,1,9,0,4,0,1,0,0,0,0,2,1,15,1,31,6,-1,-1,-1,3,1
200501HT20532,2,19,0,18,0,1,0,0,0,0,1,1,15,1,25,5,-1,-1,-1,-1,-1
200501HT20533,1,9,0,18,0,8,0,4,0,0,4,1,15,1,20,4,1389,1,10,1,1
200501HT20533,2,8,0,10,0,8,0,0,0,0,1,1,1,1,39,7,2664,2,9,3,1
200501HT20533,3,9,0,2,0,1,0,0,0,0,3,1,15,1,32,6,-1,-1,-1,4,1
200501HT20534,1,1,0,18,0,8,0,0,0,0,1,1,15,1,28,6,-1,-1,-1,2,1
200501HT20534,2,9,0,9,0,8,0,0,0,0,1,1,15,2,30,6,-1,-1,-1,-1,-1
200501HT20535,1,9,0,18,0,0,0,0,0,0,1,1,15,2,44,7,1388,1,6,1,1
200501HT20535,2,9,0,5,0,0,0,0,0,0,1,1,15,1,24,5,-1,-1,-1,1,1
200501HT20536,1,9,0,3,0,8,0,0,0,0,2,1,15,1,39,7,1988,1,3,3,1
200501HT20536,2,9,0,18,0,8,0,10,7,7,1,1,15,1,26,6,1149,1,1,2,1
200501HT20537,1,9,0,16,0,0,0,0,0,0,4,1,15,1,44,7,2663,2,9,1,1
200501HT20537,2,9,0,15,0,0,0,0,0,0,3,1,15,1,-1,-1,1762,1,6,9,1
200501HT20540,1,1,0,18,0,2,0,0,0,0,1,1,15,1,32,6,-1,-1,-1,-1,-1
200501HT20540,2,5,0,7,0,2,0,0,0,0,3,1,15,1,-1,-1,-1,-1,-1,-1,-1
200501HT20541,1,9,0,18,0,0,0,0,0,0,4,1,15,1,43,7,1762,1,10,1,1
200501HT20541,2,9,0,16,0,0,0,0,0,0,1,1,15,1,-1,-1,1796,1,7,1,1
200501HT20542,1,1,0,18,0,8,0,0,0,0,1,1,1,1,36,7,-1,-1,-1,2,1
200501HT20542,2,9,0,2,0,8,0,0,0,0,3,1,15,1,55,8,1391,1,7,5,1
200501HT20543,1,9,0,3,0,1,0,0,0,0,2,1,15,1,30,6,1349,1,7,2,1
200501HT20543,2,19,0,18,0,1,0,0,0,0,1,1,15,3,-1,-1,-1,-1,-1,-1,-1
200501HT20544,1,9,0,9,0,8,0,0,0,0,4,1,15,1,44,7,-1,-1,-1,1,1
200501HT20544,2,9,0,18,0,8,0,0,0,0,1,1,15,1,32,6,1997,1,4,-1,-1
200501HT20545,1,9,0,3,0,0,0,0,0,0,2,1,15,2,42,7,3199,1,2,10,1
200501HT20545,2,19,0,3,0,0,0,0,0,0,2,1,15,1,35,6,2402,2,1,10,1
200501HT20545,3,9,0,4,0,0,1,0,0,0,1,1,15,1,50,8,1598,1,1,3,1
200501HT20546,1,9,0,18,0,2,0,10,1,7,1,1,15,1,33,6,1984,1,11,3,1
200501HT20547,1,9,0,9,0,1,0,0,0,0,4,1,15,1,24,5,-1,-1,-1,7,1
200501HT20547,2,2,0,18,0,1,0,0,0,0,1,1,15,1,38,7,-1,-1,-1,8,1
200501HT20548,1,9,0,5,0,2,0,0,0,0,2,1,15,1,28,6,1588,1,6,5,1
200501HT20548,2,9,0,18,0,2,0,0,0,0,1,1,15,1,59,9,-1,-1,-1,4,1
200501HT20549,1,9,0,4,0,0,0,0,0,0,2,1,15,1,41,7,1998,1,7,1,1
200501HT20549,2,9,0,4,0,0,0,0,0,0,1,1,15,1,20,4,3724,1,2,2,1
200501HT20550,1,11,0,18,0,2,0,0,0,0,0,1,15,1,60,9,8268,2,2,-1,-1
200501HT20551,1,9,0,18,0,2,0,0,1,10,3,1,15,1,35,6,1840,1,4,-1,-1
200501HT20551,2,20,0,18,0,2,0,0,0,0,4,1,15,1,-1,-1,11967,2,2,-1,-1
200501HT20552,1,9,0,18,0,2,0,0,0,0,4,1,15,1,24,5,-1,-1,-1,1,1
200501HT20553,1,4,0,18,0,2,0,0,0,0,1,1,15,1,29,6,-1,-1,-1,7,1
200501HT20553,2,9,0,14,0,2,0,0,0,0,2,1,15,1,60,9,1599,1,6,7,3
200501HT20554,1,9,0,3,0,0,0,0,0,0,2,1,15,1,40,7,998,1,11,-1,-1
200501HT20554,2,9,0,4,0,0,0,0,0,0,1,1,15,1,28,6,1998,1,1,6,1
200501HT20555,1,4,0,15,0,0,1,0,0,0,0,1,15,1,28,6,498,1,5,5,1
200501HT20555,2,20,1,18,0,0,0,0,0,0,4,1,15,1,-1,-1,5861,2,9,-1,-1
200501HT20555,3,11,0,11,0,0,0,0,0,0,0,1,1,3,-1,-1,-1,-1,-1,-1,-1
200501HT20557,1,5,0,17,0,8,0,0,0,0,0,1,1,1,32,6,-1,-1,-1,5,1
200501HT20557,2,9,0,16,0,8,0,0,0,0,0,1,15,1,66,10,1598,1,2,4,1
200501HT20559,1,9,0,4,0,0,0,0,0,0,2,1,15,2,26,6,1753,2,7,1,1
200501HT20559,2,9,0,4,0,0,0,0,0,0,2,1,15,2,34,6,-1,-1,-1,1,1
200501HT20559,3,9,0,4,0,0,0,0,0,0,2,1,15,1,57,9,1597,1,11,1,1
200501HT20559,4,21,0,4,0,0,0,0,0,0,1,1,15,1,53,8,12130,2,2,-1,-1
200501HT20559,5,8,0,11,0,0,0,0,0,0,0,1,15,3,-1,-1,-1,-1,-1,-1,-1
200501HT20560,1,9,0,3,0,0,0,0,0,0,3,1,15,1,-1,-1,1560,2,-1,5,1
200501HT20560,2,1,0,18,0,0,0,0,0,0,1,1,15,1,44,7,-1,-1,-1,5,1
200501HT20561,1,5,0,3,0,8,0,0,0,0,2,1,15,1,31,6,849,1,8,6,1
200501HT20561,2,9,0,17,0,8,0,0,0,0,1,1,15,2,50,8,973,1,7,2,1
200501HT20562,1,11,0,4,0,1,0,0,0,0,0,1,1,1,-1,-1,-1,-1,-1,-1,-1
200501HT20563,1,1,0,17,0,8,0,0,0,0,1,1,15,1,-1,-1,-1,-1,-1,2,1
200501HT20563,2,9,0,17,0,8,0,0,0,0,1,1,15,3,-1,-1,1600,1,1,-1,-1
200501HT20565,1,9,0,9,0,1,0,0,0,0,2,1,15,2,-1,-1,973,1,2,1,1
200501HT20565,2,9,0,18,0,1,0,0,0,0,1,1,15,3,-1,-1,1593,1,14,-1,-1
200501HT20566,1,8,0,18,0,2,0,0,0,0,4,1,15,1,31,6,2664,2,5,8,1
200501HT20567,1,9,0,18,0,1,0,0,0,0,4,1,2,1,34,6,-1,-1,-1,2,1
200501HT20567,2,9,0,9,0,8,0,0,0,0,3,1,2,1,59,9,-1,-1,-1,10,3
200501HT20568,1,3,0,13,0,0,0,0,0,0,3,1,15,1,18,4,124,1,-1,1,1
200501HT20568,2,9,0,18,0,0,0,0,0,0,3,1,15,1,25,5,1997,2,3,1,1
200501HT20569,1,9,0,18,0,8,0,0,0,0,1,1,15,1,42,7,1598,1,6,1,1
200501HT20569,2,9,0,9,0,8,0,0,0,0,0,1,15,1,36,7,1396,1,7,6,1
200501HT20570,1,9,0,9,0,0,0,0,0,0,3,1,15,3,-1,-1,-1,-1,-1,-1,-1
200501HT20570,2,5,0,18,0,0,0,0,0,0,4,1,15,1,29,6,599,1,-1,2,1
200501HT20571,1,9,0,18,0,0,0,0,0,0,1,1,15,1,44,7,1797,1,11,1,1
200501HT20571,2,8,0,3,0,0,0,0,0,0,2,1,1,1,44,7,2664,2,15,8,1
200501HT20571,3,19,0,3,0,0,0,0,0,0,2,1,15,1,59,9,1896,2,9,1,1
200501HT20572,1,9,0,18,0,0,0,0,0,0,3,1,15,1,27,6,1493,1,10,2,1
200501HT20573,1,9,0,6,0,2,0,0,0,0,2,1,15,1,21,5,-1,-1,-1,2,1
200501HT20573,2,9,0,18,0,2,0,0,0,0,1,1,15,3,-1,-1,-1,-1,-1,-1,-1
200501HT20574,1,9,0,4,0,1,0,0,0,0,2,1,15,2,38,7,796,1,7,1,1
200501HT20574,2,9,0,18,0,1,0,0,0,0,1,1,15,2,27,6,1400,1,5,2,1
200501HT20575,1,9,0,18,0,8,0,0,0,0,1,1,15,1,26,6,1587,1,13,1,1
200501HT20575,2,9,0,7,0,8,0,10,4,7,4,1,15,2,25,5,1796,1,-1,-1,-1
200501HT20576,1,9,0,3,0,1,0,0,0,0,2,1,15,1,50,8,1991,1,10,1,1
200501HT20576,2,9,0,18,0,1,0,0,0,0,1,1,15,3,-1,-1,-1,-1,-1,-1,-1
200501HT20577,1,9,0,18,0,3,0,0,0,0,1,1,15,1,-1,-1,-1,-1,-1,-1,-1
200501HT20578,1,3,0,18,0,0,0,0,0,0,3,1,15,1,45,7,124,1,-1,1,1
200501HT20578,2,19,0,11,0,0,0,0,0,0,4,1,15,3,-1,-1,-1,-1,-1,-1,-1
200501HT20580,1,9,0,9,0,1,0,0,0,0,4,1,15,3,-1,-1,-1,-1,-1,-1,-1
200501HT20580,2,1,0,18,0,1,0,0,0,0,1,1,15,1,35,6,-1,-1,-1,1,1
200501HT20582,1,9,0,18,0,8,0,0,0,0,3,1,15,2,49,8,1752,1,7,2,1
200501HT20582,2,9,0,3,0,8,0,0,0,0,4,1,15,1,35,6,-1,-1,-1,-1,-1
200501HT20583,1,9,0,9,0,1,0,0,0,0,3,1,15,2,31,6,1590,1,6,9,1
200501HT20583,2,4,0,13,0,1,0,0,0,0,4,1,15,1,43,7,-1,-1,-1,10,1
200501HT20584,1,9,0,4,0,0,0,0,0,0,2,1,15,1,32,6,-1,-1,-1,2,1
200501HT20584,2,9,0,18,0,0,0,0,0,0,1,1,15,1,29,6,-1,-1,-1,1,1
200501HT20585,1,9,0,18,0,0,0,0,0,0,2,1,15,2,22,5,1196,1,10,1,1
200501HT20585,2,9,0,11,0,0,0,0,0,0,1,1,15,3,-1,-1,-1,-1,-1,-1,-1
200501HT20586,1,9,0,9,0,2,0,0,0,0,3,1,15,1,49,8,1600,1,10,2,1
200501HT20586,2,9,0,18,0,3,0,0,0,0,2,1,15,1,-1,-1,-1,-1,-1,-1,-1
200501HT20587,1,5,0,18,0,1,0,0,0,0,2,1,15,1,56,9,645,1,6,6,1
200501HT20587,2,9,0,18,0,1,0,0,0,0,1,1,15,1,52,8,-1,-1,-1,-1,-1
200501HT20588,1,5,0,18,0,2,0,0,0,0,1,1,15,1,36,7,782,1,-1,3,1
200501HT20588,2,19,0,18,0,2,0,0,0,0,4,1,15,1,54,8,2151,2,4,9,1
200501HT20588,3,1,0,18,0,2,0,0,0,0,4,1,15,1,34,6,-1,-1,-1,4,1
200501HT20589,1,9,0,3,0,1,0,0,0,0,2,1,15,1,39,7,-1,-1,-1,7,1
200501HT20589,2,1,0,18,0,1,0,0,0,0,1,1,15,1,50,8,-1,-1,-1,2,1
200501HT20590,1,9,0,1,0,0,0,0,0,0,3,1,15,1,18,4,-1,-1,-1,1,1
200501HT20591,1,9,0,18,0,2,0,0,0,0,4,1,15,1,60,9,-1,-1,-1,9,1
200501HT20592,1,9,0,18,0,8,0,0,0,0,1,1,15,1,28,6,1994,1,7,5,1
200501HT20592,2,9,0,4,0,8,0,0,0,0,2,1,15,1,52,8,1796,1,1,10,1
200501HT20594,1,9,0,7,0,2,0,10,7,7,3,1,15,2,40,7,1497,1,4,1,1
200501HT20595,1,4,0,18,0,0,0,0,0,0,2,1,15,1,43,7,498,1,3,2,1
200501HT20595,2,19,0,11,0,0,0,0,0,0,4,1,15,1,-1,-1,-1,-1,-1,4,1
200501HT20596,1,5,0,14,0,8,0,0,0,0,3,1,2,1,26,6,645,1,5,10,1
200501HT20596,2,11,0,3,0,8,0,0,0,0,3,1,1,1,35,6,-1,-1,-1,1,1
200501HT20596,3,9,0,3,0,8,0,0,0,0,4,1,15,1,36,7,1895,1,5,2,1
200501HT20597,1,9,0,5,0,1,0,0,0,0,1,1,15,1,35,6,2946,1,4,3,1
200501HT20598,1,9,0,18,0,1,0,0,7,1,1,1,15,1,45,7,2594,1,16,2,1
200501HT20599,1,3,0,18,0,1,0,0,0,0,2,1,15,1,35,6,85,1,16,2,1
200501HT20599,2,9,0,18,0,1,0,0,0,0,1,1,15,1,-1,-1,-1,-1,-1,-1,-1
200501HT20600,1,9,0,18,0,8,0,0,0,0,4,1,15,1,43,7,1596,1,4,5,1
200501HT20600,2,9,0,18,0,8,0,0,0,0,1,1,15,1,22,5,1390,1,-1,-1,-1
200501HT20601,1,19,0,7,0,8,0,0,0,0,3,1,15,1,37,7,1998,2,4,1,1
200501HT20601,2,9,0,18,0,8,0,0,0,0,1,1,15,1,24,5,1360,1,2,2,1
200501HT20602,1,3,0,18,0,1,0,0,0,0,1,1,15,1,31,6,100,1,3,5,1
200501HT20602,2,19,0,6,0,1,0,0,0,0,3,1,15,1,-1,-1,1994,1,13,4,1
200501HT20603,1,5,0,18,0,2,0,0,0,0,0,1,15,1,34,6,599,1,-1,4,1
200501HT20603,2,9,0,6,0,2,0,0,0,0,0,1,15,1,-1,-1,2300,1,13,-1,-1
200501HT20605,1,8,0,3,0,2,0,0,0,0,3,1,15,1,40,7,2664,2,8,2,1
200501HT20605,2,21,0,7,0,8,0,0,0,0,3,1,15,1,-1,-1,-1,-1,-1,-1,-1
200501HT20606,1,9,0,4,0,8,0,0,0,0,2,1,15,2,27,6,1997,1,15,3,1
200501HT20606,2,9,0,18,0,8,0,0,0,0,1,1,15,1,24,5,-1,-1,-1,1,1
200501HT20607,1,5,0,18,0,8,0,0,0,0,1,1,15,1,28,6,650,1,10,2,1
200501HT20607,2,9,0,9,0,8,0,0,0,0,4,1,15,1,-1,-1,2180,2,10,-1,-1
200501HT20608,1,19,0,18,0,0,0,0,0,0,4,1,15,1,-1,-1,-1,-1,-1,-1,-1
200501HT20609,1,9,0,18,0,8,0,0,0,0,1,1,15,2,26,6,1242,1,8,3,1
200501HT20609,2,9,0,3,0,8,0,0,0,0,2,1,15,1,41,7,1392,1,7,-1,-1
200501HT20610,1,9,0,18,0,1,0,0,0,0,1,1,15,1,32,6,1800,1,6,3,1
200501HT20610,2,9,0,9,0,1,0,0,0,0,3,1,15,1,30,6,1392,1,12,2,1
200501HT20611,1,9,0,18,0,1,0,0,0,0,4,1,15,1,47,8,1998,1,6,2,1
200501HT20612,1,11,0,4,0,0,0,0,0,0,0,1,1,3,-1,-1,-1,-1,-1,-1,-1
200501HT20613,1,5,0,18,0,1,0,0,0,0,4,1,15,1,19,4,918,1,8,1,1
200501HT20614,1,19,0,9,0,8,0,0,0,0,3,1,15,1,37,7,2400,2,16,2,1
200501HT20614,2,3,0,18,0,8,0,0,0,0,1,1,15,1,26,6,124,1,4,2,1
200501HT20615,1,19,0,7,0,8,0,0,0,0,4,1,15,1,36,7,-1,-1,-1,2,1
200501HT20615,2,1,0,18,0,8,0,0,0,0,3,1,15,1,49,8,-1,-1,-1,4,1
200501HT20616,1,5,0,13,0,3,0,0,0,0,4,1,15,1,50,8,850,1,5,-1,-1
200501HT20616,2,21,1,18,0,3,0,0,0,0,3,2,1,1,26,6,-1,-1,-1,-1,-1
200501HT20618,1,9,0,18,0,0,0,0,0,0,1,1,15,3,-1,-1,-1,-1,-1,-1,-1
200501HT20619,1,9,0,18,0,3,0,0,0,0,1,1,15,3,-1,-1,1896,2,5,-1,-1
200501HT20621,1,9,0,2,0,1,0,0,0,0,1,1,15,1,21,5,1587,1,10,2,1
200501HT20621,2,9,0,1,0,2,0,0,0,0,2,1,15,1,-1,-1,2497,2,2,-1,-1
200501HT20622,1,9,0,18,0,8,0,0,0,0,1,1,15,1,31,6,1493,1,9,2,1
200501HT20622,2,9,0,9,0,8,0,0,0,0,3,1,15,1,-1,-1,998,1,6,2,1
200501HT20623,1,8,0,4,0,0,0,0,0,0,4,1,1,1,58,9,1997,2,-1,-1,-1
200501HT20624,1,9,0,18,0,0,0,0,0,0,3,1,15,2,39,7,2438,1,8,3,1
200501HT20624,2,9,0,18,0,0,0,0,0,0,3,1,15,3,-1,-1,-1,-1,-1,-1,-1
200501HT20625,1,8,0,18,0,1,0,0,0,0,3,1,1,1,48,8,2402,2,2,3,1