Accident_Index,Vehicle_Reference,Vehicle_Type,Towing_and_Articulation,Vehicle_Manoeuvre,Vehicle_Location_Restricted_Lane,Junction_Location,Skidding_and_Overturning,Hit_Object_in_Carriageway,Vehicle_Leaving_Carriageway,Hit_Object_off_Carriageway,1st_Point_of_Impact,Was_Vehicle_Left_Hand_Drive?,Journey_Purpose_of_Driver,Sex_of_Driver,Age_of_Driver,Age_Band_of_Driver,Engine_Capacity_(CC),Propulsion_Code,Age_of_Vehicle,Driver_IMD_Decile,Driver_Home_Area_Type
200501ID60027,2,9,0,11,0,8,0,0,0,0,4,1,15,1,34,6,1461,2,2,4,1
200501ID60027,3,20,0,8,0,8,0,0,0,0,2,1,15,1,30,6,-1,-1,-1,4,1
200501ID60028,1,3,0,13,0,8,0,0,0,0,3,1,15,1,23,5,125,1,3,4,1
200501ID60030,1,9,0,5,0,3,0,0,0,0,1,1,15,1,43,7,-1,-1,-1,10,1
200501ID60030,2,9,0,4,0,3,0,0,0,0,2,1,15,1,72,10,1118,1,13,2,1
200501ID60031,1,9,0,9,0,2,0,0,0,0,4,1,15,1,23,5,3222,2,2,10,1
200501ID60031,2,9,0,9,0,2,0,0,0,0,1,1,15,1,23,5,1299,1,10,2,1
200501ID60032,1,10,0,18,0,0,0,0,0,0,1,1,15,1,72,10,2874,2,7,5,1
200501ID60033,1,9,0,4,0,1,0,0,0,0,2,1,15,1,60,9,1997,2,5,10,1
200501ID60033,2,11,0,18,0,1,0,0,0,0,1,1,15,1,26,6,-1,2,2,2,1
200501ID60035,1,9,0,3,0,0,0,0,0,0,2,1,15,1,26,6,-1,-1,-1,7,1
200501ID60035,2,9,0,18,0,0,0,0,0,0,1,1,15,1,-1,-1,2148,2,1,-1,-1
200501ID60036,1,1,0,18,0,8,0,0,0,0,3,1,15,1,55,8,-1,-1,-1,8,1
200501ID60036,2,9,0,9,0,8,0,0,0,0,1,1,15,1,-1,-1,1392,1,13,5,1
200501ID60037,1,9,0,3,0,2,0,0,0,0,2,2,15,2,34,6,-1,-1,-1,-1,-1
200501ID60037,2,9,0,3,0,2,0,0,0,0,2,1,15,1,41,7,1299,1,7,7,2
200501ID60037,3,9,0,18,0,2,0,0,0,0,1,1,15,2,39,7,1995,2,-1,3,1
200501ID60038,1,9,0,2,0,2,0,0,0,0,0,1,15,1,45,7,-1,-1,-1,10,1
200501ID60039,1,90,0,9,0,3,5,0,1,10,4,1,15,1,50,8,-1,-1,-1,4,1
200501ID60040,1,9,0,3,0,1,0,0,0,0,2,1,15,2,56,9,1781,1,15,4,1
200501ID60040,2,9,0,18,0,1,0,0,0,0,1,1,15,1,-1,-1,-1,-1,-1,-1,-1
200501ID60041,1,9,0,18,0,0,0,0,0,0,1,1,15,1,63,9,2188,2,1,10,1
200501ID60041,2,9,0,3,0,0,0,0,0,0,2,1,15,2,40,7,1997,2,5,8,3
200501ID60043,1,9,0,18,0,0,0,0,0,0,1,1,15,2,59,9,1769,1,-1,3,1
200501ID60043,2,9,0,2,0,0,0,0,0,0,4,1,15,1,-1,-1,1783,1,4,10,1
200501ID60043,3,9,0,2,0,0,0,0,0,0,2,1,15,1,-1,-1,1753,2,6,-1,-1
200501ID60045,1,9,0,18,0,8,0,0,0,0,4,1,15,2,59,9,1586,1,3,-1,-1
200501ID60045,2,19,0,7,0,8,0,0,0,0,4,1,15,2,57,9,1868,2,3,6,1
200501ID60046,1,9,0,18,0,0,0,0,0,0,2,1,15,1,46,8,3200,2,1,7,1
200501ID60046,2,9,0,18,0,0,0,0,0,0,1,1,15,1,38,7,2171,1,4,7,1
200501ID60047,1,9,0,6,0,0,0,0,0,0,3,1,15,1,37,7,1598,1,4,10,1
200501ID60047,2,5,0,18,0,0,0,0,0,0,1,1,15,1,29,6,988,1,4,1,1
200501ID60048,1,9,0,18,0,8,0,0,0,0,3,1,15,1,54,8,3222,2,2,7,1
200501ID60048,2,19,0,17,0,8,0,0,0,0,4,1,15,1,45,7,2402,2,4,-1,-1
200501ID60051,1,11,0,9,0,8,0,0,0,0,0,1,15,1,-1,-1,-1,2,7,-1,-1
200501ID60052,1,5,0,18,0,0,0,0,0,0,1,1,15,1,35,6,-1,-1,-1,9,1
200501ID60052,2,9,0,3,0,0,0,0,0,0,2,1,15,1,29,6,1799,1,5,10,1
200501ID60053,1,9,0,7,0,8,0,0,0,0,4,1,1,2,41,7,1598,1,5,-1,-1
200501ID60053,2,1,0,18,0,8,0,0,0,0,1,1,15,1,49,8,-1,-1,-1,-1,-1
200501ID60054,1,9,0,4,0,0,0,0,0,0,0,1,15,2,24,5,-1,-1,-1,8,1
200501ID60054,2,9,0,18,0,0,0,0,0,0,0,1,15,1,-1,-1,-1,-1,-1,-1,-1
200501ID60056,1,9,0,18,0,8,0,0,0,0,1,1,15,2,42,7,3199,1,1,4,1
200501ID60056,2,1,0,18,0,8,0,0,0,0,2,1,15,1,48,8,-1,-1,-1,6,1
200501ID60057,1,9,0,17,0,0,0,0,0,0,3,1,15,1,28,6,-1,-1,-1,-1,-1
200501ID60058,1,9,0,18,0,2,0,0,0,0,4,1,15,1,65,9,-1,-1,-1,8,3
200501ID60059,1,9,0,3,0,1,0,0,0,0,2,1,15,1,45,7,1229,1,1,-1,-1
200501ID60059,2,9,0,18,0,1,0,0,0,0,1,1,15,2,59,9,1896,2,3,-1,-1
200501ID60060,1,9,0,3,0,0,0,0,0,0,2,1,15,1,35,6,1984,1,13,3,1
200501ID60060,2,9,0,18,0,0,0,0,0,0,1,1,15,2,-1,-1,-1,-1,-1,-1,-1
200501ID60063,1,9,0,18,0,0,0,0,0,0,1,1,15,1,28,6,1896,2,9,2,1
200501ID60064,1,5,0,18,0,3,0,0,0,0,1,1,15,1,41,7,-1,-1,-1,-1,-1
200501ID60064,2,21,0,9,0,2,0,0,0,0,3,1,15,1,55,8,4580,2,7,6,1
200501ID60065,1,9,0,6,0,8,0,0,0,0,3,1,15,1,27,6,1108,1,9,3,1
200501ID60065,2,5,0,18,0,8,0,0,0,0,4,1,15,1,47,8,-1,-1,-1,10,1
200501ID60069,1,9,0,18,0,0,0,0,0,0,3,1,15,2,21,5,1896,2,3,6,1
200501ID60069,2,9,0,18,0,0,0,0,0,0,4,1,15,1,39,7,1761,1,10,7,1
200501ID60069,3,5,0,18,0,0,0,0,0,0,3,1,15,1,32,6,-1,-1,-1,6,1
200501ID60072,1,9,0,17,0,1,0,0,0,0,1,1,15,1,35,6,4966,1,2,4,1
200501ID60072,2,9,0,9,0,1,0,0,0,0,2,1,15,1,43,7,1598,1,9,-1,-1
200501ID60073,1,11,0,18,0,0,0,0,0,0,1,1,15,1,-1,-1,-1,-1,-1,-1,-1
200501ID60076,1,9,0,18,0,8,0,0,0,0,1,1,15,1,-1,-1,1988,1,-1,-1,-1
200501ID60078,1,9,0,18,0,2,0,10,3,2,1,1,15,1,78,11,998,1,15,4,1
200501ID60079,1,9,0,9,0,8,0,0,0,0,4,1,15,1,61,9,1500,1,10,5,1
200501ID60079,2,9,0,5,0,8,0,0,0,0,1,1,15,1,53,8,-1,-1,-1,2,1
200501ID60080,1,9,0,18,0,1,0,0,0,0,1,1,15,1,-1,-1,1389,1,10,-1,-1
200501ID60080,2,9,0,4,0,1,0,0,0,0,2,1,15,1,35,6,-1,-1,-1,6,1
200501ID60080,3,9,0,4,0,1,0,0,0,0,2,1,15,2,38,7,1497,1,9,-1,-1
200501ID60081,1,9,0,18,0,8,0,0,0,0,1,1,15,1,33,6,-1,-1,-1,6,3
200501ID60081,2,9,0,18,0,8,0,0,0,0,3,1,15,1,54,8,1762,1,8,5,1
200501ID60082,1,9,0,18,0,0,0,10,1,2,4,1,15,1,21,5,1390,1,12,3,1
200501ID60085,1,19,0,9,0,8,0,0,0,0,2,1,15,1,45,7,1868,2,3,8,1
200501ID60085,2,9,0,9,0,8,0,0,0,0,1,1,15,1,-1,-1,-1,-1,-1,-1,-1
200501ID60086,1,20,0,18,0,3,0,0,1,2,1,1,15,1,39,7,-1,-1,-1,-1,-1
200501ID60088,1,8,0,18,0,3,0,0,0,0,2,1,15,1,45,7,1896,2,-1,10,1
200501ID60088,2,9,0,9,0,3,0,0,0,0,1,1,15,1,-1,-1,-1,-1,-1,-1,-1
200501ID60089,1,9,0,18,0,0,0,0,0,0,2,1,15,1,35,6,1364,2,-1,6,1
200501ID60089,2,9,0,7,0,0,0,0,0,0,1,1,15,1,-1,-1,-1,-1,-1,-1,-1
200501ID60090,1,11,0,9,0,8,0,0,0,0,0,1,1,1,59,9,-1,2,2,1,1
200501ID60091,1,9,0,3,0,0,0,0,0,0,2,1,15,1,65,9,1998,1,12,4,1
200501ID60091,2,9,0,18,0,0,0,0,0,0,1,1,15,1,-1,-1,2184,2,2,-1,-1
200501ID60092,1,9,0,4,0,0,0,0,0,0,1,1,15,3,-1,-1,-1,-1,-1,-1,-1
200501ID60093,1,11,0,4,0,0,0,0,0,0,2,1,1,1,32,6,5883,2,7,2,1
200501ID60093,2,11,0,18,0,0,0,0,0,0,1,1,1,1,33,6,4250,2,6,1,1
200501ID60094,1,9,0,17,0,0,1,10,1,1,1,1,2,2,24,5,1275,1,5,5,1
200501ID60095,1,9,0,18,0,3,0,0,0,0,1,1,15,1,35,6,1796,1,8,3,1
200501ID60096,1,9,0,18,0,0,0,0,0,0,1,1,15,1,40,7,-1,-1,-1,5,1
200501ID60096,2,9,0,5,0,0,0,0,0,0,3,1,15,1,-1,-1,-1,-1,-1,-1,-1
200501ID60097,1,20,0,3,0,0,0,0,0,0,2,1,15,1,43,7,-1,-1,-1,-1,-1
200501ID60097,2,9,0,3,0,0,0,0,0,0,2,1,15,2,43,7,-1,-1,-1,10,2
200501ID60097,3,9,0,18,0,0,0,0,0,0,1,1,15,1,38,7,2500,2,6,6,1
200501ID60098,1,9,0,4,0,1,0,0,0,0,1,1,15,1,35,6,1761,1,8,4,1
200501ID60098,2,9,0,18,0,1,0,0,0,0,2,1,15,1,39,7,2401,2,-1,4,1
200501ID60099,1,11,0,5,0,8,0,0,0,0,1,1,15,1,41,7,-1,-1,-1,3,1
200501ID60099,2,9,0,14,0,8,0,0,0,0,3,1,15,1,-1,-1,-1,-1,-1,7,1
200501ID60100,1,9,0,18,0,0,1,7,4,2,1,1,15,1,74,10,1721,1,13,6,1
200501ID60102,1,11,0,9,0,8,0,0,0,0,3,1,1,1,45,7,11000,2,1,-1,3
200501ID60102,2,11,0,9,0,8,0,0,0,0,4,1,1,1,57,9,9600,2,5,5,1
200501ID60105,1,9,0,18,0,2,0,0,0,0,1,1,15,1,65,9,1998,1,12,-1,-1
200501ID60106,1,9,0,9,0,8,0,0,0,0,2,1,15,2,-1,-1,-1,-1,-1,4,1
200501ID60106,2,21,0,9,0,8,0,0,0,0,1,1,1,1,-1,-1,11967,2,2,-1,-1
200501ID60110,1,9,0,18,0,8,0,0,0,0,1,1,15,1,44,7,-1,-1,-1,4,1
200501ID60110,2,9,0,2,0,8,0,0,0,0,2,2,15,1,33,6,-1,-1,-1,-1,-1
200501ID60113,1,9,0,2,0,0,0,0,0,0,3,1,15,2,19,4,1299,1,6,9,1
200501ID60113,2,9,0,14,0,0,0,0,0,0,4,1,15,1,-1,-1,1497,8,1,-1,-1
200501ID69020,1,8,0,18,0,1,0,0,0,0,4,1,1,1,25,5,1762,1,9,-1,-1
200501ID69020,2,9,0,18,0,1,0,0,0,0,3,1,15,2,-1,-1,1597,1,12,4,1
200501JC30003,1,9,0,18,0,1,0,0,0,0,1,1,15,1,38,7,-1,-1,-1,3,1
200501JC30003,2,9,0,18,0,1,0,0,0,0,1,1,15,2,46,8,1298,1,4,3,1
200501JC30004,1,9,0,9,0,5,0,0,0,0,4,1,15,1,44,7,1896,2,5,2,1
200501JC30004,2,9,0,18,0,2,0,0,0,0,4,1,15,1,21,5,1390,1,7,4,1
200501JC30020,1,9,0,7,0,6,0,0,0,0,1,1,15,1,27,6,998,1,10,2,1
200501JC30021,1,9,0,18,0,2,5,11,1,7,1,1,15,1,50,8,1998,2,8,1,1
200501JC30021,2,9,0,18,0,1,0,0,0,0,1,1,15,1,48,8,-1,-1,-1,1,1
200501JC30022,1,9,0,18,0,0,0,0,0,0,0,1,15,1,63,9,1796,1,8,3,1
200501JC30023,1,9,0,16,0,1,0,0,0,0,0,1,15,2,72,10,1596,1,17,2,1
200501JC30025,1,9,0,18,0,4,1,8,1,7,0,1,15,1,87,11,1108,1,1,3,1
200501JC30029,1,3,0,18,0,2,0,0,0,0,0,1,15,1,39,7,102,1,1,3,1
200501JC30031,1,9,0,18,0,0,0,0,0,0,1,1,15,1,49,8,1998,1,15,-1,-1
200501JC30031,2,9,0,18,0,0,0,0,0,0,2,1,15,1,33,6,1896,2,4,1,1
200501JC30032,1,9,0,18,0,8,0,0,0,0,2,1,15,1,54,8,2995,1,7,3,1
200501JC30032,2,9,0,18,0,8,0,0,0,0,1,1,15,1,-1,-1,1392,1,12,-1,-1
200501JC30034,1,9,0,3,0,1,0,0,0,0,2,1,1,1,48,8,-1,-1,-1,2,1
200501JC30034,2,9,0,4,0,1,0,0,0,0,1,1,15,3,-1,-1,-1,-1,-1,-1,-1
200501JC30036,1,9,0,18,0,0,0,0,0,0,1,1,15,1,-1,-1,-1,-1,-1,-1,-1
200501JC30037,1,3,0,18,0,8,0,0,0,0,1,1,15,1,32,6,124,1,1,2,1
200501JC30037,2,9,0,9,0,8,0,0,0,0,1,1,15,2,34,6,-1,-1,-1,2,1
200501JC30038,1,5,0,18,0,1,0,0,0,0,1,1,15,1,50,8,955,1,1,9,1
200501JC30039,1,3,0,18,0,1,0,0,0,0,1,1,15,1,26,6,102,1,1,-1,-1
200501JC30039,2,9,0,6,0,1,0,0,0,0,1,1,15,1,-1,-1,1391,1,12,-1,-1
200501JC30041,1,9,0,6,0,0,0,0,0,0,4,1,15,2,-1,-1,1240,1,1,2,1
200501JC30042,1,1,0,18,0,1,0,0,0,0,1,1,15,2,42,7,-1,-1,-1,4,1
200501JC30042,2,9,0,9,0,1,0,0,0,0,1,1,15,1,54,8,1762,1,7,3,1
200501JC30043,1,9,0,18,0,0,0,0,0,0,1,1,15,1,42,7,1598,1,6,-1,-1
200501JC30045,1,9,0,18,0,2,0,0,0,0,1,1,15,2,48,8,1391,1,10,1,1
200501JC30047,1,9,0,5,0,0,0,0,0,0,2,1,15,1,24,5,1396,1,11,2,1
200501JC30047,2,9,0,18,0,0,0,0,0,0,1,1,15,1,35,6,1700,2,7,-1,-1
200501JC30048,1,9,0,18,0,0,0,0,0,0,3,1,15,1,42,7,1998,1,13,1,1
200501JC30049,1,9,0,18,0,0,0,0,0,0,2,1,15,1,29,6,1308,1,11,3,1
200501JC30049,2,9,0,18,0,0,0,0,0,0,1,1,15,3,-1,-1,-1,-1,-1,-1,-1
200501JC30050,1,9,0,18,0,1,0,0,0,0,1,1,15,1,31,6,1796,1,2,8,1
200501JC30050,2,9,0,7,0,1,0,0,0,0,2,1,15,1,48,8,1597,1,13,3,1
200501JC30051,1,3,0,18,0,0,0,0,0,0,1,1,15,1,41,7,124,1,2,3,1
200501JC30051,2,9,0,6,0,0,0,0,0,0,3,1,15,1,-1,-1,1119,1,12,-1,-1
200501JC30052,1,9,0,9,0,2,0,0,0,0,1,1,15,1,71,10,1998,1,14,-1,-1
200501JC30052,2,9,0,18,0,2,0,0,0,0,3,1,15,1,42,7,-1,-1,-1,3,1
200501JC30053,1,3,0,7,0,8,0,0,0,0,4,1,15,1,34,6,-1,-1,-1,-1,-1
200501JC30053,2,9,0,7,0,8,0,0,0,0,3,1,15,1,18,4,1390,1,5,5,1
200501JC30054,1,1,0,18,0,0,0,0,0,0,3,1,15,1,10,2,-1,-1,-1,-1,-1
200501JC30054,2,9,0,5,0,0,0,0,0,0,1,1,15,1,43,7,1389,1,4,4,1
200501JC30055,1,9,0,9,0,8,0,0,0,0,4,1,15,2,-1,-1,2156,1,12,-1,-1
200501JC30055,2,5,0,18,0,8,0,0,0,0,1,1,15,1,41,7,1198,1,19,10,1
200501JC30056,1,19,0,13,0,8,0,0,0,0,1,1,15,1,44,7,2404,2,18,3,1
200501JC30056,2,9,0,18,0,8,0,0,0,0,1,1,15,1,38,7,3199,1,5,6,1
200501JC30058,1,9,0,1,0,6,0,0,0,0,2,1,15,2,-1,-1,2499,2,5,-1,-1
200501JC30060,1,90,0,4,0,1,0,0,0,0,3,1,15,1,-1,-1,-1,-1,-1,-1,-1
200501JC30061,1,11,0,4,0,0,0,0,0,0,2,1,15,1,47,8,-1,-1,-1,3,1
200501JC30061,2,9,0,18,0,0,0,0,0,0,1,1,15,1,43,7,2494,1,15,2,1
200501JC30062,1,9,0,7,0,1,0,0,0,0,4,1,15,1,48,8,-1,-1,-1,10,1
200501JC30062,2,1,0,15,0,1,0,0,0,0,1,1,15,1,49,8,-1,-1,-1,-1,-1
200501JC30063,1,9,0,18,0,2,0,0,0,0,1,1,15,1,23,5,1392,1,12,3,1
200501JC30065,1,9,0,18,0,2,0,0,0,0,1,1,15,1,50,8,-1,-1,-1,-1,-1
200501JC30066,1,11,0,3,0,0,0,0,0,0,0,1,1,2,40,7,5900,2,5,4,1
200501JC30067,1,9,0,4,0,0,0,0,0,0,2,1,15,1,52,8,1229,1,1,8,1
200501JC30067,2,9,0,18,0,0,0,0,0,0,2,1,15,1,37,7,1396,1,5,3,1
200501JC30067,3,11,0,4,0,0,0,0,0,0,2,1,1,1,51,8,-1,-1,-1,10,3
200501JC30067,4,9,0,18,0,0,0,0,0,0,2,1,15,1,24,5,1596,1,13,3,1
200501JC30067,5,9,0,4,0,0,0,0,0,0,2,1,15,1,30,6,1598,1,13,2,1
200501JC30067,6,9,0,18,0,0,0,0,0,0,1,1,15,1,75,10,1118,1,14,2,1
200501JC30070,1,9,0,18,0,8,0,0,0,0,1,1,15,1,31,6,1493,1,9,1,1
200501JC30070,2,9,0,18,0,8,0,0,0,0,1,1,15,1,40,7,-1,-1,-1,2,1
200501JC30071,1,9,0,16,0,2,0,0,0,0,1,1,15,1,23,5,1360,1,3,-1,-1
200501JC30072,1,9,0,3,0,2,0,0,0,0,2,1,15,2,40,7,1840,1,9,6,1
200501JC30072,2,9,0,4,0,2,0,0,0,0,1,1,15,1,24,5,1781,1,15,-1,-1
200501JC30073,1,9,0,18,0,2,0,0,0,0,1,1,15,1,-1,-1,1120,1,12,-1,-1
200501JC30073,2,9,0,18,0,2,0,0,0,0,3,1,15,1,41,7,-1,-1,-1,2,1
200501JC30074,1,9,0,9,0,6,0,0,0,0,1,1,15,1,29,6,-1,-1,-1,-1,-1
200501JC30075,1,3,0,18,0,8,1,0,0,0,0,1,15,1,19,4,124,1,1,1,1
200501JC30075,2,9,0,9,0,8,0,0,0,0,3,1,15,1,-1,-1,-1,-1,-1,-1,-1
200501JC30076,1,9,0,18,0,2,0,0,0,0,1,1,15,1,23,5,-1,-1,-1,2,1
200501JC30077,1,9,0,9,0,8,0,0,0,0,3,1,15,2,33,6,-1,-1,-1,-1,-1
200501JC30077,2,1,0,18,0,8,0,0,0,0,1,1,15,1,32,6,-1,-1,-1,-1,-1
200501JC30078,1,9,0,4,0,1,0,0,0,0,4,1,15,1,67,10,1108,1,2,2,1
200501JC30079,1,9,0,9,0,2,0,0,0,0,0,1,15,1,38,7,-1,-1,-1,-1,-1
200501JC30080,1,9,0,18,0,8,0,0,0,0,1,1,15,2,38,7,1388,1,2,1,1
200501JC30080,2,9,0,18,0,8,0,0,0,0,0,2,15,3,-1,-1,-1,-1,-1,-1,-1
200501JC30081,1,9,0,18,0,0,0,0,0,0,4,1,15,2,41,7,1970,1,5,7,2
200501JC30081,2,19,0,12,0,0,0,0,0,0,1,1,15,1,-1,-1,-1,-1,-1,-1,-1
200501JC30082,1,9,0,18,0,1,0,0,0,0,1,1,15,1,35,6,1896,2,2,8,1
200501JC30082,2,9,0,3,0,1,0,0,0,0,2,1,15,1,29,6,-1,-1,-1,1,1
200501JC30083,1,3,0,18,0,0,1,0,0,0,3,1,1,1,34,6,102,1,1,1,1
200501JC30084,1,9,0,11,0,8,0,0,0,0,1,1,15,1,18,4,1392,1,7,1,1
200501JC30086,1,9,0,18,0,1,0,0,0,0,1,1,15,1,40,7,1587,1,4,3,1
200501JC30086,2,9,0,18,0,1,0,0,0,0,1,1,15,1,30,6,1596,1,3,2,1
200501JC30087,1,9,0,18,0,0,0,0,0,0,1,1,15,1,24,5,1587,1,8,2,1
200501JC30088,1,9,0,7,0,6,0,0,0,0,1,1,15,2,23,5,1389,1,12,3,1
200501JC30089,1,1,0,15,0,0,0,0,0,0,3,1,15,2,38,7,-1,-1,-1,3,1
200501JC30089,2,9,0,3,0,0,0,0,0,0,4,1,15,2,39,7,1119,1,10,2,1
200501JC30090,1,9,0,3,0,0,0,0,0,0,2,1,15,1,31,6,-1,-1,-1,-1,-1
200501JC30090,2,9,0,18,0,0,1,0,0,0,1,1,15,1,22,5,1984,1,7,3,1
200501JC30091,1,9,0,18,0,0,0,0,0,0,1,1,15,1,31,6,1994,1,9,1,1
200501JC30093,1,11,0,18,0,1,0,0,0,0,4,1,1,2,32,6,-1,2,13,3,1
200501JC30093,2,9,0,9,0,8,0,0,0,0,1,1,15,2,-1,-1,1996,1,10,-1,-1
200501JC30094,1,9,0,18,0,1,0,0,0,0,1,1,15,2,26,6,-1,-1,-1,3,1
200501JC30094,2,9,0,3,0,1,0,0,0,0,2,1,15,1,75,10,1196,1,9,3,1
200501JC30095,1,9,0,9,0,2,0,0,0,0,1,1,15,1,19,4,-1,-1,-1,3,1
200501JC30095,2,9,0,17,0,1,0,0,0,0,1,1,15,1,81,11,1396,1,12,3,1
200501JC30096,1,9,0,7,0,8,0,0,0,0,3,1,15,1,42,7,1870,2,12,4,1
200501JC30096,2,9,0,9,0,8,0,0,0,0,1,1,15,2,52,8,1389,1,10,2,1
200501JC30097,1,9,0,18,0,1,0,0,0,0,4,1,15,2,31,6,1119,1,12,8,1
200501JC30098,1,9,0,2,0,0,0,0,0,0,3,1,15,2,41,7,1998,1,13,1,1
200501JC30098,2,9,0,1,0,0,0,0,0,0,2,1,15,1,-1,-1,1905,2,9,-1,-1
200501JC30099,1,9,0,1,0,1,0,0,0,0,1,1,15,3,-1,-1,-1,-1,-1,-1,-1
200501JC30100,1,9,0,12,0,0,0,6,1,10,3,1,15,1,27,6,1984,1,13,9,1
200501JC30100,2,9,0,18,0,0,0,0,0,0,4,1,15,1,51,8,-1,-1,-1,2,1
200501JC30100,3,9,0,18,0,0,0,0,4,10,3,1,15,1,46,8,1988,1,7,7,1
200501JC30103,1,4,0,3,0,1,0,0,0,0,2,1,15,1,29,6,498,1,9,3,2
200501JC30103,2,9,0,18,0,1,0,0,0,0,1,1,15,1,37,7,-1,-1,-1,5,1
200501JC30104,1,9,0,4,0,1,0,0,0,0,2,1,15,1,55,8,1796,1,10,8,1
200501JC30104,2,9,0,4,0,1,0,0,0,0,2,1,15,2,48,8,1598,1,9,2,1
200501JC30104,3,19,0,18,0,1,0,0,0,0,1,1,15,1,37,7,1753,2,8,6,1
200501JC30105,1,4,0,18,0,1,0,0,0,0,1,1,15,1,28,6,499,1,7,3,1
200501JC30105,2,19,0,4,0,1,0,0,0,0,3,1,15,1,33,6,2148,2,2,2,1
200501JC30108,1,9,0,18,0,8,0,0,0,0,3,1,15,2,38,7,-1,-1,-1,4,1
200501JC30108,2,1,0,18,0,8,0,0,0,0,1,1,15,1,45,7,-1,-1,-1,-1,-1
200501JC30109,1,9,0,18,0,0,0,0,0,0,3,1,15,1,27,6,1799,1,8,4,1
200501JC30109,2,19,0,6,0,0,0,0,0,0,4,1,15,2,72,10,1994,1,12,-1,-1
200501JC30110,1,9,0,3,0,1,0,0,0,0,2,1,15,2,25,5,1597,1,11,2,1
200501JC30110,2,9,0,18,0,1,0,0,0,0,1,1,15,1,-1,-1,-1,-1,-1,1,1
200501JC30111,1,9,0,18,0,0,0,0,0,0,1,1,15,1,-1,-1,1998,1,7,-1,-1
200501JC30112,1,9,0,18,0,1,0,0,0,0,1,1,15,2,35,6,1998,1,7,8,2
200501JC30112,2,9,0,12,0,1,0,0,0,0,3,1,15,3,-1,-1,-1,-1,-1,-1,-1
200501JC30113,1,9,0,9,0,8,0,0,0,0,1,1,15,1,56,9,1196,1,12,1,1
200501JC30114,1,3,0,18,0,1,0,0,0,0,4,1,15,1,23,5,124,1,1,2,1
200501JC30114,2,9,0,9,0,1,0,0,0,0,1,1,15,1,30,6,2000,1,11,-1,-1
200501JC30116,1,9,0,4,0,8,0,0,0,0,2,1,15,1,27,6,1998,1,8,3,1
200501JC30116,2,9,0,18,0,8,0,0,0,0,1,1,15,1,38,7,1769,2,10,3,1
200501JC30117,1,9,0,13,0,1,0,0,0,0,3,1,15,1,77,11,1781,1,17,8,1
200501JC30117,2,9,0,9,0,1,0,0,0,0,4,1,15,1,35,6,1794,1,4,1,1
200501JC30118,1,9,0,18,0,1,0,0,0,0,1,1,15,2,31,6,1242,1,9,2,1
200501JC30118,2,4,0,18,0,1,0,0,0,0,4,1,15,1,27,6,-1,-1,-1,-1,-1
200501JC30120,1,9,0,9,0,1,0,0,0,0,1,1,15,1,64,9,1289,1,10,1,1
200501JC30120,2,3,0,18,0,1,0,0,0,0,1,1,15,1,17,4,124,1,3,8,2
200501JC30121,1,9,0,18,0,0,0,0,4,9,1,1,15,2,43,7,1796,1,12,5,1
200501JC30121,2,9,0,18,0,0,0,0,0,0,3,1,15,1,-1,-1,-1,-1,-1,-1,-1
200501JC30121,3,9,0,2,0,0,0,0,0,0,3,1,15,1,30,6,1587,1,2,5,1
200501JC30121,4,9,0,2,0,0,0,0,0,0,4,1,15,2,38,7,999,1,14,-1,-1
200501JC30122,1,9,0,4,0,1,0,0,0,0,1,1,15,2,27,6,1242,1,6,7,1
200501JC30122,2,1,0,18,0,1,0,0,0,0,4,1,15,1,69,10,-1,-1,-1,1,1
200501JC30124,1,4,0,18,0,0,0,4,0,0,1,1,15,1,36,7,176,1,5,6,1
200501JC30124,2,9,0,2,0,0,0,0,0,0,3,1,15,1,33,6,1796,1,10,-1,-1
200501JC30124,3,9,0,2,0,0,0,0,0,0,3,1,15,1,38,7,-1,-1,-1,-1,-1
200501JC30124,4,9,0,2,0,0,0,0,0,0,2,1,15,2,43,7,1870,2,2,-1,-1
200501JC30125,1,2,0,18,0,1,0,0,0,0,1,1,15,1,17,4,49,1,3,3,1
200501JC30125,2,9,0,10,0,1,0,0,0,0,2,1,15,1,46,8,-1,-1,-1,6,1
200501JC30128,1,1,0,18,0,0,0,0,0,0,1,1,15,1,20,4,-1,-1,-1,-1,-1
200501JC30128,2,9,0,2,0,0,0,0,0,0,4,1,15,1,50,8,1896,2,3,7,1
200501JC30129,1,9,0,18,0,0,0,0,5,6,3,1,15,1,39,7,2685,2,2,2,1
200501JC30130,1,9,0,3,0,2,0,0,0,0,2,1,15,2,32,6,1118,1,15,1,1
200501JC30130,2,9,0,18,0,2,0,0,0,0,1,1,15,1,-1,-1,-1,-1,-1,3,1
200501JC30131,1,9,0,3,0,0,0,0,0,0,2,1,15,1,33,6,1796,1,9,2,1
200501JC30131,2,9,0,18,0,0,0,0,0,0,1,1,15,3,-1,-1,-1,-1,-1,-1,-1
200501JC30132,1,9,0,3,0,1,0,0,0,0,2,1,15,2,56,9,1588,1,5,-1,-1