Accident_Index,Vehicle_Reference,Vehicle_Type,Towing_and_Articulation,Vehicle_Manoeuvre,Vehicle_Location_Restricted_Lane,Junction_Location,Skidding_and_Overturning,Hit_Object_in_Carriageway,Vehicle_Leaving_Carriageway,Hit_Object_off_Carriageway,1st_Point_of_Impact,Was_Vehicle_Left_Hand_Drive?,Journey_Purpose_of_Driver,Sex_of_Driver,Age_of_Driver,Age_Band_of_Driver,Engine_Capacity_(CC),Propulsion_Code,Age_of_Vehicle,Driver_IMD_Decile,Driver_Home_Area_Type
200501JI40873,1,9,0,9,0,6,0,0,0,0,3,1,15,2,24,5,1242,1,7,4,1
200501JI40873,2,9,0,18,0,8,1,0,0,0,1,1,15,1,29,6,1896,2,7,4,1
200501JI40875,1,9,0,9,0,8,0,0,0,0,3,1,15,1,20,4,1242,1,5,4,1
200501JI40875,2,9,0,18,0,8,0,0,0,0,1,1,15,1,66,10,1762,1,10,2,1
200501JI40877,1,9,0,6,0,1,0,0,0,0,1,1,15,1,30,6,1753,2,9,3,1
200501JI40877,2,3,0,18,0,1,0,0,0,0,2,1,15,1,-1,-1,85,1,4,-1,-1
200501JI40878,1,9,0,18,0,0,0,10,1,2,1,1,15,1,41,7,1999,1,2,2,1
200501JI40879,1,9,0,4,0,1,0,0,0,0,2,1,15,1,32,6,1761,1,8,5,1
200501JI40879,2,9,0,4,0,1,0,0,0,0,1,1,15,1,-1,-1,-1,-1,-1,-1,-1
200501JI40880,1,9,0,4,0,1,0,0,0,0,3,1,15,1,39,7,-1,-1,-1,2,1
200501JI40880,2,9,0,7,0,1,0,0,0,0,1,1,15,3,-1,-1,1796,1,7,-1,-1
200501JI40881,1,9,0,18,0,0,0,0,0,0,1,1,15,1,38,7,1798,1,4,5,1
200501JI40882,1,19,0,3,0,0,0,0,0,0,2,1,15,1,36,7,2496,2,9,5,1
200501JI40882,2,19,0,3,0,0,0,0,0,0,2,1,15,1,-1,-1,-1,-1,-1,-1,-1
200501JI40882,3,20,0,4,0,0,0,0,0,0,1,1,15,1,-1,-1,5880,2,12,-1,-1
200501JI40884,1,9,0,4,0,2,0,0,0,0,2,1,15,1,34,6,1796,1,8,2,1
200501JI40884,2,9,0,18,0,2,0,0,0,0,1,1,15,1,-1,-1,-1,-1,-1,-1,-1
200501JI40885,1,9,0,9,0,8,0,0,0,0,4,1,15,2,58,9,1587,1,2,2,1
200501JI40885,2,9,0,18,0,8,0,0,0,0,1,1,15,1,-1,-1,2300,1,7,1,1
200501JI40886,1,9,0,3,0,1,0,0,0,0,2,1,15,1,40,7,1796,1,2,2,1
200501JI40886,2,9,0,18,0,1,0,0,0,0,1,1,15,1,-1,-1,1391,1,12,-1,-1
200501JI40887,1,9,0,4,0,1,0,0,0,0,2,1,15,1,79,11,-1,-1,-1,5,1
200501JI40887,2,19,0,18,0,1,0,0,0,0,1,1,15,1,-1,-1,1868,2,4,-1,-1
200501JI40888,1,9,0,18,0,0,0,0,0,0,2,1,15,2,23,5,-1,-1,-1,2,1
200501JI40888,2,9,0,18,0,0,0,0,0,0,1,1,15,2,20,4,1598,1,7,5,3
200501JI40889,1,9,0,18,0,2,0,0,0,0,1,1,15,1,61,9,1753,2,11,6,1
200501JI40890,1,11,0,4,0,1,0,0,0,0,0,1,1,1,27,6,8268,2,4,2,1
200501JI40892,1,9,0,3,0,0,0,0,0,0,2,1,15,1,31,6,-1,-1,-1,3,1
200501JI40892,2,9,0,18,0,0,0,0,0,0,1,1,15,2,-1,-1,1198,1,1,-1,-1
200501JI40892,3,9,0,3,0,0,0,0,0,0,2,1,15,1,-1,-1,-1,-1,-1,10,1
200501JI40893,1,3,0,5,0,1,0,0,0,0,2,1,15,1,22,5,125,1,1,1,1
200501JI40893,2,9,0,5,0,1,0,0,0,0,1,1,15,1,27,6,-1,-1,-1,2,1
200501JI40895,1,9,0,9,0,8,0,0,0,0,4,1,15,2,21,5,-1,-1,-1,6,1
200501JI40895,2,1,0,18,0,8,0,0,0,0,1,1,15,1,35,6,-1,-1,-1,6,1
200501JI40896,1,3,0,18,0,2,0,0,0,0,3,1,15,1,22,5,-1,-1,-1,4,1
200501JI40896,2,9,0,5,0,2,0,0,0,0,4,1,15,1,21,5,998,1,12,-1,-1
200501JI40898,1,3,0,18,0,2,0,0,0,0,1,1,15,1,30,6,124,1,4,4,1
200501JI40898,2,9,0,1,0,2,0,0,0,0,1,1,15,1,-1,-1,-1,-1,-1,-1,-1
200501JI40899,1,4,0,7,0,2,0,0,0,0,0,1,15,1,43,7,498,1,6,6,1
200501JI40899,2,9,0,6,0,2,0,0,0,0,1,1,15,2,-1,-1,2319,1,7,6,1
200501JI40900,1,9,0,1,0,8,0,0,0,0,2,1,15,1,35,6,-1,-1,-1,2,1
200501JI40900,2,9,0,7,0,8,0,0,0,0,1,1,15,1,-1,-1,-1,-1,-1,-1,-1
200501JI40901,1,9,0,4,0,0,0,0,0,0,0,1,15,1,43,7,1747,1,7,3,1
200501JI40901,2,9,0,18,0,0,0,0,0,0,2,1,15,1,43,7,1850,1,5,4,1
200501JI40901,3,9,0,18,0,0,1,0,0,0,1,1,15,1,32,6,1986,1,16,1,1
200501JI40902,1,5,0,14,0,8,0,0,0,0,1,1,15,1,47,8,-1,-1,-1,-1,-1
200501JI40902,2,9,0,6,0,8,0,0,0,0,3,1,15,2,32,6,1489,1,7,2,1
200501JI40903,1,9,0,16,0,8,0,0,0,0,3,1,15,2,27,6,1341,1,8,8,2
200501JI40903,2,21,0,16,0,8,0,0,0,0,4,1,1,1,65,9,12580,2,3,9,3
200501JI40904,1,9,0,18,0,1,0,0,0,0,1,1,15,1,42,7,1796,1,8,4,1
200501JI40904,2,1,0,18,0,1,0,0,0,0,1,1,15,1,15,3,-1,-1,-1,-1,-1
200501JI40905,1,9,0,18,0,8,0,0,0,0,4,1,15,1,37,7,1598,1,3,5,1
200501JI40905,2,9,0,9,0,8,0,0,0,0,1,1,15,1,20,4,-1,-1,-1,5,1
200501JI40906,1,11,0,16,0,8,0,0,0,0,1,1,1,1,35,6,8268,2,4,-1,-1
200501JI40906,2,9,0,17,0,8,0,0,0,0,1,1,15,1,48,8,1590,1,13,6,3
200501JI40907,1,9,0,18,0,0,0,0,0,0,1,1,15,1,80,11,1598,1,18,5,1
200501JI40907,2,9,0,3,0,0,0,0,0,0,2,1,15,1,65,9,1998,1,14,2,1
200501JI40907,3,9,0,3,0,0,0,0,0,0,2,1,15,1,65,9,1398,2,3,4,1
200501JI40908,1,9,0,9,0,8,0,0,0,0,4,1,15,1,97,11,1299,1,7,6,1
200501JI40909,1,9,0,7,0,8,0,0,0,0,1,1,15,1,-1,-1,2198,1,2,-1,-1
200501JI40909,2,9,0,18,0,1,0,0,0,0,1,1,15,1,18,4,1199,1,3,4,1
200501JI40909,3,9,0,18,0,2,0,0,0,0,4,1,15,1,29,6,1124,1,2,4,1
200501JI40911,1,9,0,4,0,1,0,0,0,0,2,1,15,1,46,8,1984,1,12,2,1
200501JI40911,2,9,0,18,0,1,0,0,0,0,1,1,15,2,27,6,1149,1,2,4,1
200501JI40912,1,9,0,18,0,0,0,7,0,0,1,1,15,1,85,11,1595,1,17,6,1
200501JI40913,1,9,0,9,0,8,0,0,0,0,1,1,15,1,31,6,1794,1,4,4,1
200501JI40913,2,9,0,18,0,8,0,0,0,0,1,1,15,1,23,5,1998,1,16,7,3
200501JI40914,1,9,0,18,0,8,0,0,0,0,1,1,15,1,39,7,1587,1,6,2,1
200501JI40915,1,9,0,4,0,0,0,0,0,0,2,1,15,1,26,6,1753,2,3,6,1
200501JI40915,2,9,0,18,0,0,0,0,0,0,1,1,15,1,28,6,1998,1,8,3,1
200501JI40916,1,9,0,8,0,1,0,0,0,0,2,1,15,2,36,7,-1,-1,-1,-1,-1
200501JI40916,2,9,0,18,0,1,0,0,0,0,1,1,15,1,-1,-1,1390,1,4,-1,-1
200501JI40917,1,3,0,3,0,1,0,0,0,0,2,1,15,2,26,6,-1,-1,-1,-1,-1
200501JI40917,2,9,0,3,0,1,0,0,0,0,2,1,15,1,52,8,1798,1,4,-1,-1
200501JI40917,3,9,0,18,0,1,0,0,0,0,1,1,15,1,48,8,5400,1,7,2,1
200501JI40919,1,9,0,9,0,8,0,10,3,7,1,1,15,2,58,9,1799,1,6,5,1
200501JI40919,2,19,0,15,0,8,0,0,0,0,0,1,15,1,30,6,-1,-1,-1,5,1
200501JI40921,1,1,0,18,0,8,0,0,0,0,1,1,15,1,17,4,-1,-1,-1,4,1
200501JI40921,2,9,0,9,0,8,0,0,0,0,4,1,15,1,-1,-1,1686,2,5,-1,-1
200501JI40922,1,9,0,4,0,8,0,0,0,0,2,1,15,2,34,6,796,1,7,7,1
200501JI40922,2,9,0,18,0,8,0,0,0,0,1,1,15,1,-1,-1,1527,2,6,-1,-1
200501JI40923,1,9,0,18,0,1,0,0,0,0,1,1,15,1,28,6,1396,1,8,-1,-1
200501JI40924,1,9,0,18,0,0,0,0,0,0,1,1,15,1,40,7,-1,-1,-1,2,1
200501JI40924,2,9,0,18,0,0,0,0,0,0,1,1,15,3,-1,-1,-1,-1,-1,-1,-1
200501JI40925,1,9,0,18,0,0,0,0,0,0,3,1,15,1,17,4,1799,1,9,3,1
200501JI40925,2,9,0,2,0,0,0,0,0,0,3,1,15,2,71,10,1390,1,-1,8,1
200501JI40928,1,9,0,1,0,0,0,0,0,0,2,1,15,1,35,6,998,1,10,4,1
200501JI40928,2,9,0,3,0,0,0,0,0,0,2,1,15,1,-1,-1,-1,-1,-1,5,1
200501JI40928,3,9,0,18,0,0,0,0,0,0,1,1,15,1,-1,-1,-1,-1,-1,-1,-1
200501JI40930,1,9,0,9,0,8,0,10,3,7,1,1,15,1,17,4,1124,1,3,3,1
200501JI40930,2,9,0,9,0,8,0,0,0,0,0,1,15,3,-1,-1,-1,-1,-1,-1,-1
200501JI40931,1,9,0,18,0,8,0,0,0,0,4,1,15,1,51,8,-1,-1,-1,5,1
200501JI40931,2,9,0,9,0,8,0,0,0,0,1,1,15,3,-1,-1,-1,-1,-1,-1,-1
200501JI40932,1,9,0,9,0,8,0,0,0,0,4,1,15,1,35,6,1998,1,6,-1,-1
200501JI40932,2,9,0,18,0,8,0,0,0,0,1,1,15,2,29,6,1108,1,9,6,1
200501JI40933,1,9,0,18,0,0,0,0,0,0,1,1,15,1,48,8,1598,1,5,3,1
200501JI40935,1,9,0,16,0,8,0,0,8,1,1,1,15,2,23,5,1586,1,2,3,1
200501JI40936,1,9,0,10,0,2,0,0,0,0,1,1,15,2,44,7,1598,1,3,4,1
200501JI40936,2,11,0,3,0,2,0,0,0,0,2,1,15,2,44,7,-1,-1,-1,2,1
200501JI40940,1,9,0,18,0,0,0,0,0,0,1,1,15,1,30,6,1390,1,-1,3,1
200501JI40941,1,2,0,18,0,8,0,0,0,0,3,1,15,1,37,7,49,1,-1,4,1
200501JI40941,2,9,0,11,0,8,0,0,0,0,0,1,15,1,-1,-1,1998,1,12,-1,-1
200501JI40943,1,9,0,4,0,0,0,0,0,0,2,1,15,2,21,5,-1,-1,-1,7,1
200501JI40943,2,9,0,18,0,0,0,0,0,0,1,1,15,1,21,5,1996,1,9,7,1
200501JI40944,1,9,0,18,0,0,0,0,0,0,1,1,2,1,21,5,-1,-1,-1,4,1
200501JI40944,2,19,0,2,0,0,0,0,0,0,2,1,15,1,28,6,2496,2,6,5,1
200501JI40947,1,9,0,17,0,0,0,0,0,0,3,1,15,2,47,8,1596,1,3,7,1
200501JI40947,2,9,0,17,0,0,0,10,1,0,4,1,15,1,42,7,-1,-1,-1,5,1
200501JI40951,1,9,0,18,0,2,0,0,0,0,1,1,15,1,45,7,1998,1,6,2,1
200501JI40958,1,9,0,10,0,8,0,0,0,0,2,1,15,1,24,5,1997,1,6,5,1
200501JI40958,2,9,0,18,0,8,0,0,0,0,1,1,15,1,-1,-1,3199,1,6,10,1
200501JI40967,1,9,0,18,0,0,0,0,0,0,1,1,15,1,36,7,-1,-1,-1,-1,-1
200501JI40967,2,9,0,18,0,0,0,0,0,0,1,1,15,3,-1,-1,1781,1,6,-1,-1
200501JI49090,1,9,0,3,0,1,0,0,0,0,2,1,15,2,30,6,1171,1,9,5,1
200501JI49090,2,9,0,18,0,1,0,0,0,0,1,1,15,1,-1,-1,1400,1,5,2,1
200501JI49090,3,9,0,10,0,1,0,0,0,0,2,1,15,2,-1,-1,1390,1,11,-1,-1
200501JI49096,1,9,0,18,0,0,0,0,0,0,1,1,15,1,66,10,-1,-1,-1,7,2
200501JI49117,1,9,0,18,0,8,0,0,0,0,4,1,15,2,49,8,1240,1,1,-1,-1
200501JI49117,2,9,0,18,0,8,0,0,0,0,1,1,15,1,-1,-1,1995,1,8,1,1
200501KD00001,1,9,0,18,0,0,0,4,1,3,1,1,15,2,40,7,-1,-1,-1,4,1
200501KD00001,2,9,0,2,4,0,0,0,0,0,4,1,15,2,25,5,1242,1,6,4,1
200501KD00001,3,9,0,2,4,0,0,0,0,0,4,1,15,1,71,10,1597,1,14,4,1
200501KD00005,1,9,0,9,0,2,0,0,0,0,1,1,15,1,22,5,1994,1,11,5,1
200501KD00007,1,9,0,18,0,0,0,0,0,0,1,1,15,1,17,4,-1,-1,-1,-1,-1
200501KD00009,1,9,0,18,0,1,0,0,0,0,1,1,15,1,-1,-1,-1,-1,-1,-1,-1
200501KD00010,1,9,0,18,0,0,0,0,0,0,1,1,15,1,28,6,1989,1,5,-1,-1
200501KD00010,2,9,0,18,0,0,0,0,5,7,2,1,15,1,55,8,1999,1,2,-1,-1
200501KD00010,3,9,0,18,0,0,0,0,5,6,2,1,15,2,39,7,1388,1,1,7,1
200501KD00011,1,9,0,18,0,1,0,0,0,0,0,1,15,1,35,6,1596,1,17,3,1
200501KD00011,2,9,0,18,0,1,0,0,0,0,1,1,15,1,-1,-1,1796,1,11,-1,-1
200501KD50001,1,9,0,18,0,0,0,10,1,10,3,1,15,2,25,5,1596,1,14,3,1
200501KD50003,1,9,0,17,0,2,0,0,1,10,1,1,15,1,18,4,-1,-1,-1,-1,-1
200501KD50006,1,11,0,4,0,0,0,0,0,0,2,1,1,1,30,6,3900,2,2,6,1
200501KD50006,2,9,0,18,0,0,0,0,0,0,1,1,15,2,19,4,1392,1,13,6,1
200501KD50007,1,5,0,17,0,1,0,0,0,0,1,1,15,1,22,5,-1,-1,-1,4,1
200501KD50007,2,9,0,17,0,1,0,0,0,0,3,1,15,1,34,6,1761,1,6,7,2
200501KD50008,1,4,0,12,0,2,0,0,0,0,4,1,15,1,54,8,-1,-1,-1,-1,-1
200501KD50009,1,9,0,12,0,2,0,0,0,0,3,1,15,1,31,6,2793,1,9,6,1
200501KD50009,2,9,0,18,0,2,0,0,0,0,4,1,15,1,26,6,1298,1,14,6,1
200501KD50011,1,9,0,18,0,8,0,0,0,0,1,1,15,1,60,9,1998,1,14,2,1
200501KD50011,2,9,0,9,0,8,0,0,0,0,4,1,15,1,18,4,1596,1,3,7,1
200501KD50012,1,9,0,9,0,0,0,0,0,0,2,1,15,2,52,8,-1,-1,-1,8,1
200501KD50012,2,9,0,18,0,0,0,0,0,0,1,1,15,1,41,7,-1,-1,-1,5,1
200501KD50014,1,5,0,16,0,0,0,0,0,0,3,1,15,1,19,4,599,1,9,10,1
200501KD50015,1,5,0,18,0,8,0,0,0,0,4,1,15,1,25,5,599,1,7,2,1
200501KD50015,2,9,0,18,0,8,0,0,0,0,0,1,15,2,46,8,1868,2,4,7,1
200501KD50017,1,21,0,18,0,0,0,0,0,0,1,1,15,1,36,7,-1,-1,-1,-1,-1
200501KD50017,2,9,0,18,0,0,0,0,0,0,2,1,15,1,41,7,1396,1,6,9,1
200501KD50017,3,21,0,18,0,0,0,0,0,0,3,1,15,1,26,6,-1,-1,-1,1,1
200501KD50017,4,21,0,18,0,0,0,0,0,0,2,1,15,1,60,9,12130,2,9,7,1
200501KD50018,1,9,0,17,0,8,0,0,0,0,1,1,15,2,20,4,1388,1,2,2,1
200501KD50018,2,19,0,18,0,8,0,0,0,0,1,1,15,1,-1,-1,1753,2,12,8,1
200501KD50019,1,9,0,18,0,1,0,0,0,0,1,1,15,2,49,8,1390,1,8,9,1
200501KD50019,2,9,0,3,0,1,0,0,0,0,2,1,15,2,34,6,1242,1,8,5,1
200501KD50019,3,9,0,10,0,8,0,0,0,0,2,1,15,2,37,7,1769,2,10,8,1
200501KD50020,1,11,0,18,0,8,0,0,0,0,0,1,15,1,51,8,5850,2,3,-1,-1
200501KD50020,2,20,0,18,0,8,0,0,0,0,0,1,15,3,-1,-1,-1,-1,-1,-1,-1
200501KD50021,1,9,0,18,0,8,0,0,0,0,1,1,15,2,34,6,1587,1,2,3,1
200501KD50021,2,9,0,18,0,8,0,0,0,0,3,1,15,1,78,11,1998,1,13,-1,-1
200501KD50022,1,9,0,8,0,1,0,0,0,0,2,1,15,2,65,9,1119,1,12,7,1
200501KD50022,2,9,0,4,0,1,0,0,0,0,1,1,15,1,-1,-1,-1,-1,-1,-1,-1
200501KD50023,1,9,0,3,0,1,0,0,0,0,2,1,15,1,41,7,-1,-1,-1,6,1
200501KD50023,2,9,0,4,0,1,0,0,0,0,1,1,15,1,-1,-1,-1,-1,-1,-1,-1
200501KD50024,1,9,0,10,0,1,0,0,0,0,2,1,15,1,20,4,1988,1,1,8,1
200501KD50024,2,9,0,18,0,1,0,0,0,0,1,1,15,1,-1,-1,-1,-1,-1,-1,-1
200501KD50025,1,9,0,18,0,8,0,10,1,7,1,1,15,1,54,8,-1,-1,-1,8,1
200501KD50025,2,9,0,18,0,8,0,0,0,0,1,1,15,2,20,4,1388,1,2,2,1
200501KD50026,1,9,0,18,0,0,0,0,0,0,4,1,15,1,49,8,1796,1,3,7,1
200501KD50027,1,2,0,18,0,0,0,0,0,0,4,1,15,1,16,4,49,1,1,-1,-1
200501KD50027,2,9,0,5,0,0,0,0,0,0,1,1,15,1,-1,-1,1389,1,8,-1,-1
200501KD50028,1,9,0,2,0,0,0,0,0,0,2,1,15,1,18,4,1392,1,14,5,2
200501KD50028,2,9,0,18,0,0,0,0,0,0,1,1,15,2,22,5,-1,-1,-1,9,2
200501KD50029,1,9,0,18,0,0,0,10,7,4,4,1,15,1,18,4,1297,1,15,-1,-1
200501KD50030,1,9,0,18,0,0,0,0,0,0,1,1,15,2,22,5,1299,1,7,2,1
200501KD50031,1,1,0,9,0,0,0,0,0,0,3,1,15,1,12,3,-1,-1,-1,9,1
200501KD50031,2,9,0,18,0,0,0,0,0,0,4,1,15,1,22,5,-1,-1,-1,-1,-1
200501KD50032,1,5,0,18,0,1,0,0,0,0,4,1,15,1,38,7,998,1,3,4,1
200501KD50033,1,5,0,14,0,0,0,0,0,0,1,1,15,1,56,9,599,1,5,7,1
200501KD50033,2,19,0,6,0,0,0,0,0,0,3,1,15,1,43,7,1870,2,1,9,1
200501KD50034,1,9,0,4,0,1,0,0,0,0,2,1,15,2,31,6,2663,2,9,-1,-1
200501KD50034,2,9,0,18,0,1,0,0,0,0,1,1,15,3,-1,-1,-1,-1,-1,-1,-1
200501KD50035,1,9,0,18,0,1,0,0,0,0,1,1,15,1,40,7,-1,-1,-1,9,2
200501KD50036,1,11,0,4,0,0,0,0,0,0,1,1,15,1,35,6,3900,2,2,6,3
200501KD50037,1,9,0,9,0,8,0,0,0,0,1,1,15,2,65,9,1389,1,12,7,1
200501KD50037,2,9,0,18,0,8,0,0,0,0,1,1,15,1,17,4,1119,1,10,4,1
200501KD50038,1,9,0,4,0,8,0,0,0,0,1,1,15,1,62,9,1896,2,1,9,1
200501KD50038,2,9,0,4,0,8,0,0,0,0,2,1,15,2,26,6,1998,1,16,6,1
200501KD50038,3,9,0,10,0,8,0,0,0,0,2,1,15,2,49,8,1242,1,2,8,1
200501KD50038,4,9,0,3,0,8,0,0,0,0,1,1,15,1,40,7,1596,1,3,6,1
200501KD50039,1,9,0,18,0,0,0,0,0,0,1,1,15,2,52,8,-1,-1,-1,-1,-1
200501KD50040,1,9,0,16,0,0,0,0,0,0,1,1,15,2,49,8,-1,-1,-1,2,1
200501KD50041,1,5,0,18,0,8,0,0,0,0,1,1,15,1,49,8,599,1,1,5,1
200501KD50041,2,9,0,9,0,8,0,0,0,0,3,1,15,2,19,4,1399,2,2,10,1
200501KD50042,1,9,0,3,0,8,0,0,0,0,2,1,15,1,54,8,2198,1,2,5,1
200501KD50042,2,9,0,18,0,8,0,0,0,0,1,1,15,2,47,8,2972,1,7,-1,-1
200501KD50043,1,9,0,18,0,0,0,0,0,0,4,1,15,2,45,7,1589,1,7,4,1
200501KD50043,2,9,0,6,0,0,0,0,0,0,4,1,15,1,17,4,1242,1,8,-1,-1
200501KD50044,1,9,0,18,0,8,1,0,0,0,1,1,15,1,61,9,-1,-1,-1,4,1
200501KD50044,2,8,0,18,0,8,0,0,0,0,2,1,1,1,66,10,2495,2,17,3,1
200501KD50045,1,9,0,18,0,8,0,0,0,0,2,1,15,1,-1,-1,1796,1,8,-1,-1
200501KD50045,2,9,0,18,0,8,0,0,0,0,2,1,15,2,25,5,1598,1,5,6,1
200501KD50045,3,9,0,18,0,8,0,0,0,0,1,1,15,1,28,6,-1,-1,-1,-1,-1
200501KD50047,1,11,0,2,0,0,0,0,0,0,0,1,1,1,41,7,8268,2,3,8,1
200501KD50048,1,9,0,18,0,5,0,0,0,0,3,1,15,2,76,11,1242,1,3,4,1
200501KD50048,2,19,0,18,0,8,0,0,0,0,1,1,15,1,49,8,1753,2,7,10,1
200501KD50049,1,9,0,18,0,8,0,11,7,2,1,1,15,2,44,7,1242,1,2,6,1
200501KD50049,2,9,0,9,0,8,0,0,0,0,0,1,15,2,23,5,-1,-1,-1,8,2
200501KD50050,1,9,0,18,0,2,0,0,0,0,4,1,15,1,40,7,-1,-1,-1,-1,-1
200501KD50051,1,9,0,16,0,0,0,0,0,0,1,1,15,2,22,5,988,1,14,1,1
200501KD50051,2,9,0,17,0,0,0,0,0,0,1,1,15,1,53,8,1242,1,7,4,1
200501KD50053,1,9,0,4,0,8,0,0,0,0,2,1,15,1,65,9,-1,-1,-1,8,1
200501KD50053,2,8,0,4,0,8,0,0,0,0,0,1,15,1,28,6,2664,2,11,-1,-1
200501KD50053,3,19,0,18,0,8,0,0,0,0,1,1,15,1,42,7,2496,2,6,7,1
200501KD50055,1,9,0,17,0,0,0,0,0,0,3,1,15,2,31,6,1242,1,7,7,1
200501KD50055,2,9,0,16,0,0,0,0,0,0,3,1,15,2,19,4,-1,-1,-1,6,1
200501KD50056,1,9,0,18,0,0,0,0,0,0,1,1,15,1,61,9,-1,-1,-1,2,1
200501KD50056,2,9,0,18,0,0,0,0,0,0,1,1,15,1,56,9,-1,-1,-1,8,1
200501KD50057,1,9,0,18,0,0,0,0,0,0,4,1,15,2,29,6,1596,1,2,3,1
200501KD50057,2,9,0,9,0,0,0,0,0,0,1,1,15,1,-1,-1,998,1,1,2,1
200501KD50058,1,9,0,18,0,2,0,0,0,0,1,1,15,3,-1,-1,-1,-1,-1,-1,-1
200501KD50059,1,9,0,7,0,2,0,0,0,0,4,1,15,1,26,6,-1,-1,-1,5,1
200501KD50059,2,1,0,18,0,2,0,0,0,0,3,1,15,1,51,8,-1,-1,-1,10,1
200501KD50061,1,9,0,9,0,2,0,4,0,0,1,1,15,1,84,11,1117,1,17,7,1
200501KD50061,2,9,0,2,0,1,0,0,0,0,2,1,15,1,-1,-1,1364,1,1,-1,-1
200501KD50062,1,9,0,9,0,2,0,0,0,0,1,1,15,2,48,8,1196,1,17,2,1
200501KD50062,2,9,0,18,0,2,0,0,0,0,1,1,15,1,56,9,1195,1,13,-1,-1
200501KD50063,1,9,0,18,0,1,0,0,0,0,1,1,15,1,31,6,-1,-1,-1,1,1
200501KD50065,1,9,0,4,0,0,0,0,0,0,2,1,15,2,-1,-1,-1,-1,-1,-1,-1
200501KD50065,2,9,0,4,0,0,0,0,0,0,2,1,15,1,22,5,-1,-1,-1,6,1
200501KD50065,3,19,0,18,0,0,0,0,0,0,1,1,15,1,-1,-1,2461,2,5,-1,-1
200501KD50066,1,9,0,4,0,0,0,0,0,0,2,1,15,2,44,7,1124,1,3,9,1
200501KD50066,2,9,0,18,0,0,0,0,0,0,1,1,15,1,-1,-1,3947,1,10,-1,-1
200501KD50068,1,21,1,7,0,1,0,0,0,0,1,1,15,1,60,9,12130,2,1,1,1
200501KD50068,2,9,0,18,0,1,0,0,0,0,1,1,15,1,43,7,1527,2,8,6,2
200501KD50069,1,9,0,7,0,3,0,9,3,1,1,1,15,1,20,4,1998,1,16,-1,-1
200501KD50071,1,11,0,5,0,0,0,0,0,0,0,1,1,2,38,7,-1,2,3,-1,-1
200501KD50072,1,9,0,9,0,8,0,0,0,0,3,1,15,1,30,6,-1,-1,-1,4,1
200501KD50072,2,9,0,18,0,8,0,0,0,0,1,1,15,2,46,8,1388,1,3,8,1
200501KD50072,3,9,0,8,0,8,0,0,0,0,1,1,15,2,18,4,1595,1,4,9,1
200501KD50073,1,11,0,2,0,1,0,0,0,0,0,1,15,1,50,8,-1,2,13,-1,-1
200501KD50074,1,9,0,9,0,1,0,0,0,0,3,1,15,1,32,6,1796,1,13,6,1
200501KD50074,2,9,0,18,0,1,0,0,0,0,1,1,15,1,19,4,1116,1,16,6,1
200501KD50075,1,9,0,3,0,1,0,0,0,0,2,1,15,1,40,7,-1,-1,-1,9,1
200501KD50075,2,9,0,18,0,1,0,0,0,0,1,1,15,2,-1,-1,2496,2,4,6,1
200501KD50076,1,5,0,18,0,8,1,0,0,0,4,1,15,1,30,6,583,1,10,6,1
200501KD50076,2,9,0,9,0,8,0,0,0,0,4,1,15,1,36,7,1795,1,7,7,1
200501KD50078,1,19,0,17,0,0,0,0,0,0,3,1,15,2,41,7,1868,2,4,-1,-1
200501KD50078,2,9,0,16,0,0,1,0,0,0,1,1,15,1,41,7,1997,1,4,2,2
200501KD50079,1,9,0,18,0,8,1,0,0,0,1,1,15,2,35,6,1299,1,2,3,1
200501KD50079,2,19,0,9,0,8,0,0,0,0,4,1,15,1,28,6,2496,2,8,7,3
200501KD50080,1,9,0,3,0,0,0,0,0,0,2,1,15,1,25,5,1360,1,4,10,1
200501KD50080,2,9,0,3,0,0,0,0,0,0,1,1,15,1,-1,-1,1997,2,6,-1,-1
200501KD50080,3,19,0,4,0,0,0,0,0,0,1,1,15,1,-1,-1,2151,2,1,-1,-1
200501KD50081,1,5,0,18,0,0,0,0,0,0,1,1,15,1,35,6,-1,-1,-1,4,2
200501KD50082,1,9,0,18,0,1,0,10,5,6,1,1,15,2,30,6,1360,1,2,8,1
200501KD50083,1,20,0,18,0,1,0,0,0,0,1,1,1,1,50,8,5880,2,4,4,1
200501KD50083,2,9,0,3,0,1,0,0,0,0,2,1,15,1,28,6,1686,2,5,7,1
200501KD50084,1,9,0,9,0,1,0,0,0,0,3,1,15,2,41,7,1796,1,15,5,1
200501KD50084,2,9,0,9,0,1,0,0,0,0,1,1,15,1,41,7,1587,1,6,4,1
200501KD50085,1,9,0,18,0,1,0,0,0,0,4,1,15,2,19,4,1489,1,7,6,1
200501KD50086,1,9,0,18,0,1,0,0,0,0,1,1,15,3,-1,-1,-1,-1,-1,-1,-1
200501KD50087,1,9,0,7,0,1,0,0,0,0,4,1,15,1,36,7,2401,2,2,4,1
200501KD50087,2,2,0,18,0,1,0,0,0,0,1,1,15,1,17,4,49,1,3,4,1