Accident_Index,Vehicle_Reference,Vehicle_Type,Towing_and_Articulation,Vehicle_Manoeuvre,Vehicle_Location_Restricted_Lane,Junction_Location,Skidding_and_Overturning,Hit_Object_in_Carriageway,Vehicle_Leaving_Carriageway,Hit_Object_off_Carriageway,1st_Point_of_Impact,Was_Vehicle_Left_Hand_Drive?,Journey_Purpose_of_Driver,Sex_of_Driver,Age_of_Driver,Age_Band_of_Driver,Engine_Capacity_(CC),Propulsion_Code,Age_of_Vehicle,Driver_IMD_Decile,Driver_Home_Area_Type
200501KD50088,1,9,0,4,0,1,0,0,0,0,1,1,15,2,31,6,1596,1,3,-1,-1
200501KD50088,2,9,0,4,0,1,0,0,0,0,2,1,15,1,59,9,1799,1,9,8,1
200501KD50089,1,9,0,18,0,0,0,0,0,0,1,1,15,1,49,8,-1,-1,-1,8,1
200501KD50090,1,9,0,18,0,8,0,0,0,0,3,1,15,1,75,10,2771,2,10,2,1
200501KD50090,2,9,0,18,0,8,0,0,0,0,1,1,15,1,70,10,1388,1,2,6,1
200501KD50091,1,9,0,18,0,8,0,0,0,0,3,1,15,1,46,8,2256,1,11,3,1
200501KD50091,2,9,0,18,0,8,0,0,0,0,4,1,15,2,69,10,1171,1,13,5,1
200501KD50092,1,9,0,11,0,0,0,0,0,0,4,1,15,2,26,6,1199,1,1,5,1
200501KD50092,2,9,0,18,0,0,0,0,0,0,3,1,15,3,-1,-1,-1,-1,-1,-1,-1
200501KD50092,3,9,0,18,0,0,0,0,0,0,3,1,15,1,57,9,-1,-1,-1,7,1
200501KD50092,4,9,0,18,0,0,0,0,0,0,4,1,15,2,27,6,-1,-1,-1,7,1
200501KD50093,1,9,0,9,0,8,0,0,0,0,3,1,15,1,48,8,1388,1,2,9,1
200501KD50093,2,2,0,14,0,8,0,0,0,0,1,1,15,1,16,4,49,1,8,2,1
200501KD50094,1,9,0,9,0,8,0,0,0,0,4,1,15,1,69,10,1242,1,6,5,1
200501KD50094,2,9,0,18,0,8,0,0,0,0,1,1,15,2,35,6,1597,1,7,4,1
200501KD50095,1,9,0,1,0,0,0,0,0,0,2,1,15,1,37,7,1796,1,7,6,1
200501KD50096,1,9,0,12,0,2,0,0,0,0,3,1,15,2,19,4,1998,1,3,1,1
200501KD50096,2,5,0,18,0,2,0,0,0,0,4,1,15,1,33,6,999,1,13,-1,-1
200501KD50100,1,5,0,18,0,0,0,10,1,7,0,1,15,1,35,6,-1,-1,-1,4,2
200501KD50100,2,8,0,11,0,0,0,0,0,0,0,1,15,1,-1,-1,-1,-1,-1,-1,-1
200501KD50101,1,9,0,17,0,0,0,0,0,0,3,1,15,1,40,7,1994,1,4,7,1
200501KD50102,1,9,0,18,0,8,0,0,0,0,1,1,15,1,72,10,1783,1,2,6,1
200501KD50102,2,9,0,9,0,8,0,0,0,0,4,1,15,2,28,6,-1,-1,-1,4,1
200501KD50103,1,21,1,12,0,0,0,0,0,0,3,1,1,1,-1,-1,-1,-1,-1,-1,-1
200501KD50103,2,9,0,18,0,0,0,0,0,0,4,1,15,2,49,8,1587,1,3,5,3
200501KD50104,1,2,0,18,0,8,0,0,0,0,1,1,15,1,16,4,49,1,-1,2,1
200501KD50104,2,9,0,17,0,8,0,0,0,0,1,1,15,2,42,7,-1,-1,-1,9,2
200501KD50105,1,9,0,18,0,1,0,0,0,0,1,1,15,2,31,6,1997,1,1,5,3
200501KD50106,1,8,0,9,0,8,0,0,0,0,1,1,15,1,68,10,1769,2,10,-1,-1
200501KD50106,2,9,0,18,0,8,0,0,0,0,3,1,15,1,57,9,-1,-1,-1,-1,-1
200501KD50107,1,19,0,4,0,0,0,0,0,0,0,1,15,1,41,7,-1,-1,-1,-1,-1
200501KD50108,1,9,0,18,0,8,0,0,0,0,4,1,15,1,61,9,1299,1,6,4,1
200501KD50108,2,9,0,9,0,8,0,0,0,0,1,1,15,1,28,6,1597,1,8,3,1
200501KD50109,1,9,0,4,0,0,0,0,0,0,2,1,15,2,44,7,-1,-1,-1,4,1
200501KD50109,2,9,0,18,0,0,0,0,0,0,1,1,15,1,33,6,-1,-1,-1,7,1
200501KD50110,1,9,0,18,0,8,0,0,0,0,1,1,15,1,31,6,-1,-1,-1,8,1
200501KD50110,2,19,0,9,0,8,0,0,0,0,4,1,15,1,57,9,1753,2,5,8,1
200501KD50111,1,9,0,4,0,0,0,0,0,0,1,1,15,1,32,6,1598,1,3,-1,-1
200501KD50112,1,9,0,18,0,8,0,0,0,0,1,1,15,2,18,4,2295,1,7,5,1
200501KD50112,2,9,0,7,0,8,0,0,0,0,1,1,15,1,55,8,1796,1,6,9,1
200501KD50113,1,9,0,18,0,0,0,0,0,0,1,1,15,1,32,6,1905,1,18,5,1
200501KD50113,2,9,0,18,0,0,0,0,0,0,2,1,15,1,50,8,1948,1,7,5,1
200501KD50113,3,9,0,4,0,0,0,0,0,0,0,1,15,1,-1,-1,1797,1,11,-1,-1
200501KD50115,1,2,0,18,0,8,0,0,0,0,4,1,15,1,17,4,-1,-1,-1,4,1
200501KD50115,2,9,0,9,0,5,0,0,0,0,1,1,15,2,-1,-1,1390,1,9,-1,-1
200501KD50116,1,3,0,6,0,1,0,0,0,0,2,1,15,1,25,5,124,1,2,2,1
200501KD50116,2,8,0,18,0,1,0,0,0,0,1,1,1,3,-1,-1,1598,1,12,-1,-1
200501KD50117,1,9,0,4,0,1,0,0,0,0,2,1,15,1,84,11,1398,2,3,3,1
200501KD50117,2,19,0,18,0,1,0,0,0,0,1,1,15,3,-1,-1,2496,2,9,-1,-1
200501KD50118,1,9,0,2,0,0,0,0,0,0,1,1,15,1,56,9,-1,-1,-1,8,1
200501KD50118,2,9,0,1,0,0,0,0,0,0,2,1,15,3,-1,-1,1905,2,10,-1,-1
200501KD50119,1,9,0,4,0,1,0,0,0,0,2,1,15,1,20,4,-1,-1,-1,3,1
200501KD50119,2,9,0,18,0,1,0,0,0,0,1,1,15,1,-1,-1,-1,-1,-1,-1,-1
200501KD50121,1,9,0,17,0,1,0,10,1,2,1,1,15,1,19,4,1299,1,6,7,1
200501KD50122,1,9,0,18,0,8,0,0,0,0,1,1,15,1,-1,-1,1149,1,1,2,1
200501KD50122,2,9,0,18,0,8,0,0,0,0,4,1,15,1,81,11,3248,1,7,8,1
200501KD50122,3,19,0,8,0,1,0,0,0,0,1,1,15,1,50,8,1870,2,4,7,1
200501KD50123,1,19,0,3,0,1,0,0,0,0,2,1,15,1,43,7,2283,2,9,4,1
200501KD50123,2,19,0,18,0,1,0,0,0,0,1,1,15,1,-1,-1,1769,2,11,-1,-1
200501KD50124,1,9,0,18,0,8,0,0,0,0,4,1,15,1,-1,-1,1796,1,6,6,1
200501KD50124,2,9,0,18,0,8,0,0,0,0,1,1,15,1,-1,-1,1117,1,14,-1,-1
200501KD50125,1,9,0,18,0,8,0,0,0,0,4,1,15,1,44,7,1796,1,8,5,1
200501KD50125,2,19,0,16,0,8,0,0,0,0,0,1,15,1,21,5,2499,2,14,3,1
200501KD50126,1,9,0,7,0,2,0,0,0,0,1,1,15,1,18,4,1299,1,5,4,1
200501KD50126,2,9,0,18,0,2,0,0,0,0,2,1,15,2,38,7,1598,1,-1,3,1
200501KD50127,1,9,0,18,0,0,0,4,0,0,1,1,15,1,18,4,1389,1,5,3,1
200501KD50127,2,9,0,2,0,0,0,0,0,0,1,1,15,3,-1,-1,-1,-1,-1,-1,-1
200501KD50128,1,9,0,12,0,0,0,0,0,0,4,1,15,1,41,7,2362,1,4,1,1
200501KD50128,2,9,0,18,0,0,0,0,0,0,4,1,15,1,17,4,1117,1,16,-1,-1
200501KD50129,1,9,0,18,0,1,0,0,0,0,1,1,15,1,30,6,-1,-1,-1,9,1
200501KD50130,1,9,0,6,0,0,0,0,0,0,1,1,1,3,-1,-1,-1,-1,-1,-1,-1
200501KD50131,1,5,0,9,0,0,0,0,0,0,3,1,15,1,39,7,600,1,1,9,1
200501KD50132,1,9,0,3,0,1,0,0,0,0,2,1,15,1,39,7,1468,1,13,4,1
200501KD50132,2,9,0,18,0,1,0,0,0,0,1,1,15,2,-1,-1,1988,1,6,-1,-1
200501KD50133,1,9,0,3,0,0,0,0,0,0,2,1,15,1,42,7,-1,-1,-1,6,1
200501KD50133,2,9,0,18,0,0,0,0,0,0,1,1,15,1,32,6,1997,2,2,6,1
200501KD50134,1,9,0,7,0,8,0,0,0,0,1,1,15,2,24,5,1149,1,5,7,1
200501KD50134,2,9,0,9,0,8,0,0,0,0,1,1,15,2,-1,-1,1689,2,5,-1,-1
200501KD50135,1,9,0,9,0,8,0,0,0,0,1,1,15,2,20,4,1117,1,14,8,3
200501KD50135,2,9,0,18,0,8,0,0,0,0,3,1,15,2,19,4,1390,1,3,8,1
200501KD50136,1,9,0,18,0,8,0,0,0,0,1,1,15,1,52,8,1296,1,6,1,1
200501KD50136,2,19,0,18,0,8,0,0,0,0,1,1,15,1,40,7,1998,2,2,3,2
200501KD50137,1,9,0,9,0,8,0,0,0,0,4,1,15,1,24,5,-1,-1,-1,5,1
200501KD50137,2,9,0,18,0,8,0,0,0,0,3,1,15,2,51,8,-1,-1,-1,-1,-1
200501KD50138,1,9,0,18,0,1,0,0,0,0,0,1,15,2,40,7,1597,1,7,8,1
200501KD50138,2,9,0,18,0,1,0,0,0,0,3,1,15,2,57,9,1598,1,7,-1,-1
200501KD50139,1,9,0,18,0,8,0,0,0,0,1,1,15,1,33,6,1998,1,7,2,1
200501KD50139,2,1,0,9,0,8,0,0,0,0,4,1,15,1,54,8,-1,-1,-1,9,1
200501KD50140,1,19,0,2,0,0,0,0,0,0,2,1,15,1,31,6,1753,2,2,-1,-1
200501KD50140,2,19,0,2,0,0,0,4,0,0,2,1,15,1,49,8,2496,2,9,2,1
200501KD50140,3,9,0,18,0,0,0,4,0,0,1,1,15,1,22,5,998,1,14,5,1
200501KD50140,4,9,0,5,0,0,0,0,0,0,0,1,15,3,-1,-1,1118,1,13,-1,-1
200501KD50147,1,9,0,3,0,1,0,0,0,0,2,1,15,2,26,6,1299,1,3,3,1
200501KD50147,2,9,0,4,0,1,0,0,0,0,1,1,15,1,-1,-1,1995,2,3,-1,-1
200501KD50148,1,9,0,9,0,8,0,0,0,0,1,1,15,1,27,6,1388,1,7,4,1
200501KD50148,2,9,0,18,0,8,0,0,0,0,1,1,15,1,46,8,-1,-1,-1,-1,-1
200501KD50149,1,11,0,18,0,1,0,0,0,0,1,1,1,1,32,6,-1,2,8,-1,-1
200501KD50150,1,9,0,18,0,8,0,0,0,0,1,1,15,2,31,6,2171,1,2,2,1
200501KD50150,2,9,0,18,0,8,0,0,0,0,4,1,15,2,27,6,1597,1,11,4,1
200501KD50151,1,9,0,9,0,8,0,0,0,0,1,1,15,1,44,7,-1,-1,-1,-1,-1
200501KD50151,2,1,0,9,0,8,0,0,0,0,1,1,15,1,80,11,-1,-1,-1,-1,-1
200501KD50152,1,9,0,5,0,8,0,0,0,0,4,1,15,2,25,5,1360,1,6,8,2
200501KD50152,2,9,0,12,0,8,0,0,0,0,3,1,15,3,-1,-1,-1,-1,-1,-1,-1
200501KD50154,1,9,0,18,0,2,1,0,0,0,1,1,15,2,31,6,1390,1,2,-1,-1
200501KD50155,1,9,0,18,0,8,0,0,0,0,1,1,15,1,43,7,1905,2,11,3,1
200501KD50155,2,9,0,9,0,8,0,0,0,0,2,1,15,1,32,6,1895,1,7,-1,-1
200501KD50156,1,9,0,5,0,6,0,0,0,0,1,1,15,2,37,7,-1,-1,-1,10,1
200501KD50157,1,19,0,9,0,0,0,0,0,0,1,1,15,1,20,4,2496,2,5,7,2
200501KD50157,2,9,0,18,0,0,0,4,7,0,4,1,15,2,32,6,-1,-1,-1,-1,-1
200501KD50157,3,9,0,2,0,0,0,0,0,0,1,1,15,1,39,7,-1,-1,-1,2,1
200501KD50158,1,9,0,18,0,2,0,0,0,0,1,1,15,1,67,10,1896,2,6,6,1
200501KD50159,1,9,0,18,0,1,0,0,0,0,4,1,15,1,51,8,1597,1,4,3,1
200501KD50159,2,9,0,9,0,6,0,0,0,0,1,1,15,1,21,5,1119,1,10,7,1
200501KD50160,1,9,0,18,0,0,0,0,0,0,1,1,15,1,38,7,1587,1,9,4,1
200501KD50160,2,9,0,18,0,0,0,10,7,2,4,1,15,2,58,9,-1,-1,-1,6,1
200501KD50161,1,10,0,9,0,1,0,0,0,0,1,1,15,1,37,7,-1,-1,-1,2,1
200501KD50161,2,9,0,18,0,1,0,0,0,0,3,1,15,1,-1,-1,1905,2,12,2,1
200501KD50162,1,9,0,15,0,0,0,0,0,0,3,1,15,2,55,8,1753,2,2,7,1
200501KD50162,2,21,1,11,0,0,0,0,0,0,4,2,15,1,34,6,-1,-1,-1,-1,-1
200501KD50163,1,9,0,18,0,1,0,0,0,0,1,1,15,1,34,6,1597,1,7,4,1
200501KD50163,2,9,0,18,0,1,0,0,0,0,1,1,15,2,25,5,1199,1,6,-1,-1
200501KD50163,3,9,0,10,0,1,0,0,0,0,2,1,15,1,32,6,-1,-1,-1,7,1
200501KD50164,1,9,0,18,0,2,0,10,1,4,1,1,15,2,20,4,1242,1,9,2,1
200501KD50164,2,9,0,18,0,2,0,0,0,0,0,1,15,2,62,9,1998,1,2,8,1
200501KD50165,1,9,0,18,0,0,0,0,4,7,4,1,15,1,42,7,1753,2,5,6,1
200501KD50165,2,9,0,12,0,0,0,0,1,9,3,1,15,2,31,6,1781,1,12,2,1
200501KD50166,1,9,0,18,0,8,0,10,8,2,1,1,15,1,66,10,-1,-1,-1,10,1
200501KD50166,2,9,0,7,0,8,0,0,0,0,1,1,15,1,76,11,1997,1,3,9,3
200501KD50167,1,9,0,18,0,2,0,0,0,0,3,1,15,2,44,7,-1,-1,-1,3,1
200501KD50167,2,9,0,9,0,2,0,0,0,0,4,1,15,1,-1,-1,-1,-1,-1,-1,-1
200501KD50168,1,9,0,18,0,0,0,0,0,0,1,1,15,1,37,7,1796,1,8,2,1
200501KD50170,1,9,0,4,0,0,0,0,0,0,1,1,15,2,74,10,1580,1,10,6,1
200501KD50170,2,9,0,2,0,0,0,0,0,0,1,1,15,2,22,5,-1,-1,-1,9,1
200501KD50170,3,9,0,2,0,0,0,0,0,0,1,1,15,3,-1,-1,-1,-1,-1,-1,-1
200501KD50171,1,9,0,7,0,8,0,0,0,0,1,1,15,2,49,8,-1,-1,-1,8,1
200501KD50171,2,9,0,18,0,1,0,0,0,0,3,1,15,1,32,6,-1,-1,-1,4,1
200501KD50171,3,11,0,18,0,1,0,0,0,0,1,1,1,1,56,9,8268,2,4,-1,-1
200501KD50173,1,9,0,3,0,0,0,0,0,0,3,1,15,1,43,7,-1,-1,-1,-1,-1
200501KD50173,2,3,0,18,0,0,0,0,0,0,4,1,15,1,-1,-1,124,1,2,7,1
200501KD50173,3,9,0,2,0,0,0,0,0,0,3,1,15,2,-1,-1,1360,1,3,7,1
200501KD50174,1,9,0,2,0,2,0,0,0,0,2,1,15,1,47,8,1988,1,12,-1,-1
200501KD50174,2,9,0,18,0,3,0,0,0,0,4,1,15,1,31,6,-1,-1,-1,8,1
200501KD50175,1,9,0,3,0,1,0,0,0,0,2,1,15,2,70,10,1598,1,5,8,1
200501KD50175,2,9,0,4,0,1,0,0,0,0,1,1,15,1,20,4,1796,1,10,3,1
200501KD50176,1,9,0,18,0,1,0,0,0,0,3,1,15,1,37,7,1396,1,13,-1,-1
200501KD50176,2,9,0,18,0,1,0,0,0,0,1,1,15,1,25,5,-1,-1,-1,8,1
200501KD50177,1,9,0,9,0,1,0,0,0,0,1,1,15,2,20,4,1242,1,1,5,1
200501KD50177,2,9,0,9,0,1,0,0,0,0,3,1,15,2,-1,-1,1299,1,5,-1,-1
200501KD50178,1,9,0,4,0,1,0,0,0,0,2,1,15,1,56,9,2495,1,11,6,1
200501KD50178,2,9,0,4,0,1,0,0,0,0,2,1,15,1,25,5,1149,1,6,8,1
200501KD50178,3,9,0,18,0,1,0,0,0,0,1,1,15,1,25,5,-1,-1,-1,9,1
200501KD50179,1,9,0,18,0,8,0,0,0,0,1,1,15,1,44,7,1299,1,10,9,3
200501KD50179,2,9,0,18,0,8,0,0,0,0,3,1,15,1,41,7,-1,-1,-1,4,1
200501KD50180,1,9,0,1,0,6,0,0,0,0,2,1,15,2,36,7,1596,1,3,1,1
200501KD50181,1,9,0,16,0,6,0,7,0,0,1,1,15,1,19,4,1149,1,2,-1,-1
200501KD50182,1,90,0,18,0,8,0,0,0,0,0,1,1,2,43,7,3500,1,6,6,1
200501KD50182,2,19,0,9,0,8,0,0,0,0,0,1,15,1,30,6,1753,2,4,-1,-1
200501KD50183,1,9,0,4,0,1,0,0,0,0,2,1,15,1,48,8,1798,1,1,6,1
200501KD50183,2,9,0,4,0,1,0,0,0,0,2,1,15,2,20,4,1988,1,6,-1,-1
200501KD50183,3,9,0,4,0,1,0,0,0,0,2,1,15,1,37,7,1781,1,8,10,1
200501KD50183,4,9,0,18,0,1,0,0,0,0,1,1,15,2,74,10,2401,2,3,9,2
200501KD50184,1,9,0,18,0,8,0,0,0,0,4,1,15,2,47,8,1798,1,4,8,1
200501KD50184,2,9,0,2,0,2,0,0,0,0,2,1,15,1,-1,-1,1998,1,15,-1,-1
200501KD50184,3,9,0,7,0,8,0,0,0,0,1,1,15,1,75,10,1242,1,1,8,1
200501KD50185,1,9,0,4,0,1,0,4,0,0,1,1,15,1,59,9,1199,1,3,6,1
200501KD50185,2,9,0,2,0,1,0,0,0,0,2,1,15,3,-1,-1,-1,-1,-1,-1,-1
200501KD50186,1,9,0,16,0,0,0,0,0,0,4,1,15,2,43,7,1998,1,10,9,1
200501KD50187,1,9,0,4,0,1,0,0,0,0,1,1,15,2,58,9,1242,1,6,8,1
200501KD50187,2,9,0,4,0,1,0,0,0,0,1,1,15,1,-1,-1,2793,1,7,-1,-1
200501KD50187,3,9,0,9,0,1,0,0,0,0,0,1,15,3,-1,-1,-1,-1,-1,-1,-1
200501KD50188,1,9,0,9,0,8,0,10,1,1,4,1,15,1,38,7,1597,1,8,2,1
200501KD50188,2,9,0,18,0,8,0,10,1,1,1,1,15,2,23,5,1597,1,8,4,1
200501KD50189,1,9,0,10,0,2,0,0,0,0,2,1,15,2,43,7,-1,-1,-1,5,1
200501KD50189,2,9,0,18,0,2,0,0,0,0,1,1,15,1,-1,-1,1998,1,14,3,1
200501KD50190,1,20,0,18,0,8,0,0,0,0,1,1,15,1,36,7,5880,2,6,8,1
200501KD50190,2,10,0,18,0,8,0,0,0,0,4,1,15,1,20,4,-1,-1,-1,9,1
200501KD50191,1,9,0,9,0,8,0,0,0,0,3,1,15,1,20,4,-1,-1,-1,4,1
200501KD50191,2,9,0,18,0,8,0,0,0,0,1,1,15,1,42,7,1984,1,1,7,1
200501KD50192,1,9,0,18,0,1,0,0,0,0,1,1,15,1,23,5,-1,-1,-1,1,1
200501KD50192,2,8,0,18,0,1,0,10,1,7,2,1,15,1,32,6,-1,-1,-1,-1,-1
200501KD50193,1,9,0,9,0,1,0,0,0,0,3,1,15,1,46,8,2497,1,4,6,1
200501KD50193,2,9,0,7,0,1,0,0,0,0,4,1,15,2,-1,-1,1390,1,1,3,1
200501KD50194,1,19,0,5,0,1,0,0,0,0,0,1,15,1,64,9,2151,2,4,9,1
200501KD50195,1,3,0,7,0,6,0,0,0,0,1,1,15,1,16,4,-1,-1,-1,5,1
200501KD50195,2,9,0,18,0,1,0,0,0,0,1,1,15,1,-1,-1,1988,2,1,-1,-1
200501KD50196,1,19,0,18,0,8,0,0,0,0,1,1,15,1,38,7,2187,2,4,5,2
200501KD50196,2,9,0,18,0,8,0,0,0,0,4,1,15,2,57,9,-1,-1,-1,8,1
200501KD50196,3,9,0,9,0,8,0,0,0,0,1,1,15,1,30,6,1998,1,11,2,1
200501KD50197,1,9,0,18,0,7,0,0,0,0,3,1,15,2,34,6,-1,-1,-1,5,1
200501KD50197,2,9,0,9,0,8,0,0,0,0,3,1,15,1,20,4,998,1,9,3,1
200501KD50198,1,9,0,6,0,1,0,0,0,0,1,1,15,1,44,7,1796,1,6,9,1
200501KD50200,1,9,0,18,0,8,0,0,0,0,1,1,15,1,75,10,1360,2,16,-1,-1
200501KD50200,2,9,0,9,0,8,0,0,0,0,3,1,15,1,82,11,1597,1,8,6,1
200501KD50201,1,9,0,10,0,1,0,0,0,0,3,1,15,2,18,4,-1,-1,-1,3,1
200501KD50201,2,19,0,18,0,2,0,0,0,0,3,1,1,1,-1,-1,2500,2,9,-1,-1
200501KD50202,1,9,0,3,0,1,0,0,0,0,2,1,15,1,67,10,-1,-1,-1,10,1
200501KD50202,2,9,0,18,0,1,0,0,0,0,1,1,15,3,-1,-1,1996,1,11,-1,-1
200501KD50204,1,9,0,3,0,1,0,0,0,0,2,1,15,2,53,8,1796,1,4,3,1
200501KD50204,2,9,0,18,0,1,0,0,0,0,1,1,15,2,19,4,-1,-1,-1,10,3
200501KD50205,1,9,0,7,0,1,0,0,0,0,1,1,15,1,37,7,1796,1,7,2,1
200501KD50205,2,9,0,5,0,1,0,0,0,0,4,1,15,2,34,6,1299,1,5,1,1
200501KD50206,1,9,0,18,0,8,0,0,0,0,4,1,15,2,39,7,1299,1,7,2,1
200501KD50206,2,9,0,9,0,8,0,0,0,0,3,1,15,1,41,7,-1,-1,-1,2,1
200501KD50207,1,9,0,4,0,1,0,0,0,0,2,1,15,2,39,7,1598,1,1,1,1
200501KD50207,2,9,0,18,0,1,0,0,0,0,1,1,15,1,28,6,1390,1,4,4,1
200501KD50208,1,9,0,11,0,0,0,0,0,0,4,1,15,1,75,10,1598,1,16,6,1
200501KD50208,2,11,0,18,0,0,0,0,0,0,3,1,1,1,39,7,8268,2,4,1,1
200501KD50209,1,11,0,17,0,8,0,0,0,0,4,1,1,3,-1,-1,-1,-1,-1,-1,-1
200501KD50210,1,9,0,9,0,8,0,0,0,0,1,1,15,1,39,7,1991,1,10,4,1
200501KD50210,2,9,0,18,0,8,0,0,0,0,4,1,15,2,43,7,1495,1,12,-1,-1
200501KD50211,1,9,0,18,0,8,0,10,1,10,1,1,15,1,51,8,2435,1,7,4,2
200501KD50211,2,9,0,9,0,8,0,0,0,0,1,1,15,1,53,8,2498,1,9,-1,-1
200501KD50211,3,9,0,18,0,8,0,0,0,0,1,1,15,1,45,7,1597,1,10,9,1
200501KD50212,1,9,0,4,0,1,0,0,0,0,1,1,15,1,25,5,-1,-1,-1,2,1
200501KD50212,2,9,0,3,0,1,0,0,0,0,2,1,15,1,26,6,1996,1,9,-1,-1
200501KD50213,1,9,0,15,0,0,0,0,0,0,1,1,15,2,26,6,1299,1,8,1,1
200501KD50213,2,9,0,18,0,0,0,0,0,0,1,1,15,2,27,6,1590,1,4,1,1
200501KD50214,1,9,0,3,0,8,0,0,0,0,2,1,15,1,43,7,1799,1,7,3,1
200501KD50214,2,9,0,18,0,8,0,0,0,0,1,1,15,1,22,5,1896,1,8,3,1
200501KD50215,1,9,0,4,0,1,0,0,0,0,2,1,15,2,39,7,2685,2,1,8,1
200501KD50215,2,9,0,18,0,1,0,0,0,0,1,1,15,1,19,4,1396,1,9,9,1
200501KD50216,1,19,0,18,0,8,0,0,0,0,1,1,15,1,42,7,-1,-1,-1,8,1
200501KD50216,2,9,0,18,0,8,0,0,0,0,1,1,15,1,38,7,1769,1,15,2,1
200501KD50217,1,20,0,7,0,6,0,0,0,0,0,1,1,1,34,6,5880,2,5,-1,-1
200501KD50219,1,9,0,12,0,0,0,0,0,0,3,1,2,1,39,7,-1,-1,-1,8,3
200501KD50219,2,5,0,13,0,0,0,0,0,0,4,1,2,1,28,6,750,1,6,1,1
200501KD50220,1,9,0,5,0,0,0,0,0,0,3,1,15,1,38,7,1796,1,4,4,1
200501KD50220,2,1,0,15,0,0,0,0,0,0,4,1,15,1,61,9,-1,-1,-1,2,1
200501KD50221,1,9,0,18,0,1,0,0,0,0,1,1,15,2,18,4,1299,1,7,5,1
200501KD50221,2,9,0,3,0,1,0,0,0,0,2,1,15,2,18,4,973,1,4,6,1
200501KD50221,3,9,0,3,0,1,0,0,0,0,2,1,15,1,57,9,1598,1,3,9,1
200501KD50222,1,9,0,18,0,1,0,0,0,0,1,1,15,1,75,10,1388,1,3,-1,-1
200501KD50222,2,9,0,9,0,1,0,0,0,0,3,1,15,1,65,9,998,1,2,6,1
200501KD50223,1,19,0,9,0,2,0,0,0,0,1,1,15,1,-1,-1,2446,2,9,8,1
200501KD50224,1,9,0,18,0,2,0,0,0,0,1,1,15,1,22,5,1120,1,11,2,1
200501KD50225,1,9,0,4,0,0,0,0,0,0,2,1,15,2,65,9,1299,1,3,9,1
200501KD50225,2,9,0,18,0,0,0,0,0,0,1,1,15,2,31,6,999,1,5,5,1
200501KD50226,1,9,0,18,0,0,0,0,0,0,2,1,15,1,19,4,-1,-1,-1,2,1
200501KD50226,2,9,0,18,0,0,0,0,0,0,1,1,15,1,44,7,-1,-1,-1,10,1
200501KD50227,1,9,0,7,0,1,0,0,0,0,4,1,15,1,-1,-1,1596,1,1,-1,-1
200501KD50227,2,1,0,18,0,1,0,0,0,0,1,1,15,1,29,6,-1,-1,-1,-1,-1
200501KD50228,1,2,0,13,0,8,0,0,0,0,1,1,15,1,42,7,49,1,2,9,1
200501KD50228,2,9,0,9,0,8,0,0,0,0,1,1,15,1,34,6,1299,1,10,5,1
200501KD50229,1,11,0,18,0,4,0,0,0,0,0,1,15,1,44,7,8268,2,1,9,1
200501KD50230,1,9,0,18,0,1,0,0,0,0,1,1,15,1,31,6,2198,1,5,2,1
200501KD50230,2,19,0,7,0,1,1,0,0,0,3,1,1,1,44,7,12130,2,6,-1,-1
200501KD50231,1,9,0,3,0,1,0,0,0,0,2,1,15,2,67,10,1590,1,13,6,1
200501KD50231,2,9,0,5,0,1,0,0,0,0,1,1,15,1,71,10,1686,2,3,3,1
200501KD50232,1,9,0,3,0,2,0,0,0,0,2,1,15,2,58,9,1596,1,6,2,1
200501KD50232,2,9,0,18,0,2,0,0,0,0,1,1,15,2,-1,-1,1199,1,4,-1,-1
200501KD50234,1,9,0,18,0,8,0,0,0,0,1,1,15,1,85,11,1149,1,6,6,1
200501KD50234,2,9,0,9,0,8,0,0,0,0,4,1,15,2,40,7,2685,2,2,6,1
200501KD50235,1,9,0,3,0,1,0,0,0,0,2,1,15,2,44,7,2946,1,8,4,1
200501KD50235,2,9,0,18,0,1,0,0,0,0,1,1,15,1,18,4,1119,1,11,8,1
200501KD50236,1,9,0,9,0,8,0,0,0,0,1,1,15,2,38,7,-1,-1,-1,9,1
200501KD50236,2,9,0,18,0,8,0,0,0,0,1,1,15,1,20,4,1390,1,7,6,1
200501KD50236,3,9,0,2,0,2,0,0,0,0,2,1,15,3,-1,-1,-1,-1,-1,6,1
200501KD50237,1,9,0,18,0,0,0,0,0,0,1,1,15,1,59,9,-1,-1,-1,6,1
200501KD50237,2,9,0,3,0,0,0,0,0,0,2,1,15,1,22,5,1299,1,6,4,1
200501KD50237,3,9,0,3,0,0,0,0,0,0,2,1,15,2,34,6,1895,1,6,3,1
200501KD50237,4,8,0,3,0,0,0,0,0,0,2,1,1,1,61,9,-1,-1,-1,-1,-1
200501KD50238,1,9,0,9,0,8,0,0,0,0,1,1,15,2,22,5,1299,1,7,6,1
200501KD50238,2,9,0,18,0,8,0,0,0,0,3,1,15,1,64,9,1988,1,8,4,1