Accident_Index,Vehicle_Reference,Vehicle_Type,Towing_and_Articulation,Vehicle_Manoeuvre,Vehicle_Location_Restricted_Lane,Junction_Location,Skidding_and_Overturning,Hit_Object_in_Carriageway,Vehicle_Leaving_Carriageway,Hit_Object_off_Carriageway,1st_Point_of_Impact,Was_Vehicle_Left_Hand_Drive?,Journey_Purpose_of_Driver,Sex_of_Driver,Age_of_Driver,Age_Band_of_Driver,Engine_Capacity_(CC),Propulsion_Code,Age_of_Vehicle,Driver_IMD_Decile,Driver_Home_Area_Type
200501KD50239,1,9,0,9,0,1,0,0,0,0,4,1,15,2,57,9,1753,2,2,5,1
200501KD50239,2,19,0,18,0,1,0,0,0,0,1,1,15,1,36,7,1910,2,2,3,1
200501KD50240,1,11,0,4,0,0,0,0,0,0,0,1,1,1,29,6,8268,2,3,4,1
200501KD50241,1,9,0,18,0,2,0,0,0,0,1,1,15,1,65,9,1124,1,6,7,1
200501KD50242,1,9,0,18,0,1,0,0,0,0,1,1,15,1,40,7,-1,-1,-1,10,1
200501KD50244,1,9,0,9,0,8,0,0,0,0,2,1,15,1,58,9,1294,1,17,-1,-1
200501KD50244,2,9,0,18,0,8,0,0,0,0,1,1,15,1,-1,-1,1242,1,1,6,1
200501KD50246,1,9,0,18,0,8,0,0,0,0,2,1,15,2,32,6,1597,1,8,7,1
200501KD50246,2,9,0,18,0,8,0,0,0,0,1,1,15,1,60,9,1299,1,5,4,1
200501KD50247,1,90,0,18,0,1,0,0,0,0,1,1,15,1,39,7,1971,1,16,6,2
200501KD50247,2,9,0,2,0,1,0,0,0,0,2,1,15,2,47,8,1396,1,15,2,1
200501KD50248,1,9,0,18,0,0,0,0,0,0,1,1,15,1,52,8,1299,1,5,4,1
200501KD50248,2,9,0,18,0,0,0,0,0,0,2,1,15,2,57,9,1598,1,2,6,1
200501KD50249,1,9,0,18,0,8,0,0,0,0,1,1,15,2,34,6,1242,1,2,-1,-1
200501KD50249,2,9,0,9,0,8,0,0,0,0,3,1,15,1,18,4,1800,1,6,3,1
200501KD50250,1,9,0,5,0,0,0,0,0,0,1,1,15,2,41,7,-1,-1,-1,10,1
200501KD50250,2,1,0,18,0,0,0,0,0,0,4,1,15,2,23,5,-1,-1,-1,2,1
200501KD50251,1,11,0,5,0,0,0,0,0,0,0,1,1,1,31,6,-1,2,3,-1,-1
200501KD50252,1,19,0,1,0,1,0,0,0,0,2,1,15,1,36,7,2874,2,6,4,1
200501KD50254,1,9,0,4,0,1,0,0,0,0,2,1,15,2,19,4,1299,1,1,4,1
200501KD50254,2,9,0,18,0,1,0,0,0,0,1,1,15,1,-1,-1,-1,-1,-1,7,1
200501KD50255,1,9,0,18,0,0,0,0,0,0,4,1,15,1,35,6,-1,-1,-1,-1,-1
200501KD50256,1,9,0,4,0,0,0,0,0,0,2,1,15,2,48,8,796,1,5,9,2
200501KD50256,2,9,0,18,0,0,0,0,0,0,1,1,15,1,53,8,-1,-1,-1,9,3
200501KD50257,1,9,0,18,0,0,0,0,0,0,1,1,15,1,55,8,-1,-1,-1,-1,-1
200501KD50258,1,9,0,3,0,8,0,0,0,0,2,1,15,2,44,7,1796,1,5,4,1
200501KD50258,2,9,0,18,0,8,0,0,0,0,1,1,15,1,55,8,-1,-1,-1,2,1
200501KD50259,1,9,0,18,0,8,0,0,4,6,3,1,15,2,28,6,1781,1,6,8,1
200501KD50259,2,9,0,9,0,8,0,0,0,0,4,1,15,1,59,9,-1,-1,-1,-1,-1
200501KD50260,1,9,0,10,0,8,0,0,0,0,2,1,15,2,35,6,1120,1,8,2,1
200501KD50260,2,19,0,18,0,1,0,0,0,0,1,1,15,1,-1,-1,-1,-1,-1,-1,-1
200501KD50263,1,9,0,7,0,8,0,0,0,0,3,1,15,1,34,6,2259,1,5,4,1
200501KD50263,2,1,0,18,0,8,0,0,0,0,1,1,15,2,44,7,-1,-1,-1,2,1
200501KD50265,1,11,0,13,0,0,0,0,0,0,1,1,1,1,40,7,8268,2,4,6,1
200501KD50265,2,9,0,6,0,0,0,0,0,0,3,1,15,1,30,6,-1,-1,-1,-1,-1
200501KD50266,1,9,0,9,0,8,0,0,0,0,2,1,15,2,-1,-1,1117,1,14,5,1
200501KD50266,2,20,0,18,0,8,0,0,0,0,1,1,1,1,-1,-1,4250,2,8,-1,-1
200501KD50267,1,9,0,9,0,8,0,0,0,0,3,1,15,2,26,6,1388,1,8,2,1
200501KD50267,2,9,0,18,0,8,0,0,0,0,1,1,15,3,-1,-1,-1,-1,-1,-1,-1
200501KD50268,1,9,0,7,0,1,0,0,0,0,3,1,15,2,33,6,1149,1,8,6,1
200501KD50268,2,19,0,1,0,1,0,0,0,0,2,1,15,3,-1,-1,2446,2,10,-1,-1
200501KD50269,1,9,0,3,0,0,0,0,0,0,2,1,15,1,40,7,1796,1,7,3,1
200501KD50269,2,9,0,3,0,0,0,0,0,0,2,1,15,1,36,7,2393,1,-1,5,1
200501KD50269,3,9,0,18,0,0,0,0,0,0,1,1,15,1,20,4,1242,1,4,9,1
200501KD50270,1,19,0,18,0,1,0,0,0,0,1,1,15,1,56,9,-1,-1,-1,1,1
200501KD50270,2,9,0,10,0,1,0,0,0,0,1,1,15,1,20,4,1117,1,14,6,1
200501KD50271,1,9,0,18,0,8,0,0,0,0,3,1,15,1,28,6,1242,1,8,9,3
200501KD50271,2,9,0,9,0,8,0,0,0,0,3,1,15,1,22,5,1998,1,16,2,1
200501KD50272,1,9,0,18,0,1,0,0,0,0,4,1,15,1,18,4,1596,1,2,8,1
200501KD50274,1,9,0,4,0,0,0,0,0,0,2,1,15,1,47,8,1597,1,10,-1,-1
200501KD50274,2,9,0,18,0,0,0,0,0,0,1,1,15,1,-1,-1,-1,-1,-1,3,1
200501KD50275,1,9,0,18,0,6,0,0,0,0,1,1,15,2,19,4,1124,1,15,5,1
200501KD50275,2,9,0,9,0,6,0,0,0,0,3,1,15,1,48,8,1995,2,2,4,1
200501KD50276,1,9,0,18,0,0,0,7,0,0,4,1,15,1,62,9,-1,-1,-1,9,1
200501KD50277,1,9,0,18,0,0,0,0,0,0,1,1,15,2,51,8,1119,1,11,9,1
200501KD50279,1,9,0,4,0,1,0,0,0,0,2,1,15,1,32,6,-1,-1,-1,8,1
200501KD50279,2,9,0,18,0,1,0,0,0,0,1,1,15,3,40,7,-1,-1,-1,-1,-1
200501KD50280,1,9,0,5,0,0,0,0,0,0,2,1,15,1,19,4,1598,1,8,9,1
200501KD50280,2,9,0,18,0,0,0,0,0,0,1,1,15,1,69,10,-1,-1,-1,8,1
200501KD50280,3,9,0,2,9,0,0,0,0,0,2,1,15,2,48,8,1598,1,4,-1,-1
200501KD50281,1,9,0,13,0,1,0,4,0,0,1,1,15,1,27,6,2295,1,5,5,1
200501KD50281,2,11,0,18,0,2,0,0,0,0,1,1,1,1,57,9,8268,2,4,-1,-1
200501KD50281,3,9,0,2,0,2,0,0,0,0,4,1,15,3,-1,-1,1796,1,16,-1,-1
200501KD50282,1,19,0,18,0,8,0,0,0,0,2,1,15,1,67,10,1998,2,2,2,1
200501KD50282,2,21,0,18,0,8,0,0,0,0,1,1,15,1,61,9,5880,2,6,3,1
200501KD50283,1,11,0,18,0,8,0,0,0,0,0,1,1,1,50,8,-1,2,6,5,1
200501KD50284,1,9,0,18,0,0,0,0,0,0,1,1,15,1,20,4,1798,1,1,-1,-1
200501KD50284,2,19,0,2,0,0,0,0,0,0,1,1,15,1,41,7,1870,2,-1,-1,-1
200501KD50285,1,9,0,18,0,1,0,7,0,0,1,1,15,1,23,5,-1,-1,-1,7,1
200501KD50286,1,9,0,18,0,8,0,0,0,0,1,1,15,2,53,8,1796,1,16,6,1
200501KD50286,2,9,0,9,0,8,0,0,0,0,4,1,15,2,43,7,1299,1,2,4,1
200501KD50287,1,9,0,9,0,8,0,0,0,0,0,1,15,2,18,4,-1,-1,-1,-1,-1
200501KD50287,2,9,0,3,0,8,0,0,0,0,3,1,15,1,75,10,1870,2,6,3,1
200501KD50287,3,9,0,18,0,8,0,0,0,0,4,1,15,1,33,6,-1,-1,-1,3,1
200501KD50288,1,9,0,4,0,1,0,0,0,0,2,1,15,1,30,6,1796,1,9,3,1
200501KD50288,2,9,0,18,0,1,0,0,0,0,1,1,15,2,23,5,1124,1,4,3,1
200501KD50289,1,9,0,12,0,1,0,0,0,0,1,1,15,1,49,8,-1,-1,-1,7,1
200501KD50291,1,3,0,18,0,0,0,0,0,0,1,1,15,1,22,5,124,1,2,4,1
200501KD50291,2,90,0,6,0,0,0,0,0,0,3,1,15,1,42,7,-1,-1,-1,8,1
200501KD50292,1,9,0,16,0,0,0,0,1,9,0,1,15,1,39,7,1596,1,3,6,1
200501KD50294,1,11,0,4,0,4,0,0,0,0,0,1,1,1,62,9,-1,2,6,7,1
200501KD50295,1,9,0,16,0,0,0,0,0,0,1,1,15,1,42,7,999,1,5,3,1
200501KD50295,2,9,0,3,0,0,0,0,0,0,2,1,15,2,69,10,1149,1,7,8,1
200501KD50296,1,9,0,9,0,2,0,0,0,0,1,1,15,2,18,4,1299,1,1,7,1
200501KD50297,1,9,0,18,0,1,0,0,0,0,3,1,15,2,63,9,1392,1,19,4,1
200501KD50298,1,9,0,7,0,8,0,0,0,0,2,1,15,2,65,9,-1,-1,-1,10,1
200501KD50298,2,9,0,7,0,8,0,0,0,0,1,1,15,1,28,6,1242,1,7,3,1
200501KD50299,1,19,0,3,0,1,0,0,0,0,2,1,15,1,33,6,1868,2,1,7,3
200501KD50299,2,19,0,18,0,1,0,0,0,0,1,1,15,1,-1,-1,2499,2,2,-1,-1
200501KD50299,3,9,0,3,0,1,0,0,0,0,2,1,15,1,-1,-1,2496,2,3,-1,-1
200501KD50301,1,9,0,18,2,0,0,0,0,0,1,1,15,1,74,10,-1,-1,-1,9,1
200501KD50302,1,9,0,18,0,8,0,0,0,0,3,1,15,1,43,7,1332,1,12,6,1
200501KD50302,2,9,0,18,0,8,0,0,0,0,1,1,15,2,-1,-1,1118,1,13,-1,-1
200501KD50303,1,9,0,9,0,1,0,0,0,0,3,1,15,2,21,5,1299,1,4,1,1
200501KD50303,2,9,0,18,0,1,0,0,0,0,4,1,15,1,34,6,1998,1,8,-1,-1
200501KD50304,1,9,0,4,0,1,0,0,0,0,2,1,15,1,29,6,-1,-1,-1,8,2
200501KD50304,2,9,0,18,0,1,0,0,0,0,1,1,15,2,21,5,1171,1,10,6,3
200501KD50305,1,4,0,18,0,1,0,0,7,0,1,1,15,1,26,6,-1,-1,-1,9,1
200501KD50305,2,9,0,9,0,8,0,0,0,0,3,1,15,1,18,4,1149,1,1,9,1
200501KD50306,1,9,0,4,0,8,0,0,0,0,2,1,15,1,43,7,-1,-1,-1,5,1
200501KD50306,2,9,0,18,0,8,0,0,0,0,1,1,15,1,-1,-1,1600,1,6,-1,-1
200501KD50307,1,9,0,18,0,0,0,0,0,0,4,1,15,1,19,4,1360,1,6,2,1
200501KD50307,2,9,0,2,0,0,0,0,0,0,3,1,15,2,41,7,1388,1,9,2,1
200501KD50307,3,9,0,18,0,0,0,0,0,0,3,1,15,1,18,4,1390,1,8,4,1
200501KD50309,1,9,0,7,0,1,0,0,0,0,1,1,15,1,56,9,1796,1,-1,10,1
200501KD50309,2,9,0,18,0,1,0,0,0,0,4,1,15,1,22,5,1597,1,11,9,1
200501KD50310,1,19,0,18,0,1,0,0,0,0,1,1,15,1,47,8,2800,2,-1,-1,-1
200501KD50310,2,9,0,4,0,1,0,0,0,0,2,1,15,2,42,7,1598,1,3,8,1
200501KD50311,1,9,0,18,0,8,0,0,0,0,3,1,15,1,43,7,1796,1,10,1,1
200501KD50311,2,9,0,18,0,8,0,0,0,0,1,1,15,3,-1,-1,-1,-1,-1,-1,-1
200501KD50312,1,9,0,7,0,8,0,0,0,0,4,1,15,2,30,6,1596,1,1,4,1
200501KD50312,2,19,0,18,0,8,0,0,0,0,3,1,15,1,23,5,2402,2,1,6,1
200501KD50313,1,9,0,7,0,8,0,0,0,0,1,1,15,1,20,4,-1,-1,-1,8,1
200501KD50313,2,9,0,3,0,8,0,0,0,0,2,1,15,2,40,7,1299,1,3,8,1
200501KD50314,1,9,0,4,0,0,0,0,0,0,1,1,15,1,50,8,1242,1,6,10,1
200501KD50314,2,9,0,4,0,0,0,0,0,0,2,1,15,1,27,6,-1,-1,-1,8,1
200501KD50314,3,19,0,18,0,0,0,0,0,0,2,1,15,1,23,5,-1,-1,-1,-1,-1
200501KD50315,1,5,0,4,0,2,0,0,0,0,2,1,15,1,64,9,899,1,13,9,1
200501KD50315,2,3,0,18,0,2,0,0,0,0,1,1,15,1,18,4,124,1,-1,3,1
200501KD50315,3,9,0,9,0,1,0,0,0,0,0,1,15,1,-1,-1,-1,-1,-1,-1,-1
200501KD50316,1,9,0,7,0,8,0,0,0,0,4,1,15,2,44,7,1396,1,9,7,1
200501KD50317,1,19,0,5,0,2,0,0,0,0,1,1,15,1,48,8,2446,2,9,6,1
200501KD50317,2,9,0,3,0,2,0,0,0,0,2,1,15,1,62,9,1388,1,1,2,1
200501KD50319,1,9,0,18,0,0,0,0,0,0,1,1,15,2,33,6,1597,1,11,2,1
200501KD50319,2,19,0,3,0,0,0,0,0,0,2,1,15,1,34,6,2148,2,1,7,1
200501KD50321,1,9,0,9,0,1,0,0,0,0,3,1,15,1,23,5,-1,-1,-1,6,1
200501KD50321,2,9,0,18,0,1,0,0,0,0,1,1,15,1,-1,-1,1590,1,5,3,1
200501KD50322,1,9,0,18,0,8,0,10,4,0,3,1,15,1,42,7,2496,1,3,-1,-1
200501KD50322,2,19,0,18,0,8,0,0,0,0,1,1,15,1,40,7,1686,2,3,7,1
200501KD50323,1,9,0,4,0,1,0,0,0,0,2,1,15,1,23,5,-1,-1,-1,2,1
200501KD50323,2,9,0,18,0,1,0,0,0,0,1,1,15,1,23,5,1598,1,2,4,1
200501KD50324,1,11,0,18,0,1,0,0,0,0,1,1,1,1,50,8,4250,2,3,9,1
200501KD50324,2,9,0,2,0,1,0,0,0,0,2,1,15,1,59,9,-1,-1,-1,8,1
200501KD50325,1,1,0,18,0,8,0,0,0,0,2,1,15,1,45,7,-1,-1,-1,4,1
200501KD50325,2,19,0,18,0,8,0,0,0,0,1,1,15,3,-1,-1,-1,-1,-1,-1,-1
200501KD50327,1,21,4,7,0,8,4,0,0,0,0,1,15,1,55,8,-1,-1,-1,-1,-1
200501KD50328,1,9,0,18,0,0,0,10,1,10,4,1,15,2,43,7,1242,1,6,9,1
200501KD50329,1,9,0,3,0,2,0,0,0,0,2,1,15,1,19,4,-1,-1,-1,7,1
200501KD50329,2,9,0,4,0,2,0,0,0,0,1,1,15,2,-1,-1,2946,1,5,4,1
200501KD50330,1,9,0,3,0,1,0,0,0,0,2,1,15,2,39,7,1299,1,2,-1,-1
200501KD50330,2,9,0,18,0,1,0,0,0,0,1,1,15,1,-1,-1,1527,2,10,7,1
200501KD50331,1,90,0,1,0,3,0,0,0,0,2,1,1,1,25,5,1366,2,3,-1,-1
200501KD50333,1,9,0,4,0,1,0,0,0,0,3,1,15,2,40,7,1598,1,1,3,1
200501KD50333,2,21,0,11,0,1,0,0,0,0,4,1,1,1,-1,-1,12580,2,1,-1,-1
200501KD50334,1,9,0,18,0,1,0,0,0,0,1,1,15,2,34,6,1360,1,3,7,1
200501KD50334,2,1,0,18,0,6,0,0,0,0,3,1,15,1,7,2,-1,-1,-1,5,1
200501KD50335,1,9,0,18,0,0,1,0,1,0,3,1,15,1,23,5,1850,1,5,3,1
200501KD50336,1,20,1,12,0,0,5,10,1,0,3,1,1,1,62,9,5880,2,7,8,1
200501KD50336,2,21,1,18,0,0,0,0,0,0,1,1,1,1,64,9,11000,2,5,5,1
200501KD50336,3,21,1,18,0,0,0,0,0,0,4,1,1,1,43,7,12130,2,2,8,1
200501KD50336,4,21,0,18,0,0,0,0,0,0,1,1,1,1,28,6,12130,2,10,2,1
200501KD50336,5,19,0,18,0,0,5,0,0,0,4,1,1,1,37,7,1580,1,16,-1,-1
200501KD50336,6,19,0,18,0,0,0,0,0,0,2,1,1,1,44,7,2800,2,1,9,3
200501KD50336,7,20,0,4,0,0,0,0,0,0,2,1,1,1,39,7,3900,2,4,4,1
200501KD50336,8,21,1,4,0,0,0,0,0,0,1,1,1,1,60,9,11000,2,3,7,1
200501KD50337,1,9,0,18,0,1,0,0,0,0,4,1,15,1,24,5,1389,1,6,-1,-1
200501KD50338,1,9,0,18,0,0,2,0,5,6,2,1,15,1,29,6,1372,1,8,7,1
200501KD50338,2,21,1,18,0,0,3,0,0,0,3,1,1,1,43,7,11000,2,4,-1,-1
200501KD50338,3,9,0,18,0,0,0,0,0,0,1,1,15,3,-1,-1,-1,-1,-1,-1,-1
200501KD50339,1,9,0,18,0,1,0,0,0,0,2,1,15,2,26,6,1596,1,5,6,1
200501KD50339,2,9,0,18,0,1,0,0,0,0,3,1,15,2,48,8,1398,2,3,10,1
200501KD50339,3,9,0,7,0,1,0,0,0,0,1,1,15,1,82,11,1589,1,9,4,1
200501KD50339,4,9,0,18,0,1,0,0,0,0,4,1,15,1,29,6,1753,2,9,8,1
200501KD50340,1,9,0,16,0,8,0,0,0,0,2,1,15,2,52,8,-1,-1,-1,7,1
200501KD50340,2,21,0,16,0,8,0,0,0,0,1,1,1,1,32,6,12600,2,7,3,1
200501KD50341,1,9,0,18,0,2,0,0,0,0,3,1,15,1,78,11,2967,1,1,8,1
200501KD50341,2,9,0,18,0,2,0,0,0,0,1,1,15,1,37,7,1753,2,8,-1,-1
200501KD50341,3,9,0,18,0,2,0,0,0,0,1,1,15,1,48,8,-1,-1,-1,9,1
200501KD50342,1,9,0,4,0,1,0,0,0,0,2,1,15,1,35,6,1590,1,7,4,1
200501KD50342,2,9,0,18,0,1,0,0,0,0,1,1,15,3,-1,-1,-1,-1,-1,-1,-1
200501KD50343,1,9,0,3,0,0,0,0,0,0,2,1,15,1,34,6,1391,1,10,3,1
200501KD50343,2,9,0,18,0,0,0,0,0,0,1,1,15,1,49,8,1597,1,7,5,1
200501KD50344,1,5,0,18,0,8,0,0,0,0,1,1,15,1,30,6,-1,-1,-1,7,1
200501KD50344,2,9,0,9,0,8,0,0,0,0,2,1,15,1,24,5,1390,1,14,4,1
200501KD50345,1,9,0,18,0,8,0,0,0,0,1,1,15,1,21,5,1596,1,3,3,1
200501KD50345,2,9,0,9,0,8,0,0,0,0,4,1,15,1,24,5,-1,-1,-1,2,1
200501KD50346,1,9,0,18,0,8,0,0,0,0,4,1,15,1,28,6,-1,-1,-1,8,1
200501KD50346,2,9,0,9,0,8,0,0,0,0,1,1,15,1,26,6,1796,1,5,-1,-1
200501KD50347,1,9,0,3,0,0,0,0,0,0,2,1,15,1,44,7,-1,-1,-1,6,1
200501KD50347,2,9,0,18,0,0,0,0,0,0,1,1,15,3,-1,-1,1596,1,6,-1,-1
200501KD50348,1,9,0,18,0,8,0,0,0,0,4,1,15,1,26,6,1796,1,5,2,1
200501KD50348,2,9,0,9,0,8,0,0,0,0,1,1,15,1,34,6,2000,2,14,4,1
200501KD50349,1,9,0,18,0,0,0,7,0,0,1,1,15,1,28,6,1998,1,6,3,1
200501KD50349,2,9,0,2,0,0,0,0,0,0,1,1,15,1,37,7,1870,2,1,-1,-1
200501KD50350,1,9,0,9,0,6,0,0,0,0,4,1,15,2,50,8,1299,1,4,2,1
200501KD50351,1,9,0,4,0,8,0,0,0,0,2,1,15,1,22,5,1781,1,4,8,2
200501KD50351,2,19,0,18,0,8,0,0,0,0,1,1,15,3,-1,-1,-1,-1,-1,-1,-1
200501KD50352,1,9,0,2,0,2,0,0,0,0,2,1,15,1,32,6,1783,1,4,5,1
200501KD50352,2,9,0,18,0,2,1,0,0,0,1,1,15,1,18,4,1391,1,9,7,1
200501KD50353,1,9,0,18,0,8,0,0,0,0,1,1,15,1,54,8,-1,-1,-1,4,1
200501KD50353,2,9,0,9,0,8,0,0,0,0,3,1,15,2,54,8,-1,-1,-1,10,1
200501KD50354,1,9,0,18,0,8,0,0,0,0,1,1,15,1,53,8,-1,-1,-1,8,1
200501KD50354,2,9,0,9,0,8,0,0,0,0,4,1,15,1,42,7,1996,1,8,-1,-1
200501KD50355,1,9,0,9,0,8,0,0,0,0,3,1,15,1,21,5,1596,1,10,7,1
200501KD50355,2,3,0,13,0,8,0,0,0,0,4,1,15,1,17,4,124,1,2,4,1
200501KD50356,1,9,0,18,0,1,0,0,0,0,1,1,15,2,38,7,-1,-1,-1,8,1
200501KD50357,1,9,0,18,0,8,0,0,0,0,4,1,15,2,45,7,1870,2,3,8,1
200501KD50357,2,1,0,9,0,8,0,0,0,0,3,1,15,1,60,9,-1,-1,-1,-1,-1
200501KD50359,1,4,0,18,0,1,0,0,0,0,3,1,15,1,73,10,243,1,9,7,1
200501KD50360,1,9,0,18,0,0,0,0,4,6,3,1,15,2,33,6,1999,1,4,8,1
200501KD50360,2,21,1,11,0,0,0,0,0,0,4,1,1,1,47,8,-1,-1,-1,9,1
200501KD50363,1,9,0,18,0,0,0,0,0,0,1,1,15,2,18,4,1299,1,3,6,1
200501KD50363,2,9,0,3,0,0,0,0,0,0,2,1,15,2,44,7,1796,1,8,8,1
200501KD50363,3,9,0,3,0,0,0,0,0,0,2,1,15,2,59,9,1989,1,5,6,1
200501KD50364,1,9,0,18,0,0,0,0,4,6,1,1,15,1,51,8,1596,1,-1,10,1
200501KD50364,2,9,0,18,0,0,0,0,0,0,0,1,15,2,75,10,-1,-1,-1,10,1
200501KD50364,3,9,0,18,0,0,0,0,0,0,0,1,15,1,35,6,1299,1,5,-1,-1
200501KD50365,1,9,0,3,0,0,0,0,0,0,2,1,15,1,18,4,1299,1,12,4,1
200501KD50365,2,9,0,18,0,0,0,0,0,0,1,1,15,2,-1,-1,1796,1,4,-1,-1
200501KD50366,1,9,0,18,0,1,0,0,0,0,3,1,15,1,20,4,1975,1,7,5,1
200501KD50366,2,20,0,11,0,1,0,0,0,0,4,1,15,1,-1,-1,-1,-1,-1,-1,-1
200501KD50368,1,9,0,18,0,0,0,0,0,0,4,1,15,2,32,6,1597,1,15,2,1
200501KD50368,2,9,0,2,0,0,0,0,0,0,2,1,15,1,-1,-1,-1,-1,-1,-1,-1
200501KD50368,3,9,0,2,0,0,0,0,0,0,2,1,15,1,60,9,1755,1,14,-1,-1
200501KD50369,1,9,0,12,0,0,1,0,5,6,1,1,15,1,20,4,-1,-1,-1,4,2
200501KD50370,1,9,0,18,0,0,0,11,0,0,3,1,15,1,43,7,1299,1,2,-1,-1
200501KD50370,2,9,0,18,0,0,0,0,0,0,1,1,15,1,58,9,-1,-1,-1,8,1
200501KD50371,1,9,0,4,0,0,0,0,0,0,2,1,15,1,35,6,973,1,6,2,1
200501KD50371,2,9,0,4,0,0,0,0,0,0,2,1,15,1,34,6,2979,1,3,9,1
200501KD50371,3,9,0,18,0,0,0,0,0,0,1,1,15,1,68,10,1390,1,6,7,3
200501KD50373,1,9,0,4,0,3,0,0,0,0,2,1,15,1,44,7,1762,1,8,4,1
200501KD50373,2,9,0,18,0,3,0,0,0,0,1,1,15,1,-1,-1,1171,1,11,-1,-1
200501KD50374,1,9,0,10,0,8,0,0,0,0,1,1,15,2,21,5,1199,1,1,5,1
200501KD50374,2,5,0,18,0,8,1,0,0,0,3,1,15,1,35,6,599,1,4,4,1
200501KD50375,1,9,0,18,0,8,0,0,0,0,1,1,15,2,20,4,1388,1,1,7,3
200501KD50375,2,9,0,18,0,8,0,0,0,0,4,1,15,1,84,11,-1,-1,-1,3,1
200501KD50375,3,8,0,18,0,8,0,0,0,0,1,1,15,1,64,9,1560,2,-1,8,1
200501KD50376,1,9,0,18,0,8,0,0,0,0,3,1,15,1,-1,-1,1488,1,19,-1,-1
200501KD50376,2,9,0,18,0,8,0,0,0,0,1,1,15,1,29,6,1388,1,2,5,1
200501KD50377,1,20,0,4,0,1,0,0,0,0,2,1,1,1,57,9,-1,-1,-1,8,1
200501KD50377,2,9,0,4,0,1,0,0,0,0,1,1,15,2,26,6,1597,1,9,7,1
200501KD50378,1,11,0,5,0,0,0,0,0,0,0,1,1,1,56,9,8268,2,4,2,1
200501KD50379,1,9,0,11,0,1,5,0,0,0,4,1,15,1,41,7,-1,-1,-1,1,1
200501KD50379,2,9,0,15,0,1,0,0,0,0,3,1,15,1,21,5,-1,-1,-1,4,1
200501KD50380,1,9,0,10,0,2,0,0,0,0,2,1,15,1,55,8,1343,1,4,2,1
200501KD50380,2,9,0,9,0,2,0,0,0,0,1,1,15,1,30,6,1796,1,11,4,1
200501KD50381,1,1,0,14,0,8,0,0,0,0,4,1,15,1,39,7,-1,-1,-1,8,1
200501KD50381,2,9,0,9,0,8,0,0,0,0,1,1,15,1,-1,-1,1796,1,3,-1,-1
200501KD50382,1,11,0,17,0,8,0,0,0,0,0,1,1,1,67,10,4250,2,3,7,1
200501KD50383,1,9,0,3,0,1,0,0,0,0,2,1,15,1,70,10,2172,2,1,3,1
200501KD50383,2,9,0,18,0,1,0,0,0,0,1,1,15,1,50,8,1360,1,1,10,1
200501KD50384,1,3,0,13,0,8,0,0,0,0,4,1,15,1,17,4,125,1,1,10,1
200501KD50384,2,19,0,9,0,8,0,0,0,0,2,1,15,1,41,7,2402,2,-1,-1,-1
200501KD50385,1,3,0,18,0,0,0,10,1,2,3,1,15,1,24,5,124,1,-1,4,1
200501KD50386,1,9,0,18,0,1,0,0,0,0,1,1,15,2,21,5,1299,1,7,8,1
200501KD50386,2,9,0,9,0,1,0,0,0,0,3,1,15,2,60,9,1200,1,2,1,1
200501KD50387,1,9,0,18,0,1,0,0,0,0,3,1,15,1,52,8,2664,2,4,8,1
200501KD50387,2,2,0,13,0,1,0,0,0,0,4,1,15,1,16,4,49,1,1,2,1
200501KD50388,1,3,0,18,0,0,0,0,0,0,1,1,15,1,16,4,-1,-1,-1,9,1
200501KD50389,1,2,0,18,0,1,0,0,0,0,4,1,15,2,17,4,49,1,4,2,1
200501KD50389,2,9,0,2,0,1,0,0,0,0,3,1,15,2,44,7,1896,2,8,-1,-1
200501KD50390,1,9,0,18,0,0,0,0,0,0,1,1,15,1,38,7,1796,1,-1,8,1
200501KD50390,2,9,0,4,0,0,0,0,0,0,2,1,15,2,-1,-1,-1,-1,-1,-1,-1
200501KD50390,3,19,0,3,0,0,0,0,0,0,2,1,15,1,-1,-1,-1,-1,-1,9,1
200501KD50391,1,9,0,18,0,0,0,0,0,0,1,1,15,2,40,7,-1,-1,-1,8,1
200501KD50392,1,11,0,4,0,2,0,0,0,0,0,1,15,1,59,9,8268,2,4,6,1
200501KD50395,1,4,0,18,0,2,0,0,0,0,1,1,15,1,34,6,-1,-1,-1,7,3
200501KD50396,1,9,0,3,0,0,0,0,0,0,2,1,15,2,36,7,1299,1,7,6,1
200501KD50396,2,9,0,18,0,0,0,0,0,0,1,1,15,3,-1,-1,-1,-1,-1,-1,-1
200501KD50396,3,9,0,3,0,0,0,0,0,0,2,1,15,3,-1,-1,-1,-1,-1,-1,-1
200501KD50397,1,9,0,10,0,1,0,0,0,0,3,1,15,1,57,9,-1,-1,-1,8,1
200501KD50397,2,9,0,18,0,3,1,0,0,0,1,1,15,2,35,6,1996,1,11,5,1
200501KD50399,1,19,0,18,0,0,0,0,4,6,0,1,1,1,18,4,-1,-1,-1,9,3
200501KD50399,2,9,0,11,0,0,0,0,0,0,0,1,15,3,-1,-1,-1,-1,-1,-1,-1