Accident_Index,Vehicle_Reference,Vehicle_Type,Towing_and_Articulation,Vehicle_Manoeuvre,Vehicle_Location_Restricted_Lane,Junction_Location,Skidding_and_Overturning,Hit_Object_in_Carriageway,Vehicle_Leaving_Carriageway,Hit_Object_off_Carriageway,1st_Point_of_Impact,Was_Vehicle_Left_Hand_Drive?,Journey_Purpose_of_Driver,Sex_of_Driver,Age_of_Driver,Age_Band_of_Driver,Engine_Capacity_(CC),Propulsion_Code,Age_of_Vehicle,Driver_IMD_Decile,Driver_Home_Area_Type
200501KD50400,1,9,0,18,0,8,0,0,1,1,4,1,2,2,51,8,1299,1,2,5,1
200501KD50400,2,9,0,7,0,8,0,0,7,0,1,1,15,2,41,7,1781,1,7,-1,-1
200501KD50402,1,11,0,5,0,2,0,0,0,0,0,1,1,1,58,9,-1,2,13,-1,-1
200501KD50403,1,4,0,14,0,0,0,0,0,0,4,1,15,1,16,4,49,1,1,8,1
200501KD50403,2,19,0,6,0,0,0,0,0,0,3,1,15,1,-1,-1,1868,2,4,-1,-1
200501KD50404,1,9,0,18,0,0,0,0,0,0,1,1,15,1,25,5,1587,1,6,9,1
200501KD50404,2,9,0,2,0,0,0,0,0,0,2,1,15,1,-1,-1,1796,1,12,-1,-1
200501KD50405,1,19,0,4,0,1,0,0,0,0,2,1,15,1,51,8,-1,-1,-1,2,1
200501KD50405,2,9,0,4,0,1,0,0,0,0,2,1,15,2,47,8,1242,1,3,2,1
200501KD50405,3,9,0,18,0,1,0,0,0,0,1,1,15,2,40,7,1597,1,10,2,1
200501KD50406,1,11,0,18,0,8,0,0,1,0,1,1,1,1,23,5,5900,2,9,3,1
200501KD50406,2,20,0,1,0,8,0,0,7,0,4,1,1,1,30,6,5861,2,7,4,1
200501KD50407,1,9,0,10,0,8,0,0,0,0,3,1,15,1,48,8,1422,2,2,8,1
200501KD50407,2,4,0,18,0,8,0,0,0,0,1,1,15,1,33,6,198,1,4,-1,-1
200501KD50408,1,9,0,18,0,0,0,0,8,7,0,1,15,1,27,6,1796,1,4,3,1
200501KD50409,1,9,0,3,0,2,0,0,0,0,2,1,15,1,61,9,1391,1,9,8,1
200501KD50409,2,9,0,18,0,2,0,0,0,0,1,1,15,2,-1,-1,1299,1,4,-1,-1
200501KD50410,1,9,0,3,0,1,0,0,0,0,2,1,15,2,22,5,1299,1,4,-1,-1
200501KD50410,2,19,0,18,0,1,0,0,0,0,1,1,15,1,-1,-1,2494,2,10,-1,-1
200501KD50411,1,9,0,18,0,8,0,0,0,0,1,1,15,1,39,7,-1,-1,-1,3,1
200501KD50411,2,19,0,9,0,8,0,0,4,1,4,1,15,1,51,8,1997,2,1,-1,-1
200501KD50412,1,9,0,18,0,2,0,0,0,0,2,1,15,2,56,9,1895,1,4,10,1
200501KD50412,2,9,0,18,0,2,0,0,0,0,1,1,15,1,-1,-1,1360,1,5,-1,-1
200501KD50413,1,9,0,18,0,0,0,0,0,0,3,1,15,1,40,7,1769,1,4,3,1
200501KD50415,1,9,0,18,0,0,0,0,0,0,2,1,15,1,25,5,-1,-1,-1,-1,-1
200501KD50415,2,9,0,18,0,0,0,0,0,0,1,1,15,1,-1,-1,-1,-1,-1,-1,-1
200501KD50416,1,9,0,9,0,8,0,0,0,0,1,1,15,2,17,4,1299,1,1,10,1
200501KD50416,2,5,0,18,0,8,0,0,0,0,3,1,15,1,64,9,599,1,7,-1,-1
200501KD50417,1,9,0,18,0,2,0,0,0,0,4,1,15,1,20,4,1781,1,8,-1,-1
200501KD50417,2,9,0,18,0,2,0,0,0,0,1,1,15,1,38,7,1796,1,5,7,1
200501KD50418,1,9,0,1,0,0,0,0,0,0,2,1,15,1,84,11,1590,1,11,9,1
200501KD50419,1,9,0,9,0,2,0,0,0,0,4,1,15,1,41,7,-1,-1,-1,4,1
200501KD50419,2,9,0,18,0,2,0,0,0,0,1,1,15,1,44,7,2295,1,2,2,1
200501KD50420,1,9,0,18,0,0,0,0,0,0,2,1,15,1,29,6,1896,2,1,-1,-1
200501KD50420,2,9,0,18,0,0,0,0,0,0,1,1,15,2,34,6,1699,2,7,4,1
200501KD50420,3,9,0,18,0,0,0,0,0,0,3,1,15,1,42,7,1998,1,5,4,1
200501KD50421,1,90,0,18,0,1,0,0,0,0,4,1,1,1,42,7,5480,2,11,-1,-1
200501KD50423,1,9,0,18,0,8,0,0,0,0,1,1,15,1,50,8,1988,1,6,-1,-1
200501KD50423,2,9,0,9,0,8,0,0,7,1,4,1,15,1,29,6,1798,1,4,3,1
200501KD50425,1,2,0,18,0,0,0,0,0,0,1,1,15,3,-1,-1,-1,-1,-1,-1,-1
200501KD50426,1,9,0,18,0,0,0,0,0,0,1,1,15,1,-1,-1,2198,1,-1,-1,-1
200501KD50426,2,9,0,18,0,0,0,0,0,0,2,1,15,1,57,9,1995,2,-1,7,1
200501KD50427,1,9,0,16,0,8,0,10,0,0,3,1,15,1,24,5,-1,-1,-1,-1,-1
200501KD50427,2,9,0,17,0,8,0,0,0,0,4,1,15,2,54,8,1796,1,5,6,1
200501KD50428,1,9,0,18,0,8,0,0,1,0,4,1,15,1,19,4,-1,-1,-1,4,1
200501KD50428,2,90,0,18,0,8,0,0,0,0,1,1,15,3,-1,-1,-1,-1,-1,-1,-1
200501KD50429,1,9,0,12,0,1,0,0,1,7,4,1,15,2,52,8,999,1,4,10,1
200501KD50429,2,21,1,18,0,1,0,0,0,0,3,2,1,1,39,7,-1,-1,-1,-1,-1
200501KD50430,1,9,0,3,0,0,0,0,0,0,2,1,15,1,40,7,2497,1,-1,10,1
200501KD50430,2,19,0,18,0,0,0,0,0,0,1,1,15,1,-1,-1,-1,-1,-1,-1,-1
200501KD50431,1,9,0,18,0,8,0,0,0,0,3,1,15,2,60,9,1240,1,2,8,1
200501KD50431,2,1,0,18,0,8,0,0,0,0,1,1,15,1,15,3,-1,-1,-1,-1,-1
200501KD50432,1,9,0,4,0,3,0,0,0,0,1,1,15,1,20,4,1598,1,13,3,1
200501KD50432,2,9,0,4,0,3,0,0,0,0,2,1,15,2,26,6,1998,1,4,7,1
200501KD50433,1,9,0,3,0,0,0,0,0,0,2,1,15,1,68,10,-1,-1,-1,7,1
200501KD50433,2,9,0,18,0,0,0,0,0,0,1,1,15,2,-1,-1,-1,-1,-1,-1,-1
200501KD50434,1,9,0,18,0,3,0,0,0,0,1,1,15,2,43,7,796,1,6,6,1
200501KD50434,2,9,0,3,0,3,0,0,0,0,2,1,15,1,43,7,1753,2,2,8,1
200501KD50434,3,9,0,2,0,3,0,0,0,0,2,1,15,3,-1,-1,-1,-1,-1,-1,-1
200501KD50435,1,9,0,18,0,1,0,0,0,0,1,1,15,1,41,7,1794,1,11,2,1
200501KD50435,2,9,0,4,0,1,0,0,0,0,2,1,15,1,48,8,-1,-1,-1,-1,-1
200501KD50436,1,3,0,13,0,0,0,0,0,0,4,1,15,1,18,4,124,1,4,-1,-1
200501KD50436,2,9,0,9,0,0,0,0,0,0,3,1,15,2,44,7,1598,1,3,-1,-1
200501KD50437,1,3,0,4,0,0,0,0,0,0,2,1,15,1,58,9,-1,-1,-1,2,1
200501KD50437,2,9,0,18,0,0,0,0,0,0,1,1,15,1,-1,-1,-1,-1,-1,-1,-1
200501KD50438,1,9,0,18,0,0,2,0,0,0,2,1,15,3,-1,-1,1590,1,8,-1,-1
200501KD50438,2,9,0,18,0,0,0,0,0,0,2,1,15,2,36,7,1396,1,9,2,1
200501KD50438,3,9,0,18,0,0,0,0,0,0,1,1,15,1,19,4,-1,-1,-1,4,1
200501KD50439,1,11,0,18,0,1,0,0,0,0,0,1,1,1,34,6,8268,2,4,6,1
200501KD50439,2,9,0,13,0,1,0,0,0,0,0,1,15,3,-1,-1,-1,-1,-1,-1,-1
200501KD50440,1,90,0,7,0,8,0,7,1,10,3,1,1,1,42,7,-1,-1,-1,7,1
200501KD50440,2,19,0,6,0,8,0,7,1,10,3,1,15,1,31,6,2402,2,4,7,1
200501KD50441,1,11,0,4,0,0,0,0,0,0,4,1,1,1,61,9,8268,2,4,-1,-1
200501KD50442,1,9,0,18,0,8,0,0,0,0,1,1,15,1,54,8,1149,1,1,4,1
200501KD50442,2,3,0,9,0,8,0,0,3,0,3,1,15,1,17,4,124,1,-1,-1,-1
200501KD50443,1,9,0,18,0,1,1,0,0,0,3,1,15,1,66,10,-1,-1,-1,5,1
200501KD50444,1,90,0,18,0,3,0,0,0,0,1,1,15,1,76,11,2500,2,10,9,1
200501KD50445,1,9,0,1,0,8,0,0,0,0,2,1,15,1,-1,-1,-1,-1,-1,-1,-1
200501KD50447,1,19,0,4,0,3,0,0,0,0,2,1,15,1,25,5,2496,2,7,-1,-1
200501KD50447,2,9,0,4,0,3,0,0,0,0,1,1,15,2,29,6,1388,1,1,4,1
200501KD50448,1,9,0,4,0,3,0,0,0,0,2,1,15,2,19,4,1299,1,2,2,1
200501KD50448,2,9,0,18,0,3,0,0,0,0,1,1,15,2,-1,-1,-1,-1,-1,-1,-1
200501KD50449,1,9,0,18,0,0,0,0,0,0,4,1,15,1,24,5,-1,-1,-1,2,1
200501KD50450,1,9,0,18,0,0,0,0,0,0,1,1,15,2,40,7,1596,1,2,3,1
200501KD50451,1,3,0,18,0,0,0,0,1,0,0,1,15,1,34,6,125,1,-1,4,1
200501KD50452,1,3,0,18,0,3,0,0,0,0,1,1,15,1,35,6,-1,-1,-1,4,1
200501KD50452,2,9,0,11,0,3,0,0,0,0,3,1,15,1,32,6,999,1,12,-1,-1
200501KD50453,1,9,0,9,0,8,0,0,0,0,3,1,15,1,27,6,1596,1,11,6,1
200501KD50453,2,8,0,18,0,8,0,0,0,0,1,1,15,1,62,9,2664,2,6,-1,-1
200501KD50454,1,9,0,18,0,0,0,0,0,0,4,1,15,2,25,5,1124,1,7,7,1
200501KD50455,1,19,0,18,0,2,0,0,0,0,1,1,15,1,38,7,2402,2,-1,8,1
200501KD50456,1,11,0,3,0,1,0,0,0,0,0,1,1,1,24,5,4250,2,3,7,1
200501KD50457,1,3,0,18,0,0,0,0,0,0,4,1,15,1,21,5,124,1,1,4,1
200501KD50457,2,9,0,5,0,0,0,0,0,0,3,1,15,1,21,5,1500,1,11,4,1
200501KD50458,1,9,0,16,0,0,0,4,1,10,3,1,15,1,35,6,-1,-1,-1,4,1
200501KD50459,1,2,0,18,0,1,0,0,0,0,4,1,15,1,17,4,49,1,2,-1,-1
200501KD50460,1,9,0,9,0,5,0,0,0,0,2,1,15,2,-1,-1,998,1,-1,8,1
200501KD50460,2,1,0,18,0,1,0,0,0,0,1,1,15,1,-1,-1,-1,-1,-1,7,1
200501KD50461,1,21,0,18,0,2,1,0,0,0,1,1,15,1,40,7,12130,2,2,5,1
200501KD50462,1,9,0,3,0,0,0,0,0,0,2,1,15,1,32,6,1896,2,1,8,1
200501KD50462,2,9,0,3,0,0,0,0,0,0,2,1,15,2,41,7,1299,1,5,6,3
200501KD50462,3,9,0,18,0,0,0,0,0,0,1,1,15,2,46,8,-1,-1,-1,5,1
200501KD50463,1,3,0,17,0,8,0,0,0,0,1,1,15,1,33,6,124,1,5,3,1
200501KD50463,2,9,0,17,0,8,0,0,0,0,3,1,15,1,41,7,2410,1,13,2,1
200501KD50464,1,21,0,4,0,1,0,0,0,0,2,1,15,1,33,6,12130,2,1,-1,-1
200501KD50464,2,9,0,18,0,1,0,0,0,0,1,1,15,1,63,9,2295,1,7,3,1
200501KD50465,1,9,0,9,0,8,0,0,0,0,3,1,15,1,-1,-1,-1,-1,-1,5,1
200501KD50465,2,9,0,18,0,8,0,0,0,0,3,1,15,2,24,5,1149,1,3,1,1
200501KD50466,1,9,0,18,0,0,0,0,0,0,2,1,15,1,22,5,1341,1,8,2,1
200501KD50466,2,9,0,18,0,0,0,0,0,0,1,1,15,3,-1,-1,1998,1,9,-1,-1
200501KD50467,1,9,0,18,0,1,0,0,1,10,1,1,15,2,20,4,1299,1,6,8,1
200501KD50468,1,9,0,18,0,0,0,0,0,0,1,1,15,2,45,7,-1,-1,-1,-1,-1
200501KD50468,2,9,0,4,0,0,0,0,0,0,2,1,15,2,31,6,1795,1,5,10,1
200501KD50468,3,9,0,4,0,0,0,0,0,0,2,1,15,1,34,6,1598,1,3,9,1
200501KD50468,4,9,0,4,0,0,0,0,0,0,2,1,15,1,33,6,1761,1,4,-1,-1
200501KD50469,1,9,0,7,0,8,0,0,0,0,1,1,15,1,-1,-1,1999,1,-1,-1,-1
200501KD50469,2,9,0,8,0,8,0,0,0,0,2,1,15,2,51,8,1388,1,3,9,2
200501KD50470,1,3,0,18,0,1,0,0,0,0,1,1,2,1,37,7,124,1,1,4,1
200501KD50470,2,9,0,9,0,1,0,0,0,0,4,1,2,1,42,7,1753,2,6,1,1
200501KD50471,1,9,0,4,0,0,0,0,0,0,2,1,15,1,63,9,1388,1,3,10,1
200501KD50471,2,9,0,18,0,0,0,0,0,0,1,1,15,1,-1,-1,1798,1,3,-1,-1
200501KD50472,1,9,0,18,0,2,0,0,0,0,3,1,15,1,24,5,1984,1,9,6,1
200501KD50472,2,9,0,18,0,2,0,0,0,0,4,1,15,1,21,5,1731,1,8,7,1
200501KD50473,1,9,0,18,0,8,0,0,0,0,4,1,15,1,-1,-1,1299,1,7,-1,-1
200501KD50473,2,9,0,9,0,8,0,0,0,0,1,1,15,1,31,6,1905,2,9,3,1
200501KD50474,1,9,0,1,0,8,0,0,0,0,2,1,15,1,59,9,2685,2,3,-1,-1
200501KD50474,2,90,0,18,0,8,0,0,0,0,4,1,15,1,33,6,2776,2,2,-1,-1
200501KD50475,1,9,0,18,0,0,0,0,0,0,1,1,15,2,-1,-1,1998,1,4,4,1
200501KD50476,1,9,0,9,0,8,0,0,0,0,4,1,15,1,72,10,1119,1,12,9,1
200501KD50476,2,5,0,18,0,8,0,0,0,0,1,1,15,1,32,6,-1,-1,-1,-1,-1
200501KD50477,1,4,0,18,0,8,0,0,0,0,4,1,15,1,29,6,-1,-1,-1,7,1
200501KD50477,2,9,0,9,0,8,0,0,0,0,1,1,15,2,46,8,1895,1,6,8,1
200501KD50478,1,11,0,4,0,1,0,0,0,0,0,1,1,1,43,7,-1,2,8,10,1
200501KD50479,1,9,0,18,0,1,0,0,0,0,3,1,15,1,83,11,1343,1,1,2,1
200501KD50479,2,9,0,9,0,8,0,0,0,0,3,1,15,2,24,5,2198,1,10,5,1
200501KD50480,1,9,0,8,0,1,0,0,0,0,2,1,15,1,67,10,-1,-1,-1,2,1
200501KD50480,2,9,0,18,0,1,0,0,0,0,1,1,15,2,-1,-1,-1,-1,-1,-1,-1
200501KD50482,1,9,0,18,0,0,0,0,0,0,1,1,15,1,53,8,1995,2,4,-1,-1
200501KD50483,1,9,0,18,0,2,0,0,0,0,4,1,15,2,25,5,-1,-1,-1,8,1
200501KD50483,2,9,0,18,0,2,0,0,0,0,3,1,15,1,23,5,1796,1,9,2,1
200501KD50483,3,21,0,12,0,1,0,0,0,0,4,1,15,1,33,6,12130,2,2,1,1
200501KD50485,1,9,0,9,0,2,0,0,0,0,3,1,15,1,62,9,1597,1,9,-1,-1
200501KD50485,2,9,0,18,0,2,0,0,0,0,1,1,15,2,52,8,1149,1,6,9,1
200501KD50486,1,9,0,4,0,1,0,0,0,0,2,1,15,2,23,5,954,1,8,5,1
200501KD50486,2,21,0,18,0,1,0,0,0,0,1,1,15,1,-1,-1,-1,2,2,7,1
200501KD50487,1,9,0,18,0,0,0,10,4,6,2,1,15,1,41,7,-1,-1,-1,4,3
200501KD50487,2,21,1,18,0,0,0,0,0,0,1,1,15,1,32,6,-1,-1,-1,-1,-1
200501KD50488,1,19,0,7,0,6,0,0,0,0,2,1,15,2,29,6,1298,1,1,2,1
200501KD50488,2,20,0,11,0,6,0,0,0,0,1,1,15,1,46,8,-1,2,5,7,2
200501KD50489,1,1,0,18,0,8,0,0,0,0,3,1,15,1,19,4,-1,-1,-1,8,1
200501KD50489,2,9,0,9,0,8,0,0,0,0,1,1,15,1,-1,-1,-1,-1,-1,-1,-1
200501KD50490,1,9,0,14,0,3,0,0,0,0,4,1,15,1,-1,-1,998,1,1,-1,-1
200501KD50491,1,8,0,3,0,1,0,0,0,0,2,1,1,1,47,8,2402,2,1,7,1
200501KD50491,2,9,0,18,0,1,0,0,0,0,1,1,15,2,-1,-1,1390,1,5,9,1
200501KD50492,1,11,0,5,0,0,0,0,0,0,0,1,1,1,37,7,-1,2,5,1,1
200501KD50493,1,20,0,18,0,8,0,0,0,0,1,1,15,2,21,5,-1,-1,-1,6,1
200501KD50493,2,9,0,2,0,8,0,10,7,0,1,1,15,3,-1,-1,1598,1,6,-1,-1
200501KD50494,1,9,0,18,0,8,0,0,0,0,3,1,15,2,21,5,1240,1,-1,3,1
200501KD50494,2,9,0,9,0,8,0,0,0,0,1,1,15,2,51,8,1497,1,5,4,1
200501KD50495,1,9,0,18,0,8,0,0,0,0,4,1,15,2,55,8,-1,-1,-1,4,1
200501KD50495,2,9,0,9,0,8,0,0,0,0,4,1,15,1,57,9,-1,-1,-1,2,1
200501KD50496,1,19,0,18,0,1,0,0,0,0,1,1,15,1,25,5,1998,2,2,-1,-1
200501KD50496,2,9,0,4,0,1,0,0,0,0,2,1,15,2,21,5,-1,-1,-1,10,1
200501KD50497,1,9,0,4,0,2,0,0,0,0,2,1,15,2,56,9,1984,1,3,9,2
200501KD50497,2,9,0,18,0,2,0,0,0,0,1,1,15,1,21,5,1495,1,8,3,1
200501KD50499,1,9,0,4,0,1,0,0,0,0,2,1,15,2,72,10,1118,1,13,8,1
200501KD50499,2,9,0,18,0,1,0,0,0,0,1,1,15,2,21,5,1119,1,10,10,1
200501KD50500,1,9,0,18,0,1,0,0,0,0,1,1,15,1,30,6,1242,1,3,5,1
200501KD50500,2,9,0,9,0,1,0,0,0,0,2,1,15,1,37,7,-1,-1,-1,6,1
200501KD50501,1,9,0,18,0,1,0,0,0,0,1,1,15,1,35,6,1388,1,1,6,1
200501KD50501,2,9,0,4,0,1,0,0,0,0,2,1,15,1,47,8,1108,1,11,4,1
200501KD50502,1,9,0,9,0,8,0,0,0,0,4,1,15,2,25,5,998,1,3,7,1
200501KD50502,2,9,0,18,0,1,0,0,0,0,1,1,15,2,18,4,1124,1,5,5,1
200501KD50503,1,9,0,2,0,0,0,4,0,0,1,1,15,2,55,8,1388,1,3,7,1
200501KD50503,2,9,0,1,0,0,0,0,0,0,2,1,15,2,-1,-1,998,1,11,-1,-1
200501KD50504,1,19,0,18,0,8,0,0,0,0,1,1,15,1,39,7,2151,2,3,10,1
200501KD50504,2,9,0,18,0,8,0,0,0,0,2,1,15,1,23,5,1390,1,11,4,1
200501KD50505,1,9,0,10,0,1,0,0,0,0,2,1,15,1,33,6,1388,1,1,3,1
200501KD50505,2,9,0,18,0,1,0,0,0,0,1,1,15,1,23,5,-1,-1,-1,3,1
200501KD50506,1,5,0,18,0,8,0,0,0,0,2,1,15,1,-1,-1,748,1,7,8,3
200501KD50506,2,9,0,18,0,8,0,0,0,0,1,1,15,2,24,5,1599,1,2,3,1
200501KD50507,1,11,0,18,0,8,0,0,0,0,0,1,1,2,43,7,3900,2,2,-1,-1
200501KD50508,1,9,0,18,0,0,0,0,0,0,4,1,15,1,55,8,1597,1,8,1,1
200501KD50508,2,21,1,12,0,0,0,0,0,0,3,2,15,1,39,7,-1,-1,-1,-1,-1
200501KD50509,1,9,0,3,0,0,0,0,0,0,2,1,15,2,56,9,1242,1,4,8,1
200501KD50509,2,9,0,4,0,0,0,0,0,0,2,1,15,1,65,9,1597,1,11,4,1
200501KD50509,3,9,0,18,0,0,0,0,0,0,1,1,15,2,65,9,1796,1,3,8,1
200501KD50510,1,9,0,18,0,1,0,0,0,0,3,1,15,2,20,4,-1,-1,-1,9,1
200501KD50510,2,9,0,18,0,1,0,0,0,0,4,1,1,1,-1,-1,1686,2,-1,1,1
200501KD50511,1,9,0,17,0,3,0,0,0,0,1,1,15,1,46,8,-1,-1,-1,-1,-1
200501KD50511,2,9,0,16,0,1,1,0,0,0,1,1,15,2,32,6,-1,-1,-1,-1,-1
200501KD50513,1,9,0,18,0,1,0,0,0,0,3,1,15,1,24,5,-1,-1,-1,3,1
200501KD50514,1,9,0,18,0,1,1,0,0,0,1,1,15,1,28,6,-1,-1,-1,-1,-1
200501KD50514,2,9,0,3,0,1,0,0,0,0,2,1,15,2,33,6,1994,1,7,8,1
200501KD50515,1,9,0,18,0,0,0,0,0,0,0,1,15,1,38,7,1998,1,4,-1,-1
200501KD50516,1,2,0,14,0,8,0,0,0,0,4,1,15,1,20,4,49,1,6,5,1
200501KD50516,2,9,0,9,0,8,0,0,0,0,1,1,15,2,27,6,1796,1,2,10,1
200501KD50517,1,9,0,18,0,0,0,0,0,0,1,1,15,2,19,4,1149,1,3,6,1
200501KD50518,1,9,0,18,0,1,0,10,1,4,4,1,15,2,22,5,1598,1,7,3,1
200501KD50519,1,9,0,3,0,8,0,0,0,0,2,1,15,2,37,7,1595,1,15,2,1
200501KD50519,2,9,0,18,0,8,0,0,0,0,1,1,15,1,-1,-1,1390,1,11,-1,-1
200501KD50520,1,9,0,9,0,2,0,0,0,0,1,1,15,2,32,6,-1,-1,-1,6,1
200501KD50520,2,9,0,18,0,2,0,0,0,0,4,1,15,2,71,10,1396,1,11,3,1
200501KD50521,1,9,0,18,0,8,0,0,0,0,1,1,15,2,28,6,1117,1,17,-1,-1
200501KD50521,2,1,0,9,0,8,0,0,0,0,4,1,15,1,10,2,-1,-1,-1,1,1
200501KD50522,1,9,0,18,0,7,0,0,0,0,4,1,15,2,41,7,1229,1,-1,9,1
200501KD50522,2,9,0,17,0,8,0,0,0,0,1,1,15,1,-1,-1,1596,1,1,-1,-1
200501KD50522,3,5,0,18,0,8,0,0,0,0,3,1,15,1,-1,-1,-1,-1,-1,-1,-1
200501KD50524,1,9,0,3,0,8,0,0,0,0,2,1,15,2,34,6,1988,1,6,-1,-1
200501KD50524,2,9,0,4,0,8,0,0,0,0,1,1,15,2,-1,-1,-1,-1,-1,2,1
200501KD50525,1,9,0,7,0,8,0,0,0,0,4,1,15,2,29,6,-1,-1,-1,3,1
200501KD50525,2,1,0,7,0,8,0,0,0,0,3,1,15,1,-1,-1,-1,-1,-1,-1,-1
200501KD50526,1,9,0,18,0,0,0,7,0,0,4,1,15,1,52,8,-1,-1,-1,1,1
200501KD50526,2,9,0,18,0,0,0,1,0,0,1,1,15,1,49,8,2902,2,3,5,1
200501KD50527,1,9,0,3,0,1,0,0,0,0,2,1,15,1,54,8,998,1,2,5,1
200501KD50527,2,9,0,18,0,1,0,0,0,0,1,1,15,3,-1,-1,-1,-1,-1,-1,-1
200501KD50528,1,9,0,5,0,8,0,0,0,0,3,1,15,1,46,8,1288,1,18,7,1
200501KD50528,2,5,0,17,0,8,0,0,0,0,1,1,15,2,31,6,-1,-1,-1,3,1
200501KD50529,1,9,0,4,0,1,0,0,0,0,2,1,15,2,38,7,903,1,17,1,1
200501KD50529,2,9,0,18,0,1,0,0,0,0,2,1,15,1,69,10,1796,1,4,7,1
200501KD50529,3,9,0,18,0,1,0,0,0,0,1,1,15,2,40,7,1596,1,18,8,1
200501KD50530,1,9,0,18,0,2,0,10,1,2,1,1,15,1,26,6,1598,1,1,3,1
200501KD50531,1,5,0,18,0,0,1,0,0,0,0,1,15,1,49,8,-1,-1,-1,-1,-1
200501KD50532,1,9,0,18,0,0,0,0,0,0,1,1,15,1,51,8,-1,-1,-1,7,1
200501KD50534,1,9,0,4,0,1,0,0,0,0,2,1,15,2,45,7,2495,2,8,8,1
200501KD50534,2,21,1,18,0,1,0,0,0,0,1,1,15,1,44,7,-1,-1,-1,6,1
200501KD50535,1,11,0,9,0,8,0,0,0,0,3,1,1,1,47,8,4250,2,3,9,1
200501KD50535,2,3,0,13,0,8,0,0,0,0,1,1,15,1,27,6,125,1,1,-1,-1
200501KD50536,1,9,0,9,0,1,0,0,0,0,1,1,15,2,19,4,1299,1,8,2,1
200501KD50536,2,9,0,18,0,1,0,0,0,0,4,1,15,1,-1,-1,1119,1,11,-1,-1
200501KD50537,1,19,0,18,0,1,1,0,0,0,1,1,15,2,21,5,1686,2,11,8,1
200501KD50537,2,19,0,9,0,1,0,0,0,0,4,1,15,1,22,5,-1,-1,-1,5,1
200501KD50538,1,5,0,18,0,1,0,0,0,0,4,1,15,1,28,6,749,1,5,-1,-1
200501KD50538,2,9,0,9,0,1,0,0,0,0,1,1,15,3,-1,-1,998,1,2,-1,-1
200501KD50539,1,4,0,18,0,0,0,0,0,0,4,1,15,3,-1,-1,-1,-1,-1,-1,-1
200501KD50540,1,9,0,18,0,1,0,0,0,0,1,1,15,1,-1,-1,-1,-1,-1,-1,-1
200501KD50540,2,9,0,3,0,1,2,0,0,0,2,1,15,1,22,5,1149,1,2,7,1
200501KD50541,1,9,0,18,0,8,0,0,0,0,4,1,15,1,26,6,1349,1,1,10,1
200501KD50541,2,9,0,9,0,8,0,0,0,0,4,1,15,1,74,10,1597,1,9,-1,-1
200501KD50542,1,9,0,18,0,8,0,0,0,0,1,1,15,1,17,4,999,1,9,8,1
200501KD50544,1,9,0,9,0,8,0,0,0,0,1,1,15,2,21,5,-1,-1,-1,4,1
200501KD50544,2,9,0,18,0,8,0,0,0,0,4,1,15,1,-1,-1,1389,1,4,2,1
200501KD50545,1,9,0,18,0,1,0,0,0,0,2,1,15,2,29,6,1198,1,1,10,1
200501KD50545,2,9,0,18,0,1,0,0,0,0,1,1,15,1,-1,-1,1753,2,3,-1,-1
200501KD50546,1,4,0,15,0,0,0,0,0,0,4,1,2,1,17,4,-1,-1,-1,9,1
200501KD50547,1,9,0,7,0,8,0,0,0,0,2,1,15,2,38,7,1587,1,-1,6,1
200501KD50547,2,9,0,18,0,8,0,0,0,0,1,1,15,2,19,4,-1,-1,-1,5,1
200501KD50548,1,90,0,11,0,0,0,0,0,0,4,1,15,1,35,6,2800,2,2,9,3
200501KD50548,2,9,0,18,0,0,0,0,0,0,3,1,15,1,59,9,1461,2,-1,7,1
200501KD50549,1,9,0,16,0,1,0,0,0,0,2,1,15,1,43,7,1998,1,3,1,2
200501KD50549,2,9,0,16,0,1,0,0,0,0,2,1,15,1,-1,-1,1598,1,12,-1,-1
200501KD50549,3,19,0,16,0,1,0,0,0,0,1,1,15,1,-1,-1,2496,2,9,-1,-1
200501KD50550,1,11,0,18,0,1,0,0,0,0,0,1,15,1,32,6,8268,2,4,-1,-1
200501KD50551,1,9,0,18,0,0,0,0,0,0,1,1,15,1,38,7,1896,2,-1,4,1
200501KD50551,2,19,0,18,0,0,0,0,0,0,1,1,15,1,-1,-1,-1,-1,-1,-1,-1
200501KD50552,1,9,0,3,0,1,0,0,0,0,2,1,15,2,31,6,1124,1,14,8,1
200501KD50552,2,9,0,18,0,1,0,0,0,0,1,1,15,1,25,5,1761,1,5,2,1
200501KD50553,1,9,0,18,0,0,0,0,0,0,1,1,2,1,55,8,1527,2,11,2,1
200501KD50554,1,11,0,5,0,1,0,0,0,0,0,1,15,1,-1,-1,7300,2,2,-1,-1
200501KD50555,1,9,0,18,0,1,0,0,0,0,4,1,15,1,-1,-1,2544,1,7,-1,-1
200501KD50556,1,11,0,9,0,8,0,0,0,0,3,1,15,1,26,6,8268,2,5,2,1
200501KD50557,1,9,0,8,0,1,0,0,0,0,2,1,15,1,36,7,1596,1,4,7,1