Accident_Index,Vehicle_Reference,Vehicle_Type,Towing_and_Articulation,Vehicle_Manoeuvre,Vehicle_Location_Restricted_Lane,Junction_Location,Skidding_and_Overturning,Hit_Object_in_Carriageway,Vehicle_Leaving_Carriageway,Hit_Object_off_Carriageway,1st_Point_of_Impact,Was_Vehicle_Left_Hand_Drive?,Journey_Purpose_of_Driver,Sex_of_Driver,Age_of_Driver,Age_Band_of_Driver,Engine_Capacity_(CC),Propulsion_Code,Age_of_Vehicle,Driver_IMD_Decile,Driver_Home_Area_Type
200501KD50557,2,9,0,18,0,1,0,0,0,0,1,1,15,1,-1,-1,2198,1,-1,7,1
200501KD50558,1,9,0,3,0,1,0,0,0,0,2,1,15,2,25,5,1242,1,9,4,1
200501KD50558,2,9,0,18,0,1,0,0,0,0,1,1,15,1,-1,-1,-1,-1,-1,-1,-1
200501KD50559,1,9,0,9,0,6,0,0,0,0,4,1,15,1,49,8,-1,-1,-1,10,2
200501KD50559,2,5,0,18,0,1,0,0,0,0,1,1,15,1,37,7,645,1,1,8,1
200501KD50560,1,9,0,7,0,1,0,0,0,0,2,1,15,1,41,7,-1,-1,-1,-1,-1
200501KD50560,2,11,0,18,0,1,0,0,0,0,1,1,1,1,54,8,-1,-1,-1,7,1
200501KD50561,1,9,0,18,0,0,0,0,0,0,1,1,15,2,54,8,1753,2,8,-1,-1
200501KD50562,1,9,0,10,0,1,0,0,0,0,2,1,15,2,29,6,2400,2,13,3,3
200501KD50562,2,9,0,18,0,1,0,0,0,0,1,1,15,3,-1,-1,-1,-1,-1,-1,-1
200501KD50563,1,9,0,4,0,0,0,0,0,0,2,1,15,2,32,6,1299,1,11,6,1
200501KD50563,2,19,0,18,0,0,0,0,0,0,1,1,15,1,-1,-1,2299,2,9,-1,-1
200501KD50564,1,9,0,18,0,1,0,0,0,0,4,1,15,1,45,7,2497,2,12,1,1
200501KD50564,2,9,0,18,0,1,0,0,0,0,1,1,15,1,45,7,1753,2,10,7,1
200501KD50566,1,9,0,5,0,8,0,0,0,0,1,1,15,2,22,5,1299,1,7,8,1
200501KD50566,2,9,0,4,0,8,0,0,0,0,2,1,15,1,-1,-1,1996,1,9,5,1
200501KD50568,1,9,0,18,0,0,0,0,0,0,1,1,15,1,18,4,-1,-1,-1,4,1
200501KD50569,1,9,0,4,0,0,0,0,0,0,2,1,15,1,32,6,1753,2,5,8,1
200501KD50569,2,9,0,18,0,0,0,0,0,0,1,1,15,1,-1,-1,1997,2,2,3,1
200501KD50570,1,11,0,4,0,0,0,0,0,0,0,1,1,1,32,6,3900,2,2,9,1
200501KD50571,1,11,0,18,0,0,0,0,0,0,1,1,15,1,35,6,-1,-1,-1,3,1
200501KD50572,1,9,0,18,0,0,0,0,0,0,3,1,15,1,20,4,1700,2,10,8,1
200501KD50572,2,19,0,11,0,0,0,0,0,0,4,1,15,1,50,8,2400,2,15,-1,-1
200501KD50573,1,9,0,18,0,0,0,0,0,0,3,1,15,1,41,7,1796,1,2,8,1
200501KD50573,2,21,0,11,0,0,0,0,0,0,4,2,1,1,47,8,-1,-1,-1,-1,-1
200501KD50574,1,11,0,4,0,1,0,0,0,0,0,1,15,1,51,8,8268,2,3,-1,-1
200501KD50575,1,9,0,18,0,8,0,0,0,0,1,1,15,1,19,4,1296,1,10,4,1
200501KD50575,2,9,0,9,0,8,0,0,0,0,4,1,15,1,42,7,1895,1,6,7,1
200501KD50576,1,9,0,18,0,1,0,0,0,0,1,1,15,2,26,6,1896,2,1,3,1
200501KD50576,2,9,0,10,0,1,0,0,0,0,2,1,15,2,60,9,1796,1,7,10,1
200501KD50577,1,9,0,2,0,0,0,0,0,0,3,1,15,1,51,8,1597,1,16,7,1
200501KD50577,2,2,0,18,0,0,0,0,0,0,1,1,15,1,17,4,49,1,3,-1,-1
200501KD50578,1,11,0,7,0,8,0,0,0,0,0,1,1,1,27,6,-1,-1,-1,7,1
200501KD50579,1,9,0,18,0,8,1,0,0,0,1,1,15,1,19,4,1796,1,7,3,1
200501KD50579,2,19,0,2,0,8,0,0,0,0,3,1,15,1,46,8,-1,-1,-1,7,1
200501KD50580,1,5,0,18,0,0,0,0,0,0,0,1,15,1,44,7,1137,1,5,8,1
200501KD50581,1,9,0,4,0,0,0,0,0,0,2,1,15,1,67,10,1597,1,6,7,1
200501KD50581,2,9,0,4,0,0,0,0,0,0,2,1,15,2,40,7,-1,-1,-1,-1,-1
200501KD50581,3,9,0,18,0,0,0,0,0,0,1,1,15,1,23,5,-1,-1,-1,5,1
200501KD50582,1,9,0,9,0,8,0,0,0,0,3,1,15,1,73,10,-1,-1,-1,-1,-1
200501KD50582,2,9,0,18,0,8,0,0,0,0,1,1,15,1,40,7,-1,-1,-1,4,1
200501KD50583,1,9,0,17,0,0,1,0,0,0,3,1,15,2,24,5,-1,-1,-1,4,1
200501KD50584,1,9,0,7,0,8,0,0,0,0,2,1,15,2,21,5,1199,1,1,7,1
200501KD50584,2,9,0,18,0,1,0,0,0,0,1,1,15,1,-1,-1,4008,1,8,8,1
200501KD50585,1,9,0,18,0,8,0,0,0,0,3,1,15,1,42,7,1597,1,6,5,2
200501KD50585,2,9,0,9,0,8,0,0,0,0,1,1,15,2,47,8,1119,1,10,4,1
200501KD50586,1,9,0,18,0,3,0,0,1,0,3,1,15,1,38,7,-1,-1,-1,7,1
200501KD50586,2,9,0,18,0,1,0,0,0,0,1,1,15,1,-1,-1,1970,1,8,-1,-1
200501KD50588,1,9,0,3,0,1,0,0,0,0,2,1,15,1,24,5,1597,1,4,4,1
200501KD50588,2,9,0,18,0,1,0,0,0,0,1,1,15,2,-1,-1,2926,2,2,7,1
200501KD50589,1,9,0,4,0,0,0,0,0,0,2,1,15,2,55,8,1781,1,8,7,1
200501KD50589,2,19,0,18,0,0,0,0,0,0,1,1,15,1,26,6,-1,-1,-1,-1,-1
200501KD50590,1,9,0,9,0,8,0,0,0,0,1,1,15,2,25,5,995,1,1,-1,-1
200501KD50590,2,5,0,16,0,8,0,0,0,0,1,1,15,1,51,8,1050,1,-1,-1,-1
200501KD50591,1,3,0,13,0,8,0,0,0,0,1,1,15,1,20,4,124,1,-1,-1,-1
200501KD50591,2,8,0,9,0,8,0,0,0,0,3,1,15,1,41,7,9999,2,17,4,1
200501KD50592,1,9,0,18,0,8,0,0,0,0,1,1,15,1,52,8,1910,2,1,4,1
200501KD50592,2,9,0,18,0,8,0,0,0,0,3,1,15,1,-1,-1,1596,1,-1,-1,-1
200501KD50593,1,9,0,18,0,8,0,0,0,0,1,1,15,1,32,6,1781,1,9,5,1
200501KD50593,2,9,0,9,0,8,0,0,0,0,1,1,15,2,28,6,1392,1,14,4,1
200501KD50594,1,9,0,18,0,1,1,0,0,0,1,1,2,1,33,6,1595,1,16,1,1
200501KD50594,2,9,0,9,0,1,0,0,1,0,1,1,2,2,42,7,1985,1,10,2,1
200501KD50594,3,9,0,10,0,1,0,0,0,0,1,1,2,2,37,7,-1,-1,-1,10,1
200501KD50597,1,9,0,18,0,1,1,10,1,4,-1,1,15,2,72,10,1951,2,2,9,1
200501KD50597,2,9,0,18,0,1,0,0,0,0,1,1,2,1,43,7,1998,1,5,3,1
200501KD50598,1,9,0,18,0,0,0,0,0,0,1,1,15,1,25,5,1149,1,-1,8,1
200501KD50598,2,9,0,18,0,0,0,0,0,0,2,1,15,1,30,6,2496,1,-1,8,3
200501KD50599,1,11,0,18,0,2,0,0,0,0,1,1,15,1,53,8,3900,2,2,2,1
200501KD50600,1,9,0,18,0,1,0,0,0,0,1,1,15,1,43,7,1242,1,7,3,1
200501KD50601,1,11,0,18,0,1,0,0,0,0,1,1,15,1,31,6,3900,2,2,-1,-1
200501KD50603,1,9,0,18,0,0,0,0,0,0,1,1,15,1,48,8,1590,1,11,-1,-1
200501KD50603,2,1,0,18,0,0,0,0,0,0,3,1,15,1,16,4,-1,-1,-1,-1,-1
200501KD50604,1,19,0,18,0,0,0,0,0,0,4,1,15,1,38,7,1753,2,-1,10,1
200501KD50605,1,9,0,9,0,1,0,0,0,0,3,2,15,2,48,8,-1,-1,-1,-1,-1
200501KD50605,2,9,0,18,0,1,0,0,0,0,4,1,15,1,22,5,1896,2,12,9,3
200501KD50607,1,9,0,18,0,0,0,0,0,0,1,1,15,1,18,4,-1,-1,-1,7,1
200501KD50607,2,19,0,4,0,0,0,0,0,0,2,1,15,1,47,8,2953,2,1,2,1
200501KD50607,3,9,0,4,0,0,0,0,0,0,2,1,15,2,24,5,1242,1,2,4,1
200501KD50607,4,9,0,4,0,0,0,0,0,0,2,1,15,2,29,6,1299,1,5,3,1
200501KD50608,1,9,0,1,9,2,0,0,0,0,2,1,15,1,64,9,1985,1,7,9,1
200501KD50608,2,1,0,18,9,1,0,0,0,0,1,1,15,1,45,7,-1,-1,-1,8,1
200501KD50609,1,9,0,18,0,8,0,0,0,0,1,1,15,1,19,4,-1,-1,-1,4,1
200501KD50609,2,9,0,9,0,8,0,0,0,0,3,1,15,1,44,7,1998,1,3,3,1
200501KD50610,1,9,0,18,0,8,0,0,0,0,3,1,15,2,35,6,796,1,5,1,1
200501KD50610,2,9,0,18,0,8,0,0,0,0,1,1,15,1,32,6,-1,-1,-1,-1,-1
200501KD50611,1,2,0,18,0,2,0,0,0,0,2,1,15,1,16,4,49,1,2,9,1
200501KD50611,2,9,0,18,0,2,0,0,0,0,1,1,15,1,-1,-1,-1,-1,-1,-1,-1
200501KD50612,1,9,5,9,0,8,5,0,0,0,3,1,15,1,-1,-1,-1,-1,-1,-1,-1
200501KD50613,1,9,0,10,0,1,0,0,0,0,2,1,15,1,25,5,1597,1,10,5,1
200501KD50613,2,9,0,18,0,1,0,0,0,0,1,1,15,2,-1,-1,1587,1,-1,-1,-1
200501KD50614,1,9,0,18,0,8,0,0,0,0,3,1,15,1,31,6,1392,1,14,9,1
200501KD50614,2,19,0,18,0,8,0,0,0,0,3,1,15,3,-1,-1,-1,-1,-1,-1,-1
200501KD50615,1,19,0,4,0,0,0,0,0,0,2,1,15,1,41,7,1998,2,5,6,1
200501KD50615,2,9,0,18,0,0,0,0,0,0,1,1,15,2,-1,-1,-1,-1,-1,-1,-1
200501KD50616,1,9,0,3,0,1,0,0,0,0,2,1,15,1,18,4,-1,-1,-1,2,1
200501KD50616,2,9,0,18,0,1,0,0,0,0,1,1,15,2,38,7,1299,1,10,2,1
200501KD50617,1,3,0,18,0,3,0,0,0,0,1,1,15,1,52,8,124,1,4,2,1
200501KD50617,2,9,0,18,0,1,0,0,0,0,3,1,15,1,32,6,1796,1,5,2,1
200501KD50618,1,11,0,3,0,0,0,0,0,0,0,1,15,1,54,8,-1,2,4,5,1
200501KD50619,1,9,0,18,0,1,0,0,0,0,3,1,15,2,-1,-1,-1,-1,-1,-1,-1
200501KD50619,2,1,0,18,0,1,0,0,0,0,1,1,15,1,-1,-1,-1,-1,-1,8,1
200501KD50619,3,1,0,18,0,1,0,0,0,0,1,1,15,1,-1,-1,-1,-1,-1,8,1
200501KD50620,1,11,0,5,0,1,0,0,0,0,0,1,15,1,57,9,8268,2,4,4,1
200501KD50621,1,9,0,9,0,8,0,0,0,0,3,1,15,1,76,11,1598,1,3,5,1
200501KD50621,2,9,0,18,0,8,0,0,0,0,1,1,15,1,72,10,1597,1,14,8,1
200501KD50622,1,9,0,10,0,8,0,0,0,0,2,1,15,1,17,4,1171,1,9,9,1
200501KD50622,2,8,0,18,0,8,0,0,0,0,1,1,15,1,-1,-1,-1,-1,-1,-1,-1
200501KD50623,1,9,0,18,0,8,0,0,0,0,1,1,15,2,-1,-1,3960,1,7,3,1
200501KD50623,2,19,0,9,0,8,0,0,0,0,4,1,15,1,32,6,2370,2,7,6,1
200501KD50624,1,9,0,18,0,2,0,0,0,0,1,1,15,1,20,4,1796,1,-1,7,1
200501KD50624,2,9,0,6,0,2,0,0,0,0,3,1,15,1,30,6,899,1,10,-1,-1
200501KD50625,1,9,0,4,0,0,0,0,0,0,1,1,15,1,28,6,1796,1,5,10,1
200501KD50625,2,9,0,4,0,0,0,0,0,0,2,1,15,1,-1,-1,1998,1,1,6,1
200501KD50625,3,9,0,4,0,0,0,0,0,0,1,1,15,2,26,6,1242,1,5,3,1
200501KD50626,1,9,0,18,0,8,0,0,0,0,1,1,15,1,36,7,998,1,8,7,1
200501KD50626,2,9,0,9,0,8,0,0,0,0,3,1,15,2,25,5,954,1,8,7,1
200501KD50627,1,21,1,18,0,0,0,0,0,0,1,2,1,1,-1,-1,-1,-1,-1,-1,-1
200501KD50627,2,9,0,4,0,0,0,0,0,0,2,1,15,1,23,5,1587,2,10,2,1
200501KD50628,1,19,0,5,0,1,0,0,0,0,1,1,15,1,41,7,1998,2,2,4,1
200501KD50628,2,19,0,9,0,1,0,0,0,0,1,1,15,1,24,5,2151,2,4,3,1
200501KD50629,1,21,0,2,6,0,0,10,1,9,2,1,15,1,30,6,6871,2,7,2,2
200501KD50629,2,21,0,11,0,0,0,0,0,0,1,1,15,1,59,9,11600,2,9,-1,-1
200501KD50631,1,19,0,2,0,0,0,0,0,0,3,1,1,3,-1,-1,1998,2,-1,-1,-1
200501KD50631,2,9,0,18,0,0,0,0,0,0,4,1,15,2,28,6,1599,1,-1,10,1
200501KD50632,1,9,0,18,0,2,0,0,0,0,1,1,15,1,-1,-1,-1,-1,-1,-1,-1
200501KD50633,1,9,0,11,0,8,0,0,0,0,4,1,15,1,19,4,1389,1,7,-1,-1
200501KD50633,2,21,4,12,0,8,0,0,0,0,3,1,15,1,22,5,-1,-1,-1,-1,-1
200501KD50634,1,9,0,18,0,1,1,0,0,0,4,1,15,1,29,6,-1,-1,-1,3,1
200501KD50634,2,9,0,18,0,2,0,0,0,0,3,1,15,1,46,8,-1,-1,-1,10,1
200501KD50635,1,9,0,3,0,2,0,0,0,0,2,1,15,1,33,6,1360,1,4,10,1
200501KD50635,2,19,0,7,0,2,0,0,0,0,1,1,15,1,49,8,1753,2,5,10,1
200501KD50636,1,9,0,2,0,1,0,0,0,0,2,1,15,1,40,7,-1,-1,-1,9,3
200501KD50636,2,9,0,18,0,1,1,0,0,0,1,1,15,1,20,4,1242,1,4,8,1
200501KD50637,1,19,0,9,0,1,0,0,0,0,1,1,15,1,43,7,2151,2,4,-1,-1
200501KD50637,2,9,0,18,0,1,0,0,0,0,3,1,15,2,52,8,3200,2,5,-1,-1
200501KD50638,1,9,0,13,0,0,0,10,5,6,4,1,15,1,35,6,1118,1,13,1,1
200501KD50638,2,21,1,18,0,0,0,0,0,0,2,1,15,3,-1,-1,-1,-1,-1,-1,-1
200501KD50639,1,19,0,3,0,0,0,0,0,0,2,1,15,1,44,7,-1,-1,-1,1,1
200501KD50639,2,9,0,3,0,0,0,0,0,0,2,1,15,2,64,9,1360,1,3,6,1
200501KD50639,3,9,0,3,0,0,0,0,0,0,2,1,15,2,26,6,1989,1,5,7,1
200501KD50639,4,9,0,4,0,0,0,0,0,0,1,1,15,3,-1,-1,1998,1,-1,-1,-1
200501KD50640,1,9,0,18,0,0,0,0,0,0,4,1,15,1,54,8,-1,-1,-1,6,1
200501KD50641,1,9,0,7,0,1,0,0,0,0,1,1,15,1,23,5,1149,1,4,2,1
200501KD50641,2,1,0,18,0,1,0,0,0,0,4,1,15,1,37,7,-1,-1,-1,2,1
200501KD50642,1,5,0,18,0,1,0,0,0,0,1,1,15,1,52,8,1199,1,2,7,1
200501KD50642,2,9,0,7,0,1,0,0,0,0,4,1,15,1,-1,-1,1390,1,6,3,1
200501KD50643,1,9,0,4,0,8,0,0,0,0,2,1,15,1,28,6,-1,-1,-1,8,1
200501KD50643,2,9,0,4,0,8,0,0,0,0,1,1,15,2,24,5,1299,1,3,5,2
200501KD50644,1,9,0,18,0,0,1,0,1,1,1,1,15,2,21,5,1149,1,2,5,1
200501KD50645,1,9,0,1,0,0,0,0,0,0,2,1,15,1,62,9,1590,1,3,10,1
200501KD50645,2,9,0,18,0,0,0,0,0,0,1,1,15,2,-1,-1,-1,-1,-1,-1,-1
200501KD50646,1,9,0,18,0,1,1,0,0,0,3,1,15,1,26,6,-1,-1,-1,1,1
200501KD50646,2,9,0,9,0,8,0,0,0,0,4,1,15,2,41,7,1796,1,5,7,1
200501KD50648,1,9,0,18,0,1,5,0,0,0,3,1,15,1,67,10,1769,1,15,1,1
200501KD50648,2,19,0,2,0,2,0,0,0,0,3,1,15,1,36,7,1998,2,3,9,1
200501KD50649,1,2,0,13,0,1,0,0,0,0,4,1,15,1,16,4,49,1,2,10,1
200501KD50649,2,9,0,9,0,1,0,0,0,0,3,1,15,1,39,7,1600,1,6,10,1
200501KD50650,1,5,0,4,0,1,0,0,0,0,2,1,15,1,38,7,899,1,3,2,1
200501KD50650,2,19,0,18,0,1,0,0,0,0,1,1,15,1,-1,-1,-1,-1,-1,1,1
200501KD50651,1,9,0,18,0,8,0,0,0,0,1,1,15,2,48,8,-1,-1,-1,-1,-1
200501KD50651,2,9,0,18,0,8,0,0,0,0,4,1,15,2,21,5,998,1,1,-1,-1
200501KD50652,1,5,0,18,0,1,1,0,0,0,1,1,15,1,-1,-1,919,1,3,9,1
200501KD50652,2,9,0,18,0,1,0,0,0,0,3,1,15,1,57,9,1997,1,5,7,2
200501KD50652,3,9,0,18,0,1,0,0,0,0,4,1,15,2,48,8,1597,1,5,7,1
200501KD50652,4,9,0,18,0,1,0,0,0,0,4,1,15,2,39,7,1242,1,3,8,1
200501KD50653,1,9,0,4,0,0,0,0,0,0,2,1,15,2,24,5,599,1,2,4,1
200501KD50653,2,9,0,4,0,0,0,0,0,0,2,1,15,1,-1,-1,1597,1,7,8,1
200501KD50653,3,9,0,18,0,0,0,0,0,0,1,1,15,1,-1,-1,1994,6,8,-1,-1
200501KD50654,1,9,0,18,0,3,0,0,0,0,4,1,15,2,23,5,1587,1,1,10,1
200501KD50656,1,9,0,18,0,1,0,0,0,0,4,1,15,2,44,7,1390,1,1,4,1
200501KD50658,1,9,0,3,0,0,0,0,0,0,2,1,15,1,48,8,1994,1,8,6,1
200501KD50658,2,9,0,4,0,0,0,0,0,0,1,1,15,1,-1,-1,2967,1,4,-1,-1
200501KD50658,3,9,0,3,0,0,0,0,0,0,2,1,15,2,-1,-1,-1,-1,-1,-1,-1
200501KD50659,1,9,0,8,0,1,0,0,0,0,1,1,15,1,50,8,-1,-1,-1,9,1
200501KD50659,2,9,0,7,0,1,0,0,0,0,2,1,15,2,-1,-1,1997,2,1,5,1
200501KD50660,1,9,0,4,0,0,0,0,0,0,3,1,15,2,44,7,2688,2,3,6,1
200501KD50660,2,9,0,18,0,0,0,0,0,0,4,1,15,3,-1,-1,1998,1,8,-1,-1
200501KD50662,1,9,0,18,0,1,0,0,0,0,3,1,15,1,22,5,999,1,16,8,1
200501KD50662,2,9,0,10,0,8,0,0,0,0,1,1,15,1,20,4,1596,1,5,5,1
200501KD50663,1,2,0,9,0,6,0,0,0,0,1,1,15,1,16,4,49,1,3,2,1
200501KD50663,2,9,0,18,0,1,0,0,0,0,3,1,15,1,62,9,2188,2,9,8,1
200501KD50664,1,9,0,11,0,0,0,0,0,0,1,1,15,1,59,9,-1,-1,-1,5,1
200501KD50665,1,9,0,3,0,0,0,0,0,0,2,1,15,1,18,4,1389,1,11,6,1
200501KD50665,2,9,0,18,0,0,0,0,0,0,1,1,15,1,-1,-1,599,1,4,6,1
200501KD50666,1,9,0,4,0,0,0,0,0,0,2,1,15,2,21,5,1598,1,-1,1,1
200501KD50666,2,9,0,18,0,0,0,0,0,0,1,1,15,1,-1,-1,988,1,15,-1,-1
200501KD50667,1,9,0,2,0,0,0,0,0,0,2,1,15,1,38,7,1587,1,4,3,1
200501KD50667,2,9,0,18,0,0,0,0,0,0,4,1,15,1,-1,-1,1796,1,9,4,1
200501KD50670,1,9,0,4,0,8,0,0,0,0,2,1,15,1,18,4,-1,-1,-1,8,1
200501KD50670,2,9,0,18,0,1,0,0,0,0,1,1,15,3,-1,-1,-1,-1,-1,-1,-1
200501KD50671,1,9,0,9,0,8,0,0,0,0,3,1,15,1,52,8,1597,1,4,3,1
200501KD50671,2,5,0,13,0,8,0,10,2,10,1,1,15,1,-1,-1,749,1,2,-1,-1
200501KD50671,3,9,0,18,0,1,0,0,0,0,3,1,15,1,31,6,1796,1,5,5,1
200501KD50672,1,9,0,18,0,8,0,0,0,0,1,1,15,1,-1,-1,2496,2,11,6,1
200501KD50672,2,9,0,18,0,8,0,0,0,0,2,1,15,2,24,5,1388,1,6,1,1
200501KD50673,1,9,0,18,0,8,0,0,0,0,1,1,15,1,43,7,2720,2,-1,5,1
200501KD50673,2,9,0,9,0,8,0,0,0,0,4,1,15,1,75,10,1905,2,10,8,1
200501KD50674,1,9,0,9,0,1,0,0,0,0,3,1,15,1,65,9,1597,1,7,-1,-1
200501KD50674,2,3,0,18,0,1,1,0,0,0,1,1,15,1,32,6,124,1,7,2,1
200501KD50674,3,9,0,10,0,1,0,0,0,0,1,1,15,1,62,9,-1,-1,-1,7,1
200501KD50676,1,9,0,18,0,1,0,0,0,0,1,1,15,2,18,4,1124,1,11,10,1
200501KD50676,2,9,0,7,0,6,0,0,0,0,2,1,15,2,51,8,2986,1,15,-1,-1
200501KD50677,1,21,0,18,0,2,0,0,0,0,1,1,1,1,26,6,-1,-1,-1,8,1
200501KD50677,2,9,0,18,0,2,0,0,0,0,2,1,15,1,52,8,1994,2,9,5,1
200501KD50677,3,9,0,9,0,2,0,0,0,0,2,1,1,1,48,8,3248,1,6,7,1
200501KD50678,1,8,0,18,0,1,0,0,0,0,3,1,15,1,34,6,2664,2,8,3,1
200501KD50678,2,9,0,9,0,1,0,0,0,0,1,1,15,2,19,4,-1,-1,-1,9,2
200501KD50679,1,9,0,18,0,8,0,0,0,0,3,1,15,2,36,7,1997,1,11,7,1
200501KD50679,2,19,0,9,0,8,0,0,0,0,1,1,15,1,20,4,1870,2,3,8,1
200501KD50680,1,3,0,16,0,8,0,0,0,0,1,1,15,1,46,8,98,1,11,5,1
200501KD50680,2,9,0,18,0,3,0,0,0,0,3,1,15,2,-1,-1,2295,1,3,9,1
200501KD50682,1,9,0,9,0,1,0,0,0,0,1,1,15,1,30,6,1590,1,14,6,1
200501KD50682,2,9,0,18,0,1,0,0,0,0,3,1,15,2,20,4,-1,-1,-1,9,1
200501KD50683,1,9,0,3,0,8,0,0,0,0,2,1,15,1,29,6,1994,2,3,6,1
200501KD50683,2,20,0,18,0,8,0,0,0,0,1,1,15,1,58,9,4250,2,3,4,1
200501KD50684,1,9,0,18,0,1,1,0,0,0,1,1,15,1,-1,-1,1119,1,11,6,1
200501KD50684,2,10,0,18,0,1,0,0,0,0,3,1,15,1,58,9,2496,2,5,5,1
200501KD50685,1,11,0,5,0,1,0,0,0,0,0,1,1,1,25,5,8268,2,4,1,1
200501KD50686,1,9,0,17,0,0,0,0,0,0,1,1,15,1,47,8,1124,1,4,7,1
200501KD50686,2,9,0,16,0,0,0,0,0,0,1,1,15,1,52,8,-1,-1,-1,10,1
200501KD50687,1,9,0,4,0,1,0,0,0,0,2,1,15,1,-1,-1,-1,-1,-1,-1,-1
200501KD50687,2,9,0,4,0,1,0,0,0,0,2,1,15,1,50,8,-1,-1,-1,3,1
200501KD50687,3,19,0,18,0,1,0,0,0,0,1,1,15,1,-1,-1,1868,2,1,-1,-1
200501KD50688,1,9,0,16,0,1,0,0,0,0,1,1,15,2,31,6,1597,1,9,5,1
200501KD50688,2,9,0,17,0,1,0,0,0,0,1,1,15,2,35,6,999,1,3,3,1
200501KD50689,1,4,0,18,0,2,0,0,0,0,1,1,15,1,23,5,487,1,1,6,1
200501KD50690,1,9,0,12,0,7,0,0,0,0,3,1,15,1,18,4,-1,-1,-1,4,1
200501KD50690,2,9,0,18,0,2,0,0,0,0,1,1,15,1,60,9,-1,-1,-1,6,1
200501KD50690,3,9,0,18,0,2,0,0,0,0,0,1,15,1,45,7,-1,-1,-1,-1,-1
200501KD50692,1,9,0,18,0,0,0,10,1,5,4,1,15,2,49,8,1299,1,1,4,1
200501KD50693,1,9,0,18,0,2,0,0,0,0,0,1,15,2,43,7,1199,1,6,-1,-1
200501KD50694,1,1,0,18,0,8,0,0,0,0,3,1,15,1,63,9,-1,-1,-1,6,1
200501KD50694,2,9,0,9,0,8,0,0,0,0,1,1,15,1,-1,-1,-1,-1,-1,-1,-1
200501KD50695,1,9,0,18,0,1,0,0,0,0,3,1,15,1,33,6,1798,1,3,10,1
200501KD50695,2,19,0,9,0,1,0,0,0,0,1,1,15,1,49,8,1900,2,3,7,1
200501KD50697,1,9,0,9,0,8,0,0,0,0,4,1,15,2,23,5,-1,-1,-1,7,1
200501KD50697,2,9,0,18,0,8,0,0,0,0,1,1,15,1,65,9,1753,2,7,8,1
200501KD50697,3,9,0,10,0,8,0,0,0,0,1,1,15,2,53,8,1753,2,12,6,1
200501KD50698,1,9,0,18,0,8,0,0,0,0,4,1,15,1,31,6,2926,2,4,10,2
200501KD50698,2,21,0,12,0,8,0,0,0,0,3,1,15,3,-1,-1,5861,2,7,-1,-1
200501KD50699,1,9,0,18,0,8,0,0,0,0,3,1,15,2,39,7,-1,-1,-1,10,1
200501KD50699,2,1,0,18,0,8,0,0,0,0,2,1,15,1,56,9,-1,-1,-1,9,1
200501KD50700,1,9,0,12,0,0,0,0,1,10,1,1,15,1,69,10,1388,1,3,3,1
200501KD50700,2,21,1,18,0,0,0,0,0,0,0,2,1,1,32,6,-1,-1,-1,-1,-1
200501KD50701,1,9,0,3,0,0,0,0,0,0,2,1,15,1,25,5,1400,1,5,8,1
200501KD50701,2,9,0,3,0,0,0,0,0,0,1,1,15,1,62,9,1388,1,2,6,1
200501KD50701,3,9,0,3,0,0,0,0,0,0,2,1,15,1,20,4,1149,1,7,7,1
200501KD50701,4,9,0,3,0,0,0,0,0,0,1,1,15,1,73,10,1560,2,-1,4,1
200501KD50701,5,9,0,3,0,0,0,0,0,0,2,1,15,2,31,6,1598,1,3,6,1
200501KD50701,6,9,0,18,0,0,0,0,0,0,1,1,15,1,31,6,1796,1,4,6,1
200501KD50701,7,9,0,4,0,0,0,0,0,0,2,1,15,2,28,6,1968,2,2,6,1
200501KD50701,8,9,0,18,0,0,0,0,0,0,1,1,15,2,21,5,1388,1,2,8,1
200501KD50702,1,9,0,3,0,0,0,0,0,0,2,1,15,2,28,6,1796,1,2,8,1
200501KD50702,2,9,0,18,0,0,0,0,0,0,1,1,15,1,-1,-1,1299,1,4,10,1
200501KD50703,1,21,1,18,0,8,0,0,0,0,3,2,15,1,51,8,-1,-1,-1,-1,-1
200501KD50703,2,9,0,18,0,8,0,0,0,0,4,1,15,2,44,7,1195,1,8,9,1
200501KD50704,1,11,0,18,0,1,0,0,0,0,4,1,1,3,-1,-1,-1,2,6,-1,-1
200501KD50705,1,9,0,9,0,0,0,0,0,0,4,1,15,2,76,11,-1,-1,-1,5,1
200501KD50705,2,3,0,18,0,0,1,0,0,0,1,1,15,2,17,4,124,1,-1,4,1
200501KD50708,1,3,0,18,0,0,0,0,0,0,1,1,15,1,19,4,124,1,2,2,1
200501KD50708,2,9,0,2,0,0,0,0,0,0,1,1,15,1,59,9,1596,1,5,3,1
200501KD50709,1,9,0,18,0,0,0,0,8,10,1,1,15,1,19,4,1794,1,5,7,1
200501KD50709,2,8,0,2,0,0,0,0,0,0,1,1,15,3,-1,-1,2664,2,5,-1,-1