Accident_Index,Vehicle_Reference,Vehicle_Type,Towing_and_Articulation,Vehicle_Manoeuvre,Vehicle_Location_Restricted_Lane,Junction_Location,Skidding_and_Overturning,Hit_Object_in_Carriageway,Vehicle_Leaving_Carriageway,Hit_Object_off_Carriageway,1st_Point_of_Impact,Was_Vehicle_Left_Hand_Drive?,Journey_Purpose_of_Driver,Sex_of_Driver,Age_of_Driver,Age_Band_of_Driver,Engine_Capacity_(CC),Propulsion_Code,Age_of_Vehicle,Driver_IMD_Decile,Driver_Home_Area_Type
200501KD50711,1,9,0,18,0,8,0,0,0,0,2,1,15,1,28,6,1390,1,4,3,1
200501KD50711,2,9,0,18,0,8,0,0,0,0,1,1,15,2,27,6,1896,2,3,3,1
200501KD50712,1,9,0,3,0,1,0,0,0,0,2,1,15,1,48,8,3497,1,11,4,1
200501KD50712,2,9,0,18,0,1,0,0,0,0,1,1,15,1,-1,-1,1796,1,11,2,1
200501KD50713,1,9,0,10,0,6,0,0,0,0,1,1,15,1,32,6,1781,1,17,5,1
200501KD50713,2,9,0,18,0,8,1,0,0,0,1,1,15,1,59,9,1896,2,4,7,1
200501KD50714,1,9,0,18,0,0,0,10,1,2,1,1,15,1,18,4,1124,1,3,4,1
200501KD50715,1,3,0,18,0,3,0,0,0,0,0,1,15,1,30,6,125,1,-1,10,2
200501KD50715,2,9,0,9,0,8,0,0,0,0,0,1,15,2,62,9,989,1,3,4,1
200501KD50716,1,9,0,18,0,0,0,0,0,0,4,1,3,2,49,8,-1,-1,-1,4,1
200501KD50717,1,9,0,18,0,0,0,0,0,0,4,1,15,2,24,5,1398,1,6,10,2
200501KD50718,1,9,0,18,0,8,0,0,0,0,2,1,15,1,75,10,1596,1,3,6,1
200501KD50718,2,11,0,18,0,8,0,0,0,0,1,1,1,2,30,6,5883,2,4,-1,-1
200501KD50719,1,9,0,9,0,8,0,0,0,0,3,1,15,2,27,6,1997,1,3,9,1
200501KD50719,2,9,0,18,0,8,0,0,0,0,1,1,15,2,29,6,973,1,8,2,1
200501KD50720,1,9,0,4,0,1,0,0,0,0,2,1,15,2,52,8,1997,1,8,4,1
200501KD50720,2,9,0,18,0,1,0,0,0,0,1,1,15,2,-1,-1,998,1,-1,-1,-1
200501KD50721,1,9,0,18,0,0,0,0,0,0,1,1,15,1,-1,-1,1896,2,5,2,1
200501KD50721,2,9,0,3,0,0,0,0,0,0,2,1,15,2,-1,-1,-1,-1,-1,2,1
200501KD50721,3,9,0,3,0,0,0,0,0,0,2,1,15,2,-1,-1,-1,-1,-1,4,1
200501KD50722,1,9,0,18,0,8,0,0,0,0,1,1,15,1,-1,-1,-1,-1,-1,-1,-1
200501KD50722,2,9,0,18,0,8,0,0,0,0,2,1,15,1,58,9,1910,2,-1,10,3
200501KD50723,1,9,0,10,0,8,0,0,0,0,2,1,15,2,25,5,-1,-1,-1,4,1
200501KD50723,2,9,0,18,0,8,0,0,0,0,1,1,15,2,19,4,1242,1,7,6,1
200501KD50724,1,9,0,16,0,0,0,0,0,0,3,1,15,1,38,7,2494,1,14,-1,-1
200501KD50724,2,9,0,17,0,0,0,0,0,0,3,1,15,2,55,8,-1,-1,-1,2,1
200501KD50724,3,19,0,2,0,0,0,0,0,0,3,1,15,1,35,6,-1,-1,-1,2,1
200501KD50725,1,9,0,4,0,0,0,0,0,0,2,1,15,1,40,7,1896,2,1,10,1
200501KD50725,2,9,0,18,0,0,0,0,0,0,1,1,15,2,29,6,1398,2,2,-1,-1
200501KD50725,3,9,0,18,0,0,0,0,0,0,0,1,15,3,-1,-1,-1,-1,-1,-1,-1
200501KD50725,4,9,0,4,0,0,0,0,0,0,2,1,15,1,33,6,1998,2,1,4,1
200501KD50725,5,9,0,18,0,0,0,0,0,0,1,1,15,1,20,4,1590,1,8,10,1
200501KD50726,1,9,0,10,0,1,0,0,0,0,1,1,15,1,38,7,1598,1,13,-1,-1
200501KD50726,2,9,0,3,0,1,0,0,0,0,2,1,15,1,17,4,-1,-1,-1,7,1
200501KD50726,3,9,0,18,0,1,0,0,0,0,2,1,15,1,18,4,-1,-1,-1,7,3
200501KD50727,1,3,0,9,0,8,0,0,0,0,1,1,15,1,32,6,124,1,7,4,1
200501KD50727,2,9,0,18,0,8,0,0,0,0,1,1,15,1,32,6,1798,1,9,6,1
200501KD50728,1,1,0,18,0,8,0,0,0,0,1,1,15,1,49,8,-1,-1,-1,8,1
200501KD50728,2,9,0,8,0,8,0,0,0,0,3,1,15,1,-1,-1,1598,1,3,-1,-1
200501KD50729,1,9,0,18,0,8,0,0,0,0,3,1,15,1,48,8,1299,1,8,10,1
200501KD50732,1,9,0,18,0,0,0,0,0,0,1,1,15,1,68,10,1390,1,-1,10,1
200501KD50734,1,9,0,9,0,8,0,0,0,0,2,1,15,2,32,6,1124,1,12,8,3
200501KD50734,2,9,0,7,0,8,0,0,0,0,1,1,15,1,-1,-1,1997,2,3,9,1
200501KD50735,1,9,0,4,0,8,0,0,0,0,1,1,15,1,63,9,-1,-1,-1,10,1
200501KD50735,2,9,0,18,0,8,0,0,0,0,4,1,15,1,75,10,1497,1,5,8,1
200501KD50736,1,9,0,18,0,8,0,0,0,0,1,1,15,1,18,4,998,1,1,3,1
200501KD50736,2,9,0,18,0,8,0,0,0,0,4,1,15,2,46,8,1590,1,2,5,1
200501KD50737,1,9,0,18,0,0,0,0,0,0,1,1,15,1,31,6,1796,1,2,2,1
200501KD50737,2,19,0,18,0,0,0,0,0,0,2,1,15,1,52,8,-1,-1,-1,9,1
200501KD50738,1,9,0,6,0,0,0,0,0,0,2,1,15,1,42,7,1905,2,12,7,1
200501KD50738,2,9,0,18,0,0,0,0,0,0,1,1,15,1,33,6,1796,1,9,5,1
200501KD50739,1,9,0,5,0,8,0,0,0,0,2,1,15,2,50,8,1388,1,2,7,1
200501KD50739,2,9,0,18,0,8,0,0,0,0,1,1,15,2,-1,-1,-1,-1,-1,8,1
200501KD50744,1,9,0,9,0,8,0,0,0,0,2,1,15,2,30,6,1196,1,8,4,1
200501KD50744,2,19,0,18,0,8,0,0,0,0,1,1,15,1,-1,-1,1686,2,2,-1,-1
200501KD50745,1,9,0,18,0,0,5,0,0,0,1,1,15,2,19,4,1299,1,8,3,1
200501KD50746,1,9,0,3,0,8,0,0,0,0,2,1,15,2,25,5,1299,1,-1,10,1
200501KD50746,2,9,0,18,0,8,0,0,0,0,1,1,15,1,-1,-1,1242,1,-1,4,1
200501KD50747,1,9,0,1,0,0,0,0,0,0,4,1,15,1,35,6,2000,1,10,5,1
200501KD50748,1,9,0,18,0,8,0,0,0,0,1,1,15,2,38,7,-1,-1,-1,8,1
200501KD50748,2,8,0,9,0,8,0,0,0,0,1,1,1,1,-1,-1,2664,2,13,-1,-1
200501KD50749,1,19,0,11,0,0,0,0,0,0,4,1,15,1,63,9,1910,2,1,8,1
200501KD50749,2,5,0,18,0,0,0,0,1,0,1,1,15,1,52,8,553,1,9,2,1
200501KD50749,3,9,0,18,0,0,0,0,0,0,0,1,15,2,45,7,1598,1,1,7,1
200501KD50750,1,9,0,18,0,2,0,0,0,0,2,1,15,1,49,8,1998,1,8,9,1
200501KD50750,2,9,0,18,0,2,0,0,0,0,1,1,15,1,41,7,-1,-1,-1,6,1
200501KD50751,1,9,0,18,0,0,0,0,0,0,1,1,15,1,59,9,1527,2,10,10,1
200501KD50752,1,9,0,18,0,8,0,0,0,0,1,1,15,2,26,6,1242,1,6,9,1
200501KD50752,2,9,0,9,0,8,0,0,0,0,3,1,15,1,27,6,-1,-1,-1,4,1
200501KD50753,1,9,0,18,0,0,0,0,0,0,1,1,15,1,30,6,1299,1,1,2,1
200501KD50753,2,9,0,18,0,0,0,0,0,0,3,1,15,1,48,8,1300,1,12,7,1
200501KD50753,3,9,0,18,0,0,0,0,0,0,3,1,15,1,73,10,1242,1,2,6,1
200501KD50754,1,20,0,18,0,1,0,0,0,0,1,1,15,1,46,8,4250,2,7,4,2
200501KD50754,2,9,0,9,0,1,0,0,0,0,2,1,15,1,36,7,1796,1,9,8,1
200501KD50757,1,9,0,18,0,8,0,0,0,0,4,1,15,1,60,9,2199,1,11,4,1
200501KD50757,2,9,0,18,0,8,0,0,0,0,1,1,15,1,-1,-1,-1,-1,-1,-1,-1
200501KD50758,1,9,0,8,0,8,0,0,0,0,1,1,15,2,38,7,1388,1,1,-1,-1
200501KD50760,1,9,0,18,0,2,0,0,0,0,1,1,15,1,76,11,1299,1,5,8,1
200501KD50762,1,9,0,18,0,0,0,0,0,0,4,1,15,2,44,7,1598,1,6,-1,-1
200501KD50764,1,9,0,18,0,0,0,0,0,0,1,1,15,1,-1,-1,1388,1,6,-1,-1
200501KD50766,1,9,0,4,0,1,0,10,1,10,1,1,15,2,19,4,-1,-1,-1,3,1
200501KD50766,2,9,0,12,0,1,0,0,0,0,0,1,15,1,-1,-1,-1,-1,-1,-1,-1
200501KD50767,1,9,0,3,0,1,0,0,0,0,2,1,15,2,38,7,1299,1,8,2,1
200501KD50767,2,9,0,18,0,1,0,0,0,0,1,1,15,1,-1,-1,-1,-1,-1,-1,-1
200501KD50768,1,9,0,18,0,0,0,0,0,0,1,1,15,1,19,4,954,1,10,2,1
200501KD50769,1,9,0,18,0,0,0,0,0,0,1,1,15,1,71,10,1242,1,7,5,1
200501KD50769,2,9,0,2,0,0,0,0,0,0,2,1,15,1,-1,-1,1360,1,-1,-1,-1
200501KD50769,3,9,0,2,0,0,0,0,0,0,2,1,15,1,-1,-1,-1,-1,-1,-1,-1
200501KD50770,1,9,0,3,0,8,0,0,0,0,2,1,15,1,35,6,1998,1,2,8,1
200501KD50770,2,9,0,18,0,8,0,0,0,0,1,1,15,1,62,9,1896,2,2,-1,-1
200501KD50771,1,9,0,18,0,8,0,0,0,0,1,1,15,1,20,4,1118,1,16,4,1
200501KD50771,2,9,0,18,0,8,0,0,0,0,1,1,15,1,24,5,1596,1,5,4,1
200501KD50772,1,9,0,18,0,1,0,0,0,0,1,1,15,1,64,9,1124,1,11,8,1
200501KD50774,1,9,0,18,0,8,0,0,0,0,1,1,15,1,44,7,2429,1,2,9,1
200501KD50774,2,19,0,12,0,8,0,0,0,0,3,1,15,1,-1,-1,1753,2,2,-1,-1
200501KD50776,1,1,0,18,0,8,0,0,0,0,4,1,15,1,53,8,-1,-1,-1,4,1
200501KD50776,2,9,0,18,0,8,0,0,0,0,1,1,15,1,24,5,1998,1,9,6,1
200501KD50777,1,9,0,18,0,2,5,10,1,1,1,1,15,1,74,10,1196,1,11,6,3
200501KD50778,1,21,1,18,0,0,0,0,0,0,1,1,1,1,49,8,-1,-1,-1,-1,-1
200501KD50778,2,9,0,18,0,0,0,0,0,0,2,1,15,2,25,5,1108,1,4,6,1
200501KD50778,3,9,0,18,0,0,0,0,0,0,2,1,15,1,47,8,-1,-1,-1,10,1
200501KD59002,1,9,0,18,0,8,0,0,0,0,1,1,15,2,49,8,1390,1,9,2,1
200501KD59002,2,19,0,18,0,8,0,0,0,0,4,1,15,1,45,7,2496,2,8,7,1
200501KD59003,1,9,0,9,0,8,0,0,0,0,1,1,15,2,59,9,1596,1,1,8,1
200501KD59003,2,9,0,18,0,8,0,0,0,0,3,1,15,1,49,8,-1,-1,-1,3,1
200501KD59004,1,9,0,18,0,2,0,0,0,0,1,1,15,2,-1,-1,1597,1,9,-1,-1
200501KD59004,2,9,0,3,0,2,0,0,0,0,2,1,15,1,36,7,1796,1,4,6,1
200501KD59005,1,19,0,18,0,0,0,0,0,0,1,1,1,1,27,6,1461,2,-1,-1,-1
200501KD59005,2,9,0,3,0,0,0,0,0,0,2,1,15,1,35,6,1389,1,10,6,1
200501KD59005,3,9,0,3,0,0,0,0,0,0,2,1,15,1,28,6,2000,1,-1,5,1
200501KD59005,4,9,0,3,0,0,0,0,0,0,2,1,15,1,56,9,1753,2,3,5,1
200501KD59005,5,9,0,3,0,0,0,0,0,0,2,1,15,1,47,8,-1,-1,-1,2,1
200501KD59006,1,9,0,17,0,0,1,0,0,0,1,1,15,1,26,6,1360,1,6,4,1
200501KD59006,2,19,0,2,0,0,0,0,0,0,1,1,15,3,-1,-1,2184,2,10,-1,-1
200501KD59010,1,9,0,18,0,1,0,0,0,0,1,1,15,1,34,6,1997,1,7,4,1
200501KD59010,2,9,0,4,0,1,0,0,0,0,2,1,15,2,40,7,1332,1,8,-1,-1
200501KD59014,1,5,0,9,0,8,0,0,0,0,4,1,15,1,37,7,1170,1,-1,9,1
200501KD59014,2,9,0,18,0,8,0,0,0,0,1,1,15,2,42,7,-1,-1,-1,8,1
200501KD59030,1,9,0,18,0,8,0,0,0,0,4,1,15,1,39,7,1781,1,6,3,1
200501KD59030,2,9,0,9,0,8,0,0,0,0,1,1,15,2,-1,-1,1242,1,7,7,1
200501KD59063,1,19,0,18,0,1,0,0,0,0,1,1,15,3,-1,-1,1998,2,2,-1,-1
200501KD59063,2,19,0,3,0,1,0,0,0,0,2,1,15,1,24,5,1686,2,2,8,1
200501KD59093,1,9,0,9,0,8,0,0,0,0,2,1,15,2,20,4,1299,1,-1,3,1
200501KD59093,2,9,0,9,0,8,0,0,0,0,1,1,15,1,-1,-1,-1,-1,-1,-1,-1
200501KD59094,1,9,0,3,0,0,0,0,0,0,2,1,15,2,54,8,2300,1,7,7,1
200501KD59094,2,9,0,18,0,0,0,0,0,0,1,1,15,1,-1,-1,-1,-1,-1,-1,-1
200501KD59095,1,9,0,18,0,0,0,0,0,0,1,1,3,2,43,7,-1,-1,-1,2,1
200501KD59096,1,9,0,18,0,8,0,0,0,0,3,1,15,1,59,9,1298,1,3,3,1
200501KD59096,2,9,0,18,0,8,0,0,0,0,1,1,15,1,18,4,-1,-1,-1,1,1
200501KD59103,1,9,0,3,0,0,0,0,0,0,2,1,15,1,-1,-1,-1,-1,-1,2,1
200501KD59103,2,9,0,3,0,0,0,0,0,0,2,1,15,2,-1,-1,-1,-1,-1,7,1
200501KD59103,3,9,0,18,0,0,0,0,0,0,1,1,15,1,-1,-1,-1,-1,-1,10,2
200501KD59112,1,9,0,3,0,1,0,0,0,0,2,1,15,1,30,6,-1,-1,-1,4,1
200501KD59112,2,9,0,18,0,1,0,0,0,0,1,1,15,1,-1,-1,-1,-1,-1,7,1
200501KD59113,1,8,0,18,0,0,0,7,1,7,3,1,15,1,36,7,1299,1,1,5,1
200501KD59113,2,21,1,11,0,0,0,0,0,0,4,1,1,1,49,8,-1,-1,-1,6,1
200501KD59153,1,1,0,14,0,0,0,0,0,0,4,1,15,1,58,9,-1,-1,-1,9,1
200501KD59153,2,19,0,2,0,0,0,0,0,0,3,1,15,1,-1,-1,-1,-1,-1,-1,-1
200501KF60001,1,9,0,17,0,8,0,0,0,0,4,1,15,1,19,4,1598,1,3,1,1
200501KF60001,2,9,0,7,0,8,0,0,0,0,1,1,15,1,36,7,1596,1,13,2,1
200501KF60003,1,9,0,9,0,8,0,0,0,0,1,1,15,1,25,5,1796,1,4,2,1
200501KF60003,2,9,0,18,0,8,0,0,0,0,1,1,15,1,19,4,1242,1,7,-1,-1
200501KF60011,1,3,0,7,0,8,0,0,0,0,4,1,15,1,22,5,-1,-1,-1,3,1
200501KF60011,2,20,0,7,0,8,0,0,0,0,1,1,15,1,-1,-1,-1,-1,-1,-1,-1
200501KF60012,1,9,0,18,0,0,0,0,0,0,1,1,15,1,19,4,1997,1,13,2,1
200501KF60012,2,9,0,18,0,0,0,0,0,0,1,1,15,1,-1,-1,1370,1,9,-1,-1
200501KF60014,1,9,0,18,0,0,0,0,0,0,1,1,15,1,40,7,-1,-1,-1,2,1
200501KF60014,2,2,0,18,0,0,0,0,0,0,2,1,15,1,31,6,-1,-1,-1,5,1
200501KF60015,1,9,0,18,0,0,0,0,0,0,1,1,15,2,33,6,-1,-1,-1,-1,-1
200501KF60016,1,9,0,18,0,0,0,0,0,0,3,1,15,1,46,8,1995,2,3,1,1
200501KF60016,2,9,0,18,0,0,0,0,0,0,3,1,15,3,-1,-1,-1,-1,-1,-1,-1
200501KF60016,3,9,0,18,0,0,0,0,0,0,1,1,15,1,45,7,1984,1,7,-1,-1
200501KF60017,1,9,0,7,0,8,0,0,0,0,2,1,15,2,32,6,1597,1,7,2,1
200501KF60017,2,9,0,7,0,8,0,0,0,0,1,1,15,3,-1,-1,-1,-1,-1,-1,-1
200501KF60018,1,5,0,18,0,8,0,0,0,0,1,1,15,1,24,5,599,1,6,3,1
200501KF60018,2,9,0,18,0,8,0,0,0,0,2,1,15,2,47,8,2700,1,3,10,1
200501KF60019,1,9,0,18,0,0,0,0,0,0,1,1,15,1,36,7,1800,1,5,5,1
200501KF60019,2,9,0,3,0,0,0,0,0,0,2,1,15,2,64,9,-1,-1,-1,3,1
200501KF60019,3,9,0,3,0,0,0,0,0,0,1,1,15,1,38,7,-1,-1,-1,2,1
200501KF60019,4,9,0,3,0,0,0,0,0,0,2,1,15,2,35,6,-1,-1,-1,4,1
200501KF60020,1,1,0,18,0,0,0,0,0,0,1,1,15,1,32,6,-1,-1,-1,2,1
200501KF60020,2,9,0,6,0,0,0,0,0,0,4,1,15,1,49,8,-1,-1,-1,1,1
200501KF60021,1,9,0,18,0,1,0,0,0,0,4,1,15,1,-1,-1,2497,1,5,2,1
200501KF60024,1,9,0,10,0,8,0,0,0,0,1,1,15,1,41,7,3199,1,9,1,1
200501KF60024,2,9,0,18,0,8,0,0,0,0,1,1,15,1,43,7,1974,2,9,-1,-1
200501KF60025,1,9,0,17,0,0,0,0,0,0,3,1,1,2,30,6,-1,-1,-1,-1,-1
200501KF60025,2,9,0,16,0,0,0,0,0,0,4,1,15,1,34,6,1597,1,8,3,1
200501KF60027,1,3,0,9,0,8,0,0,0,0,4,1,15,1,18,4,124,1,1,1,1
200501KF60027,2,19,0,9,0,8,0,0,0,0,4,1,1,1,49,8,2400,2,2,6,1
200501KF60028,1,9,0,2,0,0,0,10,1,0,2,1,15,1,20,4,1390,1,4,6,1
200501KF60028,2,11,0,18,0,0,0,0,0,0,1,1,15,1,42,7,6370,2,1,-1,-1
200501KF60029,1,9,0,18,0,0,0,10,1,2,1,1,15,1,38,7,988,1,13,2,1
200501KF60030,1,9,0,18,0,3,0,0,0,0,1,1,15,2,58,9,-1,-1,-1,1,1
200501KF60031,1,9,0,14,0,2,0,0,0,0,2,1,15,1,21,5,-1,-1,-1,3,1
200501KF60031,2,9,0,18,0,2,0,0,0,0,1,1,15,1,-1,-1,-1,-1,-1,2,1
200501KF60032,1,9,0,2,0,0,0,0,0,0,3,1,15,2,50,8,1753,2,11,4,1
200501KF60032,2,1,0,18,0,0,0,0,0,0,1,1,15,1,23,5,-1,-1,-1,2,1
200501KF60033,1,9,0,18,0,1,0,0,0,0,1,1,15,2,44,7,-1,-1,-1,1,1
200501KF60033,2,9,0,18,0,1,0,0,0,0,4,1,15,1,-1,-1,1988,1,8,-1,-1
200501KF60034,1,19,0,18,0,8,0,0,1,2,1,1,15,1,60,9,2446,2,4,8,2
200501KF60034,2,90,0,18,0,8,0,0,0,0,3,1,15,1,-1,-1,-1,-1,-1,-1,-1
200501KF60039,1,11,0,18,0,0,0,0,0,0,4,1,1,1,47,8,8268,2,2,3,1
200501KF60039,2,19,0,2,0,0,0,0,0,0,3,1,15,2,55,8,1998,2,1,-1,-1
200501KF60040,1,9,0,3,0,8,0,0,0,0,2,1,15,1,36,7,-1,-1,-1,-1,-1
200501KF60040,2,9,0,18,0,8,0,0,0,0,1,1,15,2,24,5,1396,1,4,10,1
200501KF60040,3,9,0,3,0,8,0,0,0,0,2,1,15,1,-1,-1,1794,1,4,2,1
200501KF60041,1,21,1,9,0,8,0,0,0,0,4,1,15,1,54,8,11705,2,4,2,1
200501KF60041,2,21,0,18,0,8,0,0,0,0,1,1,15,1,42,7,-1,2,17,7,1
200501KF60042,1,9,0,4,0,0,0,0,0,0,2,1,15,2,31,6,998,1,6,5,1
200501KF60042,2,9,0,18,0,0,0,0,0,0,1,1,15,1,-1,-1,1799,1,9,10,1
200501KF60042,3,9,0,18,0,0,0,0,0,0,1,1,15,3,-1,-1,-1,-1,-1,-1,-1
200501KF60043,1,9,0,18,0,1,0,0,0,0,2,1,15,1,55,8,-1,-1,-1,1,1
200501KF60043,2,4,0,2,0,1,0,0,0,0,1,1,15,2,37,7,-1,-1,-1,1,1
200501KF60046,1,9,0,7,0,0,0,0,0,0,1,1,15,1,44,7,-1,-1,-1,-1,-1
200501KF60047,1,9,0,5,0,8,0,0,0,0,3,1,15,1,60,9,-1,-1,-1,2,1
200501KF60047,2,3,0,18,0,1,0,0,0,0,1,1,15,1,21,5,124,1,2,2,1
200501KF60048,1,11,0,9,6,2,0,0,0,0,0,1,15,1,40,7,-1,-1,-1,-1,-1
200501KF60049,1,9,0,18,0,8,0,0,0,0,1,1,15,1,30,6,-1,-1,-1,1,1
200501KF60049,2,9,0,18,0,8,0,10,0,0,1,1,15,1,18,4,1389,1,11,3,1
200501KF60050,1,9,0,18,0,0,0,0,0,0,1,1,15,1,80,11,1796,1,8,-1,-1
200501KF60050,2,9,0,2,0,0,0,0,0,0,2,1,15,2,67,10,1598,1,2,2,1
200501KF60050,3,9,0,2,0,0,0,0,0,0,2,1,15,1,29,6,1597,1,10,3,1
200501KF60050,4,9,0,2,0,0,0,0,0,0,2,1,15,2,24,5,1587,1,5,1,1
200501KF60050,5,9,0,2,0,0,0,0,0,0,3,1,15,1,-1,-1,1721,1,15,1,1
200501KF60050,6,9,0,2,0,0,0,0,0,0,4,1,15,3,-1,-1,1996,1,9,-1,-1
200501KF60050,7,9,0,2,0,0,0,0,0,0,3,1,15,3,-1,-1,1996,1,11,-1,-1
200501KF60050,8,9,0,2,0,0,0,0,0,0,4,1,15,3,-1,-1,1991,1,9,-1,-1
200501KF60051,1,9,0,18,0,2,0,0,0,0,1,1,15,2,40,7,1997,1,7,2,1
200501KF60051,2,9,0,9,0,2,0,0,0,0,1,1,15,1,34,6,1998,1,13,3,1
200501KF60052,1,9,0,7,0,1,0,0,0,0,1,1,15,1,54,8,1796,1,5,9,1
200501KF60054,1,9,0,18,0,1,0,0,0,0,2,1,15,1,22,5,2155,2,8,3,1
200501KF60054,2,9,0,18,0,1,1,0,0,0,1,1,15,1,-1,-1,1389,1,8,-1,-1
200501KF60056,1,9,0,18,0,1,0,0,0,0,2,1,15,2,35,6,-1,-1,-1,3,1
200501KF60056,2,9,0,18,0,1,0,0,0,0,1,1,15,1,-1,-1,1795,1,17,-1,-1
200501KF60057,1,90,0,1,0,0,0,0,0,0,2,1,1,1,48,8,-1,3,5,3,1
200501KF60057,2,1,0,18,0,0,0,0,0,0,1,1,15,2,47,8,-1,-1,-1,6,1
200501KF60058,1,11,0,18,0,0,0,0,0,0,0,1,1,1,25,5,-1,2,6,2,1
200501KF60059,1,9,0,18,0,0,0,0,0,0,1,1,15,1,-1,-1,-1,-1,-1,2,1
200501KF60060,1,19,0,3,0,8,0,0,0,0,2,1,15,1,32,6,-1,-1,-1,1,1
200501KF60060,2,3,0,4,0,8,1,0,0,0,1,1,15,1,-1,-1,100,1,5,2,1
200501KF60062,1,9,0,4,0,0,0,0,0,0,1,1,15,1,-1,-1,1998,1,9,-1,-1
200501KF60062,2,9,0,3,0,0,0,0,0,0,2,1,15,2,-1,-1,1598,1,5,7,2
200501KF60063,1,9,0,18,0,2,0,0,0,0,1,1,15,2,44,7,1390,1,8,4,1
200501KF60063,2,9,0,9,0,2,0,0,0,0,4,1,15,1,40,7,1762,1,8,-1,-1
200501KF60064,1,9,0,3,0,1,0,0,0,0,1,1,15,2,46,8,1242,1,4,1,1
200501KF60064,2,9,0,1,0,1,0,0,0,0,2,1,15,1,-1,-1,1984,1,12,-1,-1
200501KF60065,1,9,0,18,0,0,0,0,0,0,3,1,15,1,23,5,1796,1,4,-1,-1
200501KF60066,1,9,0,17,0,3,0,10,2,10,1,1,15,1,33,6,1796,1,5,-1,-1
200501KF60067,1,9,0,18,0,2,0,0,0,0,1,1,15,1,61,9,1796,1,5,2,1
200501KF60068,1,9,0,18,0,0,0,0,0,0,1,1,15,2,24,5,1493,1,12,5,1
200501KF60068,2,9,0,4,0,0,0,0,0,0,2,1,15,1,54,8,1587,1,3,-1,-1
200501KF60068,3,9,0,2,0,0,0,0,0,0,2,1,15,1,-1,-1,1998,1,5,3,1
200501KF60069,1,9,0,9,0,2,0,0,0,0,1,1,15,1,22,5,-1,-1,-1,3,1
200501KF60070,1,21,0,9,0,6,0,0,0,0,3,1,15,1,34,6,4580,2,3,3,1
200501KF60070,2,21,0,18,0,8,0,0,0,0,1,1,15,1,77,11,-1,-1,-1,7,1
200501KF60071,1,9,0,18,0,0,0,0,0,0,3,1,15,1,21,5,1998,1,3,-1,-1
200501KF60072,1,9,0,18,0,1,0,0,0,0,4,1,15,2,44,7,1360,1,3,-1,-1
200501KF60073,1,9,0,18,0,1,0,0,0,0,1,1,15,1,24,5,1984,1,15,2,1
200501KF60073,2,9,0,7,0,1,0,0,0,0,3,1,15,3,-1,-1,-1,-1,-1,-1,-1
200501KF60074,1,4,0,10,0,1,0,0,0,0,2,1,15,1,32,6,398,1,17,8,1
200501KF60074,2,9,0,18,0,1,0,0,0,0,1,1,15,1,18,4,1388,1,6,6,1
200501KF60076,1,5,0,3,0,1,0,0,0,0,2,1,15,1,28,6,996,1,5,2,1
200501KF60076,2,9,0,18,0,1,0,0,0,0,1,1,15,3,-1,-1,-1,-1,-1,-1,-1
200501KF60077,1,9,0,3,0,1,0,0,0,0,2,1,15,1,44,7,998,1,12,2,1
200501KF60077,2,9,0,18,0,1,0,0,0,0,1,1,15,1,30,6,998,1,11,-1,-1
200501KF60078,1,9,0,17,0,8,0,0,0,0,3,1,15,1,37,7,1783,1,8,1,1
200501KF60078,2,9,0,17,0,8,0,0,0,0,4,1,15,1,-1,-1,1396,1,9,8,1
200501KF60079,1,9,0,18,0,8,0,0,0,0,4,1,15,1,39,7,998,1,9,7,1
200501KF60079,2,9,0,9,0,8,0,0,0,0,1,1,15,1,-1,-1,1297,1,15,2,1
200501KF60080,1,9,0,18,0,0,0,0,0,0,3,1,15,2,23,5,1242,1,8,2,1
200501KF60080,2,9,0,1,0,0,0,0,0,0,2,1,1,1,-1,-1,1753,2,4,-1,-1
200501KF60082,1,1,0,18,0,1,0,0,0,0,1,1,15,1,19,4,-1,-1,-1,2,1
200501KF60082,2,9,0,2,0,1,0,0,0,0,4,1,15,1,-1,-1,1587,1,10,-1,-1
200501KF60084,1,11,0,2,0,8,0,0,0,0,0,1,1,1,51,8,5883,2,4,3,1
200501KF60085,1,9,0,18,0,1,0,0,0,0,4,1,15,1,-1,-1,1986,1,12,2,1
200501KF60086,1,19,0,16,0,0,0,0,0,0,0,1,15,1,42,7,2496,2,15,2,1
200501KF60086,2,9,0,12,0,0,0,0,0,0,0,1,15,1,36,7,1799,1,11,1,1
200501KF60087,1,11,0,18,2,1,0,0,0,0,0,1,1,1,49,8,8268,2,4,5,1
200501KF60088,1,9,0,18,0,0,0,0,0,0,4,1,15,1,32,6,-1,-1,-1,5,1
200501KF60088,2,9,0,2,0,0,0,0,0,0,3,1,15,1,64,9,2497,1,10,8,1
200501KF60088,3,9,0,13,0,0,0,0,0,0,0,1,15,3,-1,-1,-1,-1,-1,-1,-1
200501KF60089,1,9,0,4,0,0,0,0,0,0,2,1,15,1,32,6,-1,-1,-1,2,1
200501KF60089,2,9,0,18,0,0,0,0,0,0,1,1,15,1,-1,-1,-1,-1,-1,-1,-1