Accident_Index,Vehicle_Reference,Vehicle_Type,Towing_and_Articulation,Vehicle_Manoeuvre,Vehicle_Location_Restricted_Lane,Junction_Location,Skidding_and_Overturning,Hit_Object_in_Carriageway,Vehicle_Leaving_Carriageway,Hit_Object_off_Carriageway,1st_Point_of_Impact,Was_Vehicle_Left_Hand_Drive?,Journey_Purpose_of_Driver,Sex_of_Driver,Age_of_Driver,Age_Band_of_Driver,Engine_Capacity_(CC),Propulsion_Code,Age_of_Vehicle,Driver_IMD_Decile,Driver_Home_Area_Type
200501KF60090,1,9,0,9,0,8,0,0,0,0,1,1,15,1,49,8,-1,-1,-1,2,1
200501KF60090,2,9,0,18,0,8,0,0,0,0,1,1,15,1,39,7,998,1,9,-1,-1
200501KF60091,1,9,0,14,0,0,0,0,0,0,1,1,15,1,-1,-1,1895,1,4,-1,-1
200501KF60092,1,9,0,18,0,2,0,0,0,0,1,1,15,2,26,6,-1,-1,-1,5,1
200501KF60093,1,3,0,18,0,1,0,0,0,0,1,1,15,1,-1,-1,-1,-1,-1,-1,-1
200501KF60094,1,9,0,5,0,1,0,0,0,0,1,1,15,1,23,5,2494,1,14,-1,-1
200501KF60095,1,9,0,18,0,2,0,0,0,0,1,1,15,1,-1,-1,-1,-1,-1,-1,-1
200501KF60096,1,3,0,18,0,8,1,0,0,0,1,1,15,1,22,5,124,1,-1,3,1
200501KF60096,2,9,0,9,0,8,0,0,0,0,3,1,15,1,-1,-1,-1,-1,-1,-1,-1
200501KF60097,1,9,0,9,0,8,0,0,0,0,1,1,15,1,45,7,1597,1,6,2,1
200501KF60097,2,1,0,18,0,8,0,0,0,0,4,1,15,1,28,6,-1,-1,-1,2,1
200501KF60098,1,9,0,17,0,2,0,0,0,0,1,1,15,2,27,6,-1,-1,-1,1,1
200501KF60101,1,1,0,18,0,8,0,0,0,0,2,1,15,2,34,6,-1,-1,-1,2,1
200501KF60101,2,19,0,18,0,8,0,0,0,0,1,1,1,1,-1,-1,1686,2,3,-1,-1
200501KF60102,1,5,0,18,0,0,0,0,0,0,3,1,15,1,24,5,645,1,1,2,1
200501KF60102,2,9,0,13,0,0,0,0,0,0,4,1,15,1,42,7,-1,-1,-1,3,1
200501KF60103,1,9,0,4,0,1,0,0,0,0,1,1,15,1,28,6,1896,2,9,2,1
200501KF60103,2,9,0,18,0,1,0,0,0,0,1,1,15,1,-1,-1,1955,1,17,2,1
200501KF60104,1,9,0,18,0,8,0,0,0,0,4,1,15,1,50,8,-1,-1,-1,-1,-1
200501KF60105,1,9,0,9,0,8,0,0,0,0,1,1,15,2,34,6,1396,1,2,-1,-1
200501KF60105,2,1,0,18,0,8,0,0,0,0,1,1,15,1,67,10,-1,-1,-1,3,1
200501KF60107,1,4,0,18,0,8,1,0,0,0,1,1,15,1,39,7,-1,-1,-1,2,1
200501KF60107,2,9,0,10,0,8,0,0,0,0,3,1,15,2,33,6,-1,-1,-1,2,1
200501KF60108,1,9,0,18,0,0,0,0,0,0,1,1,15,1,55,8,1796,1,11,4,1
200501KF60109,1,9,0,18,0,0,0,0,1,4,1,1,15,1,-1,-1,1998,1,15,-1,-1
200501KF60109,2,9,0,2,0,0,0,0,0,0,2,1,15,1,31,6,1762,1,8,1,1
200501KF60110,1,9,0,18,0,0,1,0,0,0,1,1,15,2,19,4,1299,1,12,-1,-1
200501KF60110,2,9,0,3,0,0,0,0,0,0,2,1,15,1,46,8,-1,-1,-1,3,1
200501KF60110,3,9,0,4,0,0,0,0,0,0,2,1,15,2,44,7,1995,2,4,-1,-1
200501KF60111,1,9,0,9,0,8,0,0,0,0,3,1,15,2,26,6,1124,1,4,2,1
200501KF60111,2,9,0,18,0,8,0,0,0,0,1,1,15,2,25,5,-1,-1,-1,-1,-1
200501KF60113,1,9,0,18,0,1,0,0,0,0,3,1,15,3,-1,-1,-1,-1,-1,-1,-1
200501KF60114,1,9,0,9,0,1,0,0,0,0,4,1,15,2,60,9,1596,1,3,4,1
200501KF60114,2,9,0,18,0,1,0,0,0,0,1,1,15,1,23,5,1489,1,9,-1,-1
200501KF60115,1,9,0,1,0,1,0,0,0,0,4,1,15,1,40,7,1589,1,8,2,1
200501KF60115,2,9,0,18,0,1,0,0,0,0,1,1,15,1,30,6,3960,1,11,-1,-1
200501KF60116,1,9,0,18,0,1,0,0,0,0,1,1,15,1,28,6,-1,-1,-1,3,1
200501KF60117,1,9,0,18,0,1,0,0,0,0,4,1,15,1,60,9,-1,-1,-1,1,1
200501KF60118,1,9,0,4,0,1,0,0,0,0,1,1,15,1,60,9,1999,1,4,1,1
200501KF60118,2,9,0,3,0,1,0,0,0,0,2,1,15,2,51,8,988,1,13,-1,-1
200501KF60119,1,11,0,5,0,0,0,0,0,0,0,1,1,1,20,4,8268,2,2,1,1
200501KF60120,1,9,0,18,0,1,0,0,0,0,3,1,15,1,40,7,1297,1,14,2,1
200501KF60120,2,20,0,18,0,1,0,0,0,0,1,1,15,1,59,9,-1,2,6,2,1
200501KF60121,1,9,0,6,0,0,0,0,0,0,3,1,15,1,27,6,1781,1,4,8,1
200501KF60121,2,9,0,18,0,0,0,0,0,0,1,1,15,1,41,7,-1,-1,-1,1,1
200501KF60122,1,9,0,3,0,0,0,0,0,0,2,1,15,1,47,8,1998,1,6,-1,-1
200501KF60122,2,19,0,18,0,0,0,0,0,0,1,1,15,1,42,7,-1,-1,-1,3,1
200501KF60123,1,9,0,5,0,2,0,0,0,0,2,1,15,1,32,6,1493,1,13,2,1
200501KF60123,2,9,0,18,0,2,0,0,0,0,1,1,15,2,-1,-1,-1,-1,-1,3,1
200501KF60124,1,9,0,18,0,2,0,0,0,0,1,1,15,1,43,7,1984,1,6,2,1
200501KF60124,2,9,0,7,0,1,0,0,0,0,1,1,15,1,42,7,1799,1,8,1,1
200501KF60125,1,1,0,18,0,1,0,0,0,0,1,1,15,1,47,8,-1,-1,-1,1,1
200501KF60126,1,9,0,18,0,8,0,0,0,0,4,1,15,1,22,5,1242,1,6,2,1
200501KF60126,2,9,0,18,0,8,0,0,0,0,2,1,15,1,21,5,1400,1,5,2,1
200501KF60126,3,9,0,15,0,8,0,0,0,0,3,1,15,1,-1,-1,-1,-1,-1,-1,-1
200501KF60127,1,9,0,3,0,1,0,0,0,0,3,1,15,2,42,7,1753,2,8,-1,-1
200501KF60127,2,19,0,18,0,1,0,0,0,0,3,1,15,3,-1,-1,-1,-1,-1,-1,-1
200501KF60128,1,9,0,9,0,8,0,0,0,0,3,1,15,1,-1,-1,-1,-1,-1,-1,-1
200501KF60128,2,4,0,14,0,8,0,0,0,0,1,1,15,1,26,6,-1,-1,-1,-1,-1
200501KF60129,1,9,0,18,0,1,0,0,0,0,4,1,15,2,29,6,1240,1,1,1,1
200501KF60130,1,9,0,2,0,0,0,0,0,0,2,1,15,1,66,10,1598,1,5,7,2
200501KF60130,2,9,0,18,0,0,0,0,0,0,1,1,15,1,37,7,1498,1,9,1,1
200501KF60132,1,9,0,18,0,1,0,0,0,0,1,1,15,1,25,5,1762,1,8,3,1
200501KF60132,2,9,0,18,0,1,0,0,0,0,4,1,15,2,35,6,2902,2,3,2,1
200501KF60133,1,9,0,10,0,1,0,0,0,0,2,1,15,1,30,6,1392,1,12,2,1
200501KF60133,2,9,0,18,0,1,0,0,0,0,1,1,15,1,21,5,1998,1,15,1,1
200501KF60133,3,9,0,18,0,1,0,0,0,0,1,1,15,2,29,6,-1,-1,-1,3,1
200501KF60134,1,11,0,18,0,0,0,0,0,0,1,1,15,1,37,7,8268,2,3,2,1
200501KF60134,2,9,0,18,0,0,0,0,0,0,2,1,15,1,37,7,1461,2,3,2,1
200501KF60135,1,9,0,18,0,0,0,0,0,0,1,1,15,2,-1,-1,-1,-1,-1,8,1
200501KF60136,1,9,0,18,0,2,0,0,0,0,3,1,15,2,38,7,-1,-1,-1,3,1
200501KF60137,1,9,0,16,0,0,0,0,0,0,1,1,15,1,38,7,2599,1,16,3,1
200501KF60137,2,9,0,17,0,0,0,0,0,0,1,1,15,1,-1,-1,2165,1,11,2,1
200501KF60138,1,9,0,18,0,0,0,0,0,0,3,1,15,1,32,6,2283,2,8,7,1
200501KF60138,2,9,0,18,0,0,0,0,0,0,1,1,15,1,-1,-1,-1,-1,-1,-1,-1
200501KF60139,1,9,0,18,0,0,0,0,0,0,2,1,15,2,41,7,1998,1,8,2,1
200501KF60139,2,9,0,18,0,0,0,0,0,0,1,1,15,1,-1,-1,-1,-1,-1,-1,-1
200501KF60140,1,9,0,18,0,8,0,0,0,0,1,1,15,1,45,7,1998,1,8,1,1
200501KF60146,1,9,0,18,0,0,0,0,0,0,1,1,15,1,30,6,-1,-1,-1,6,1
200501KF60146,2,9,0,4,0,0,0,0,0,0,2,1,15,1,36,7,988,1,13,2,1
200501KF60146,3,9,0,4,0,0,0,0,0,0,2,1,15,2,23,5,899,1,10,2,1
200501KF60148,1,9,0,3,0,1,0,0,0,0,2,1,15,2,40,7,1299,1,3,2,1
200501KF60148,2,9,0,18,0,1,0,0,0,0,1,1,15,2,-1,-1,1598,1,4,2,1
200501KF60149,1,9,0,18,0,2,0,0,0,0,1,1,15,1,31,6,-1,-1,-1,2,1
200501KF60149,2,10,0,3,0,2,0,0,0,0,2,1,15,1,32,6,-1,-1,-1,1,1
200501KF60150,1,9,0,18,0,1,5,0,0,0,1,1,15,2,38,7,2799,1,10,-1,-1
200501KF60150,2,9,0,12,0,1,0,0,0,0,4,1,15,2,34,6,-1,-1,-1,3,1
200501KF60151,1,9,0,18,0,8,0,0,0,0,2,1,15,1,30,6,2771,1,6,-1,-1
200501KF60151,2,9,0,18,0,1,0,0,0,0,4,1,15,1,34,6,1762,1,8,1,1
200501KF60152,1,11,0,3,0,0,0,0,0,0,0,1,1,1,31,6,8268,2,4,1,1
200501KF60153,1,8,0,3,0,0,0,0,0,0,2,1,1,1,51,8,2664,2,9,6,1
200501KF60153,2,5,0,18,0,0,0,0,0,0,1,1,15,3,-1,-1,599,1,6,-1,-1
200501KF60154,1,5,0,18,0,0,0,0,0,0,4,1,15,1,26,6,599,1,4,-1,-1
200501KF60154,2,9,0,12,0,0,0,0,0,0,3,1,15,3,-1,-1,-1,-1,-1,-1,-1
200501KF60155,1,9,0,9,0,2,0,0,0,0,4,1,15,1,27,6,1597,1,5,2,1
200501KF60156,1,9,0,18,0,8,0,7,8,10,1,1,15,1,26,6,1994,1,8,2,1
200501KF60157,1,9,0,18,0,1,0,0,0,0,1,1,15,1,-1,-1,1896,2,13,2,1
200501KF60158,1,5,0,18,0,0,0,0,0,0,4,1,15,1,23,5,749,1,9,3,1
200501KF60158,2,9,0,18,0,0,0,0,0,0,4,1,15,2,29,6,1124,1,4,6,1
200501KF60158,3,9,0,12,0,0,0,0,0,0,3,1,15,1,23,5,1118,1,14,3,1
200501KF60159,1,11,0,18,0,0,0,0,0,0,0,1,15,1,24,5,-1,2,5,2,1
200501KF60160,1,9,0,18,0,8,0,0,0,0,1,1,15,1,23,5,-1,-1,-1,1,1
200501KF60160,2,9,0,18,0,8,0,0,0,0,3,1,15,2,18,4,1299,1,5,3,1
200501KF60161,1,9,0,11,0,0,0,0,0,0,4,1,15,1,43,7,1457,1,24,1,1
200501KF60161,2,5,0,18,0,0,0,0,0,0,3,1,15,1,32,6,599,1,8,8,1
200501KF60162,1,9,0,9,0,1,0,0,0,0,1,1,15,2,22,5,-1,-1,-1,1,1
200501KF60162,2,9,0,18,0,1,0,10,7,5,4,1,15,2,37,7,-1,-1,-1,1,1
200501KF60165,1,9,0,18,0,8,0,0,0,0,1,1,15,1,19,4,988,1,13,2,1
200501KF60165,2,9,0,18,0,8,0,0,0,0,4,1,15,1,60,9,-1,-1,-1,1,1
200501KF60166,1,9,0,16,0,0,0,0,0,0,1,1,15,2,26,6,-1,-1,-1,3,1
200501KF60167,1,11,0,4,0,2,0,0,0,0,1,1,1,1,32,6,6370,2,1,4,1
200501KF60168,1,5,0,18,0,8,0,0,0,0,0,1,15,1,47,8,600,1,4,2,1
200501KF60168,2,9,0,9,0,8,0,0,0,0,0,1,15,1,40,7,1998,1,7,1,1
200501KF60169,1,9,0,18,0,8,0,0,0,0,1,1,15,1,48,8,1800,1,5,2,1
200501KF60169,2,9,0,18,0,8,0,0,0,0,3,1,15,1,33,6,1396,1,7,3,1
200501KF60170,1,9,0,18,0,0,0,0,0,0,4,1,15,1,70,10,1998,1,3,2,1
200501KF60171,1,9,0,16,0,0,1,0,0,0,1,1,15,1,42,7,1970,1,4,1,1
200501KF60172,1,9,0,5,0,0,0,0,0,0,3,1,15,1,34,6,-1,-1,-1,3,1
200501KF60172,2,3,0,18,0,0,0,0,0,0,1,1,15,1,23,5,125,1,1,2,1
200501KF60173,1,11,0,18,0,1,0,0,0,0,1,1,1,1,49,8,-1,-1,-1,3,1
200501KF60173,2,9,0,7,0,5,0,0,0,0,4,1,15,1,36,7,1796,1,4,10,2
200501KF60174,1,9,0,18,0,0,0,0,0,0,4,1,15,1,24,5,1598,1,9,3,1
200501KF60175,1,90,0,3,0,0,0,0,0,0,1,1,15,1,38,7,3860,2,20,1,1
200501KF60175,2,9,0,18,0,0,1,0,0,0,1,2,15,2,27,6,-1,-1,-1,4,1
200501KF60176,1,11,0,3,0,2,0,0,0,0,0,1,1,1,36,7,-1,2,6,1,1
200501KF60177,1,9,0,18,0,1,0,10,1,2,1,1,15,1,49,8,1598,1,4,5,1
200501KF60178,1,9,0,18,0,0,0,0,0,0,4,1,15,2,24,5,1299,1,3,5,1
200501KF60180,1,9,0,9,0,8,0,0,0,0,3,1,15,1,51,8,-1,-1,-1,2,1
200501KF60180,2,9,0,1,0,8,0,0,0,0,2,2,15,1,38,7,-1,-1,-1,6,1
200501KF60181,1,9,0,18,0,8,0,0,0,0,1,1,15,2,24,5,-1,-1,-1,3,1
200501KF60181,2,9,0,18,0,8,0,0,0,0,1,1,15,1,27,6,1796,1,10,3,1
200501KF60182,1,9,0,18,0,8,0,7,7,10,1,1,15,2,62,9,1389,1,9,1,1
200501KF60182,2,9,0,2,0,8,0,0,0,0,3,1,15,1,45,7,-1,-1,-1,2,1
200501KF60183,1,9,0,18,0,8,0,0,0,0,3,1,15,2,60,9,1896,2,9,3,1
200501KF60183,2,9,0,18,0,8,0,0,0,0,3,1,15,1,-1,-1,-1,-1,-1,3,1
200501KF60185,1,9,0,4,0,1,0,0,0,0,2,1,15,1,29,6,1995,1,4,2,1
200501KF60185,2,9,0,4,0,1,0,0,0,0,2,1,15,1,51,8,1753,2,12,5,1
200501KF60185,3,9,0,4,0,1,0,0,0,0,2,1,15,1,48,8,1721,1,12,1,1
200501KF60185,4,9,0,18,0,1,0,0,0,0,1,1,15,1,40,7,1390,1,2,1,1
200501KF60187,1,9,0,18,0,8,0,0,0,0,3,1,15,2,27,6,1360,1,3,2,1
200501KF60187,2,19,0,9,0,8,0,0,0,0,1,1,15,1,47,8,1769,2,9,-1,-1
200501KF60188,1,9,0,18,0,8,0,0,0,0,4,1,15,1,35,6,1596,1,7,1,1
200501KF60188,2,9,0,18,0,8,0,0,0,0,1,1,15,2,-1,-1,1360,1,9,-1,-1
200501KF60189,1,11,0,16,0,0,0,0,0,0,4,1,1,1,-1,-1,-1,-1,-1,-1,-1
200501KF60189,2,1,0,12,0,0,0,0,0,0,3,1,15,1,-1,-1,-1,-1,-1,-1,-1
200501KF60190,1,9,0,14,0,0,0,0,0,0,1,1,15,1,29,6,1497,1,5,1,1
200501KF60191,1,11,0,18,0,0,0,0,0,0,3,1,1,3,-1,-1,-1,-1,-1,-1,-1
200501KF60193,1,8,0,18,0,8,0,0,0,0,2,1,1,1,58,9,2664,2,9,7,1
200501KF60193,2,20,0,9,0,8,0,0,0,0,1,1,15,1,66,10,-1,-1,-1,2,1
200501KF60196,1,9,0,18,0,8,0,0,0,0,4,1,15,1,22,5,1587,1,10,-1,-1
200501KF60196,2,9,0,3,0,8,0,0,0,0,3,1,15,2,42,7,1397,1,4,-1,-1
200501KF60196,3,9,0,18,0,8,0,0,0,0,1,1,15,1,19,4,1797,1,8,2,1
200501KF60198,1,5,0,13,0,1,0,0,0,0,4,1,15,1,46,8,998,1,7,3,1
200501KF60198,2,9,0,9,0,1,0,0,0,0,3,1,15,1,49,8,1762,1,10,3,1
200501KF60199,1,9,0,3,0,2,0,0,0,0,2,1,15,1,66,10,1753,2,15,-1,-1
200501KF60199,2,9,0,18,0,2,0,0,0,0,1,1,15,1,56,9,1896,2,6,5,1
200501KF60200,1,9,0,2,0,0,0,0,0,0,2,1,15,1,54,8,1753,2,7,1,1
200501KF60200,2,9,0,18,0,0,0,4,0,0,1,1,15,2,38,7,973,1,7,2,1
200501KF60201,1,9,0,4,0,0,0,0,0,0,1,1,15,1,35,6,786,1,6,-1,-1
200501KF60202,1,9,0,12,0,0,0,0,0,0,4,1,15,1,23,5,-1,-1,-1,3,1
200501KF60202,2,9,0,18,0,0,0,0,0,0,3,1,15,1,24,5,1388,1,2,6,1
200501KF60203,1,9,0,7,0,8,0,0,0,0,3,1,15,1,23,5,1998,1,8,2,1
200501KF60203,2,9,0,18,0,8,0,4,7,0,1,1,15,1,68,10,1796,1,9,2,1
200501KF60203,3,19,0,2,0,1,0,0,0,0,4,1,15,1,38,7,2496,2,16,1,1
200501KF60204,1,9,0,18,0,2,0,0,0,0,1,1,15,3,-1,-1,-1,-1,-1,-1,-1
200501KF60205,1,9,0,7,0,8,0,0,0,0,4,1,15,1,50,8,1596,1,1,8,1
200501KF60206,1,2,0,16,0,1,0,0,0,0,1,1,15,1,24,5,49,1,5,2,1
200501KF60206,2,9,0,9,0,1,0,0,0,0,3,1,15,1,64,9,1762,1,6,3,1
200501KF60207,1,9,0,4,0,1,0,0,0,0,3,1,15,1,25,5,1747,1,8,3,1
200501KF60208,1,9,0,11,0,1,0,0,0,0,4,1,15,1,22,5,1390,1,3,4,1
200501KF60208,2,9,0,18,0,1,0,0,1,7,3,1,15,1,22,5,1390,1,4,1,1
200501KF60209,1,9,0,9,0,7,0,0,0,0,2,1,15,2,22,5,-1,-1,-1,2,1
200501KF60209,2,9,0,18,0,8,0,0,0,0,1,1,15,2,-1,-1,1242,1,8,1,1
200501KF60210,1,9,0,12,0,0,0,0,0,0,2,1,15,2,24,5,1242,1,7,2,1
200501KF60210,2,9,0,12,0,0,0,0,4,6,1,1,15,2,21,5,1598,1,3,-1,-1
200501KF60211,1,9,0,5,0,1,0,0,0,0,2,1,15,2,24,5,1390,1,5,3,1
200501KF60211,2,9,0,18,0,1,0,0,0,0,1,1,15,1,-1,-1,1587,1,12,-1,-1
200501KF60212,1,9,0,18,0,0,0,0,0,0,2,1,15,2,49,8,1590,1,3,2,1
200501KF60212,2,9,0,18,0,0,0,0,0,0,1,1,15,1,-1,-1,1396,1,16,-1,-1
200501KF60213,1,9,0,18,0,0,0,0,0,0,2,1,15,2,45,7,1242,1,7,5,1
200501KF60213,2,9,0,18,0,0,0,0,0,0,1,1,15,2,-1,-1,1360,1,7,-1,-1
200501KF60214,1,3,0,18,0,0,0,0,0,0,0,1,15,1,37,7,-1,-1,-1,-1,-1
200501KF60215,1,9,0,18,0,8,0,0,0,0,3,1,15,2,34,6,998,1,6,1,1
200501KF60215,2,9,0,9,0,8,0,0,0,0,4,1,15,1,-1,-1,-1,-1,-1,-1,-1
200501KF60216,1,9,0,3,0,1,0,0,0,0,1,1,15,1,18,4,-1,-1,-1,1,1
200501KF60216,2,9,0,18,0,1,0,0,0,0,2,1,15,1,-1,-1,-1,-1,-1,3,1
200501KF60217,1,9,0,18,0,0,0,0,0,0,3,1,15,1,34,6,1799,1,9,2,1
200501KF60217,2,9,0,18,0,0,0,0,0,0,1,1,15,1,-1,-1,1108,1,10,6,1
200501KF60219,1,9,0,3,0,1,0,0,0,0,2,1,15,1,34,6,1762,1,9,-1,-1
200501KF60219,2,9,0,18,0,1,0,0,0,0,1,1,15,3,-1,-1,-1,-1,-1,-1,-1
200501KF60220,1,9,0,18,0,2,0,0,1,4,1,1,15,3,25,5,1799,1,11,-1,-1
200501KF60222,1,9,0,18,0,0,0,0,0,0,4,1,15,2,25,5,1998,1,1,2,1
200501KF60222,2,9,0,18,0,0,0,0,0,0,3,1,15,3,-1,-1,1360,1,13,-1,-1
200501KF60223,1,9,0,18,0,1,0,0,0,0,3,1,15,2,31,6,1390,1,9,2,1
200501KF60223,2,19,0,18,0,1,0,0,0,0,1,1,15,1,-1,-1,-1,-1,-1,-1,-1
200501KF60224,1,9,0,18,0,0,0,0,0,0,2,1,15,1,26,6,1834,1,6,2,1
200501KF60224,2,8,0,18,0,0,0,0,0,0,1,1,15,3,-1,-1,2664,2,15,-1,-1
200501KF60225,1,9,0,3,0,1,0,0,0,0,2,1,15,2,36,7,1043,1,12,9,1
200501KF60225,2,9,0,18,0,1,0,0,0,0,1,1,15,1,-1,-1,2998,2,17,-1,-1
200501KF60226,1,9,0,3,0,0,0,0,0,0,2,1,15,1,35,6,1796,1,6,2,1
200501KF60226,2,9,0,18,0,0,0,0,0,0,1,1,15,2,-1,-1,1988,1,6,-1,-1
200501KF60227,1,9,0,10,0,1,0,0,0,0,2,1,15,1,76,11,998,1,9,2,1
200501KF60227,2,9,0,18,0,1,0,0,0,0,1,1,15,1,-1,-1,-1,-1,-1,-1,-1
200501KF60229,1,9,0,18,0,3,0,0,0,0,1,1,15,1,28,6,1796,1,8,2,1
200501KF60230,1,9,0,5,0,1,0,0,0,0,1,1,15,3,-1,-1,2200,1,14,-1,-1
200501KF60231,1,9,0,9,0,1,0,0,0,0,1,1,15,3,22,5,1590,1,6,-1,-1
200501KF60231,2,3,0,18,0,1,0,0,0,0,1,1,15,1,39,7,125,1,-1,1,1
200501KF60232,1,9,0,9,0,8,0,0,0,0,3,1,15,1,19,4,1493,1,13,-1,-1
200501KF60232,2,9,0,18,0,8,0,0,0,0,1,1,15,1,27,6,1997,2,2,3,1
200501KF60232,3,9,0,18,0,8,0,0,0,0,3,1,15,1,58,9,1753,2,5,-1,-1
200501KF60233,1,9,0,2,0,1,0,0,0,0,1,1,15,1,20,4,973,1,5,1,1
200501KF60233,2,9,0,1,0,2,0,0,0,0,2,1,15,1,-1,-1,973,1,5,-1,-1
200501KF60234,1,9,0,1,0,0,0,0,0,0,3,1,15,3,-1,-1,1598,1,5,-1,-1
200501KF60235,1,11,0,4,0,8,0,0,0,0,0,1,15,1,24,5,-1,-1,-1,-1,-1
200501KF60236,1,9,0,18,0,0,0,0,0,0,1,1,15,3,-1,-1,1995,1,3,-1,-1
200501KF60237,1,9,0,2,0,0,0,0,0,0,2,1,15,2,44,7,1988,1,1,1,1
200501KF60237,2,9,0,1,0,0,0,0,0,0,2,1,15,1,-1,-1,-1,-1,-1,-1,-1
200501KF60238,1,9,0,18,0,2,0,0,0,0,1,1,15,1,31,6,1997,1,14,1,1
200501KF60239,1,9,0,18,0,2,0,0,0,0,3,1,15,1,27,6,1753,2,6,3,1
200501KF60239,2,9,0,18,0,2,0,0,0,0,1,1,15,3,-1,-1,1796,1,15,-1,-1
200501KF60240,1,9,0,18,0,3,0,0,0,0,1,1,15,1,18,4,-1,-1,-1,6,1
200501KF60241,1,9,0,3,0,8,0,0,0,0,2,1,15,1,28,6,1896,2,9,2,1
200501KF60241,2,9,0,18,0,8,0,0,0,0,1,1,15,1,55,8,1896,2,4,5,1
200501KF60242,1,9,0,18,0,2,0,0,0,0,1,1,15,1,37,7,1796,1,12,-1,-1
200501KF60242,2,1,0,18,0,2,0,0,0,0,4,1,15,1,11,3,-1,-1,-1,-1,-1
200501KF60243,1,9,0,9,0,8,0,0,0,0,4,1,15,2,30,6,1299,1,1,2,1
200501KF60243,2,9,0,15,0,8,0,0,0,0,1,1,15,1,35,6,1781,1,16,3,1
200501KF60244,1,9,0,7,0,8,0,0,0,0,3,1,15,1,39,7,1762,1,6,5,1
200501KF60244,2,11,0,18,0,8,0,0,0,0,4,1,1,1,43,7,5883,2,4,2,1
200501KF60245,1,11,0,18,0,0,0,0,1,4,4,1,1,1,49,8,-1,2,6,4,1
200501KF60246,1,9,0,18,0,0,0,0,0,0,1,1,15,1,34,6,2148,2,1,3,1
200501KF60247,1,3,0,14,0,2,0,0,0,0,4,1,15,1,-1,-1,125,1,1,5,1
200501KF60247,2,9,0,3,0,2,0,0,0,0,3,1,15,2,-1,-1,1397,1,3,6,1
200501KF60248,1,5,0,18,0,8,0,0,0,0,1,1,15,1,34,6,650,1,12,3,1
200501KF60248,2,9,0,18,0,8,0,0,0,0,1,1,15,2,30,6,-1,-1,-1,-1,-1
200501KF60249,1,9,0,1,0,2,0,0,0,0,2,1,15,1,29,6,1896,2,7,5,1
200501KF60249,2,9,0,4,0,2,0,0,0,0,1,1,15,3,-1,-1,1783,1,9,-1,-1
200501KF60250,1,9,0,7,0,8,0,0,0,0,2,1,15,1,34,6,1799,1,6,5,1
200501KF60250,2,9,0,18,0,8,0,0,0,0,1,1,15,3,-1,-1,-1,-1,-1,-1,-1
200501KF60251,1,9,0,3,0,1,0,0,0,0,2,1,15,1,33,6,1597,1,11,-1,-1
200501KF60251,2,9,0,18,0,1,0,0,0,0,1,1,15,3,-1,-1,-1,-1,-1,-1,-1
200501KF60252,1,9,0,18,0,8,0,9,3,1,1,1,15,1,-1,-1,-1,-1,-1,-1,-1
200501KF60253,1,9,0,18,0,1,0,0,0,0,1,1,15,2,22,5,1149,1,2,2,1
200501KF60253,2,9,0,9,0,1,0,0,0,0,4,1,15,3,-1,-1,-1,-1,-1,-1,-1
200501KF60254,1,9,0,3,0,1,0,0,0,0,2,1,15,1,37,7,1769,1,-1,1,1
200501KF60254,2,9,0,18,0,1,0,0,0,0,1,1,15,1,-1,-1,1781,1,13,-1,-1
200501KF60255,1,9,0,18,0,2,0,0,0,0,0,1,15,1,25,5,-1,-1,-1,4,1
200501KF60256,1,9,0,18,0,0,0,0,0,0,4,1,15,1,27,6,2946,1,8,2,1
200501KF60256,2,9,0,6,0,0,0,0,0,0,3,1,15,3,-1,-1,1597,1,12,-1,-1
200501KF60257,1,9,0,3,0,0,0,0,0,0,1,1,15,1,27,6,-1,-1,-1,2,1
200501KF60257,2,9,0,3,0,0,0,0,0,0,2,1,15,1,-1,-1,-1,-1,-1,-1,-1
200501KF60257,3,9,0,18,0,0,0,0,0,0,1,1,15,2,-1,-1,1997,1,11,-1,-1
200501KF60258,1,9,0,4,0,2,0,0,0,0,2,1,15,1,43,7,-1,-1,-1,2,1
200501KF60258,2,9,0,18,0,2,0,0,0,0,1,1,15,1,20,4,1596,1,2,3,1
200501KF60259,1,9,0,18,0,1,0,0,0,0,4,1,15,2,26,6,1396,1,15,5,1
200501KF60261,1,9,0,18,0,1,2,0,0,0,1,1,15,2,61,9,1171,1,12,-1,-1
200501KF60261,2,19,0,9,0,8,1,0,0,0,4,1,15,1,54,8,2496,2,10,3,1
200501KF60262,1,19,0,1,0,1,0,0,0,0,2,1,15,1,-1,-1,-1,-1,-1,-1,-1
200501KF60263,1,9,0,18,0,8,0,0,0,0,4,1,15,1,34,6,1598,1,7,2,1
200501KF60263,2,9,0,9,0,8,0,0,0,0,1,1,15,1,-1,-1,-1,-1,-1,-1,-1
200501KF60264,1,9,0,18,0,8,0,0,0,0,1,1,15,1,49,8,2498,2,10,1,1
200501KF60264,2,9,0,9,0,8,0,0,0,0,4,1,15,2,24,5,1388,1,7,-1,-1
200501KF60265,1,9,0,10,0,8,0,0,0,0,2,1,15,2,41,7,1896,1,8,2,1