Accident_Index,Vehicle_Reference,Vehicle_Type,Towing_and_Articulation,Vehicle_Manoeuvre,Vehicle_Location_Restricted_Lane,Junction_Location,Skidding_and_Overturning,Hit_Object_in_Carriageway,Vehicle_Leaving_Carriageway,Hit_Object_off_Carriageway,1st_Point_of_Impact,Was_Vehicle_Left_Hand_Drive?,Journey_Purpose_of_Driver,Sex_of_Driver,Age_of_Driver,Age_Band_of_Driver,Engine_Capacity_(CC),Propulsion_Code,Age_of_Vehicle,Driver_IMD_Decile,Driver_Home_Area_Type
200501KF60265,2,9,0,18,0,8,0,0,0,0,1,1,15,1,45,7,1753,2,10,6,1
200501KF60266,1,19,0,3,0,0,0,0,0,0,4,1,15,1,27,6,1929,2,7,1,1
200501KF60267,1,9,0,18,0,8,0,0,0,0,1,1,15,2,32,6,1905,2,11,-1,-1
200501KF60267,2,9,0,18,0,8,0,0,0,0,4,1,15,1,34,6,-1,-1,-1,2,1
200501KF60268,1,9,0,11,0,1,0,0,0,0,4,1,15,1,44,7,1597,1,10,8,1
200501KF60268,2,9,0,11,0,1,0,0,0,0,3,1,15,1,24,5,2960,1,13,2,1
200501KF60269,1,9,0,3,0,1,0,0,0,0,2,1,15,2,30,6,1299,1,9,2,1
200501KF60269,2,9,0,18,0,1,0,0,0,0,1,1,15,2,-1,-1,1998,1,10,-1,-1
200501KF60270,1,9,0,18,0,8,0,0,0,0,3,1,15,2,40,7,998,1,8,2,1
200501KF60270,2,9,0,18,0,8,0,0,0,0,1,1,15,1,-1,-1,2494,1,5,-1,-1
200501KF60271,1,9,0,3,0,1,0,0,0,0,2,1,15,1,46,8,1998,1,6,2,1
200501KF60271,2,9,0,3,0,1,0,0,0,0,2,1,15,1,57,9,1390,1,4,3,1
200501KF60271,3,9,0,18,0,1,0,0,0,0,1,1,15,2,56,9,2993,2,-1,8,1
200501KF60272,1,9,0,18,0,0,0,0,0,0,1,1,15,1,52,8,3248,1,7,-1,-1
200501KF60272,2,2,0,18,0,0,0,0,0,0,1,1,15,1,23,5,-1,-1,-1,1,1
200501KF60273,1,9,0,18,0,0,0,0,0,0,4,1,15,1,19,4,1997,1,14,-1,-1
200501KF60273,2,9,0,2,0,0,0,0,0,0,3,1,15,2,64,9,-1,-1,-1,2,1
200501KF60273,3,9,0,2,0,0,0,0,0,0,3,1,15,2,62,9,1397,1,3,2,1
200501KF60273,4,9,0,1,0,0,0,0,0,0,1,1,15,2,31,6,1198,1,2,2,1
200501KF60274,1,9,0,17,0,8,0,0,0,0,1,1,15,1,27,6,1896,2,4,3,1
200501KF60274,2,9,0,17,0,8,0,0,0,0,4,1,15,1,37,7,1597,1,14,1,1
200501KF60275,1,9,0,9,0,8,0,0,0,0,1,1,15,1,30,6,2494,1,1,2,1
200501KF60276,1,9,0,18,0,1,0,0,0,0,1,1,15,3,-1,-1,-1,-1,-1,-1,-1
200501KF60277,1,19,0,18,0,2,0,0,0,0,1,1,15,3,-1,-1,-1,-1,-1,-1,-1
200501KF60277,2,9,0,18,0,1,0,1,0,0,1,1,15,1,-1,-1,1598,1,3,-1,-1
200501KF60278,1,9,0,12,0,1,0,0,0,0,3,1,15,2,27,6,1390,1,6,6,1
200501KF60278,2,19,0,11,0,1,0,0,0,0,4,1,15,1,58,9,2299,2,9,2,1
200501KF60280,1,9,0,6,0,0,0,0,0,0,2,1,15,1,28,6,2494,1,10,5,1
200501KF60280,2,9,0,18,0,0,0,0,0,0,1,1,15,1,24,5,1587,1,11,5,1
200501KF60281,1,9,0,9,0,6,0,0,0,0,3,1,15,2,20,4,1149,1,2,9,1
200501KF60281,2,1,0,18,0,1,0,0,0,0,1,1,15,1,-1,-1,-1,-1,-1,2,1
200501KF60283,1,9,0,18,0,8,0,0,0,0,4,1,15,1,23,5,1498,1,4,1,1
200501KF60285,1,9,0,18,0,3,0,4,0,0,1,1,15,1,-1,-1,1799,1,9,-1,-1
200501KF60285,2,9,0,2,0,3,0,0,1,2,2,1,15,3,-1,-1,-1,-1,-1,-1,-1
200501KF60286,1,9,0,4,0,3,0,0,0,0,2,1,15,1,27,6,2979,1,3,5,1
200501KF60286,2,9,0,18,0,3,0,0,0,0,1,1,15,1,-1,-1,-1,-1,-1,-1,-1
200501KF60287,1,19,0,1,0,1,0,0,0,0,2,1,15,1,39,7,9999,2,11,2,1
200501KF60288,1,11,0,4,0,0,0,0,0,0,4,1,1,1,44,7,-1,2,5,-1,-1
200501KF60290,1,9,0,16,0,1,0,0,0,0,3,1,15,1,22,5,1598,1,6,2,1
200501KF60290,2,9,0,9,0,1,0,0,0,0,4,1,15,1,-1,-1,1242,1,7,-1,-1
200501KF60291,1,9,0,3,0,0,0,0,0,0,1,1,15,2,35,6,1598,1,5,3,1
200501KF60291,2,19,0,1,0,0,0,0,0,0,2,1,15,1,-1,-1,5480,2,5,3,1
200501KF60292,1,9,0,18,0,8,0,0,0,0,4,1,15,1,33,6,1996,1,9,2,1
200501KF60292,2,9,0,9,0,8,0,0,0,0,1,1,15,1,-1,-1,1896,2,3,-1,-1
200501KF60294,1,9,0,18,0,0,0,0,0,0,4,1,15,1,47,8,1991,2,2,2,1
200501KF60295,1,9,0,18,0,0,0,6,5,10,3,1,15,1,20,4,1781,1,4,-1,-1
200501KF60296,1,9,0,7,0,8,0,0,0,0,4,1,15,1,33,6,1896,2,3,3,1
200501KF60296,2,9,0,18,0,8,0,0,0,0,3,1,15,1,-1,-1,-1,-1,-1,9,1
200501KF60297,1,9,0,18,0,1,0,7,0,0,1,1,15,1,35,6,-1,-1,-1,2,1
200501KF60298,1,9,0,18,0,1,0,0,0,0,1,1,15,1,-1,-1,-1,-1,-1,-1,-1
200501KF60299,1,9,0,3,0,0,0,0,0,0,2,1,15,1,59,9,998,1,6,2,1
200501KF60299,2,9,0,18,0,0,0,0,0,0,1,1,15,1,-1,-1,-1,-1,-1,-1,-1
200501KF60300,1,9,0,18,0,8,0,0,0,0,1,1,15,1,21,5,1297,1,13,3,1
200501KF60300,2,9,0,9,0,8,0,0,0,0,4,1,15,1,29,6,2494,1,5,1,1
200501KF60301,1,9,0,3,0,1,0,0,0,0,2,1,15,1,49,8,1998,1,8,2,1
200501KF60301,2,9,0,18,0,1,0,0,0,0,1,1,15,2,45,7,4511,1,1,5,1
200501KF60302,1,3,0,9,0,8,0,0,0,0,4,1,15,1,42,7,124,1,1,3,1
200501KF60302,2,9,0,9,0,8,0,0,0,0,3,1,15,3,-1,-1,-1,-1,-1,-1,-1
200501KF60303,1,1,0,18,0,1,0,0,0,0,2,1,15,1,19,4,-1,-1,-1,-1,-1
200501KF60303,2,9,0,18,0,1,0,0,0,0,1,1,15,3,-1,-1,-1,-1,-1,-1,-1
200501KF60304,1,1,0,18,0,8,0,0,0,0,1,1,15,1,43,7,-1,-1,-1,-1,-1
200501KF60304,2,11,0,9,0,8,0,0,0,0,1,1,1,2,20,4,8268,2,2,-1,-1
200501KF60305,1,9,0,4,0,0,0,6,5,7,1,1,15,1,20,4,1242,1,6,5,1
200501KF60305,2,9,0,3,0,0,0,0,0,0,2,1,15,1,35,6,993,1,2,4,1
200501KF60305,3,9,0,3,0,0,0,0,0,0,2,1,15,1,-1,-1,1400,1,7,-1,-1
200501KF60306,1,9,0,7,0,1,0,0,0,0,4,1,15,1,43,7,1124,1,2,1,1
200501KF60306,2,9,0,18,0,1,0,0,0,0,1,1,15,3,-1,-1,1997,1,12,-1,-1
200501KF60307,1,9,0,3,0,1,0,0,0,0,2,1,15,2,23,5,1242,1,8,1,1
200501KF60307,2,9,0,18,0,1,0,0,0,0,1,1,15,1,-1,-1,-1,-1,-1,-1,-1
200501KF60308,1,9,0,3,0,8,0,0,0,0,2,1,15,1,21,5,1242,1,3,1,1
200501KF60308,2,9,0,4,0,8,0,0,0,0,1,1,15,3,-1,-1,2197,1,6,-1,-1
200501KF60309,1,9,0,18,0,1,0,0,0,0,1,1,15,3,-1,-1,-1,-1,-1,-1,-1
200501KF60309,2,1,0,18,0,2,0,0,0,0,1,1,15,1,6,2,-1,-1,-1,-1,-1
200501KF60310,1,9,0,18,0,2,0,0,0,0,1,1,15,2,27,6,1242,1,5,4,1
200501KF60311,1,11,0,18,0,1,0,0,0,0,0,1,1,1,32,6,8268,2,4,-1,-1
200501KF60312,1,3,0,18,0,1,0,0,0,0,4,1,15,3,-1,-1,-1,-1,-1,-1,-1
200501KF60313,1,4,0,4,0,3,0,0,0,0,2,1,15,1,30,6,-1,-1,-1,7,1
200501KF60313,2,9,0,18,0,3,0,0,0,0,1,1,15,2,-1,-1,1781,1,12,-1,-1
200501KF60314,1,9,0,10,0,8,0,0,0,0,1,1,15,1,57,9,1796,1,5,2,1
200501KF60314,2,1,0,18,0,8,0,0,0,0,3,1,15,1,25,5,-1,-1,-1,-1,-1
200501KF60316,1,9,0,16,0,0,0,0,0,0,1,1,15,2,18,4,999,1,2,4,1
200501KF60316,2,9,0,17,0,0,0,0,0,0,1,1,15,1,32,6,-1,-1,-1,-1,-1
200501KF60318,1,90,0,3,0,0,0,0,0,0,2,1,1,1,53,8,8300,2,4,2,1
200501KF60318,2,9,0,18,0,0,0,0,0,0,1,1,15,1,-1,-1,1988,1,12,5,1
200501KF60319,1,9,0,3,0,1,0,0,0,0,2,1,15,1,41,7,1595,1,7,8,1
200501KF60319,2,19,0,18,0,1,0,0,0,0,1,1,15,1,51,8,2496,2,16,5,1
200501KF60320,1,5,0,18,0,8,0,0,0,0,3,1,15,1,-1,-1,647,1,3,-1,-1
200501KF60320,2,9,0,18,0,8,0,0,0,0,3,1,15,1,31,6,1834,1,4,3,1
200501KF60321,1,9,0,7,0,0,0,0,0,0,3,1,15,2,21,5,1794,1,5,2,1
200501KF60321,2,9,0,18,0,0,0,0,0,0,1,1,15,3,-1,-1,1597,1,10,-1,-1
200501KF60322,1,9,0,18,0,8,0,0,0,0,4,1,15,1,-1,-1,1360,1,7,2,1
200501KF60322,2,9,0,18,0,8,0,0,0,0,1,1,15,1,58,9,1781,1,14,2,1
200501KF60323,1,9,0,18,0,0,0,0,0,0,1,1,15,2,19,4,-1,-1,-1,-1,-1
200501KF60323,2,9,0,6,0,0,0,0,0,0,0,1,15,3,-1,-1,1389,1,12,-1,-1
200501KF60323,3,9,0,18,0,0,0,0,0,0,4,1,15,1,61,9,1587,1,7,4,1
200501KF60323,4,9,0,18,0,0,0,0,0,0,3,1,15,1,43,7,2792,1,8,2,1
200501KF60325,1,9,0,18,0,8,0,0,0,0,3,1,15,1,49,8,1998,1,7,1,1
200501KF60325,2,9,0,9,0,8,0,0,0,0,3,1,15,1,25,5,-1,-1,-1,2,1
200501KF60326,1,11,0,4,0,2,0,0,0,0,0,1,15,1,36,7,6370,2,1,3,1
200501KF60327,1,9,0,9,0,8,0,0,0,0,1,1,15,1,30,6,2180,2,12,2,1
200501KF60327,2,4,0,18,0,8,0,0,0,0,1,1,15,1,39,7,-1,-1,-1,3,1
200501KF60328,1,1,0,18,0,8,0,0,0,0,1,1,15,1,22,5,-1,-1,-1,2,1
200501KF60328,2,9,0,7,0,8,0,0,0,0,4,1,15,1,-1,-1,-1,-1,-1,-1,-1
200501KF60329,1,9,0,18,0,2,0,0,0,0,1,1,15,1,-1,-1,-1,-1,-1,-1,-1
200501KF60330,1,11,0,18,0,8,0,0,0,0,4,1,1,1,25,5,-1,2,6,1,1
200501KF60330,2,9,0,9,0,8,0,0,0,0,1,1,15,1,-1,-1,954,1,11,2,1
200501KF60333,1,9,0,14,0,1,0,0,0,0,3,1,15,1,38,7,-1,-1,-1,-1,-1
200501KF60334,1,9,0,3,0,1,0,0,0,0,2,1,15,2,31,6,998,1,5,10,1
200501KF60334,2,9,0,3,0,1,0,0,0,0,1,1,15,1,54,8,1598,1,8,4,1
200501KF60334,3,9,0,18,0,1,0,0,0,0,1,1,15,1,-1,-1,1781,1,11,-1,-1
200501KF60335,1,9,0,9,0,1,0,0,0,0,1,1,15,2,32,6,998,1,9,2,1
200501KF60335,2,11,0,18,0,1,0,0,0,0,4,1,1,1,46,8,-1,-1,-1,-1,-1
200501KF60336,1,11,0,15,0,8,0,0,0,0,1,1,1,1,55,8,5883,2,4,-1,-1
200501KF60336,2,19,0,12,0,8,0,0,0,0,1,1,15,2,23,5,2402,2,4,3,1
200501KF60337,1,9,0,18,0,0,0,0,0,0,1,1,15,2,-1,-1,-1,-1,-1,-1,-1
200501KF60338,1,9,0,18,0,2,0,0,0,0,1,1,15,1,31,6,1781,1,8,2,1
200501KF60339,1,5,0,18,0,8,0,0,0,0,0,1,15,1,40,7,599,1,9,-1,-1
200501KF60339,2,9,0,9,0,8,0,0,0,0,0,1,15,2,41,7,1390,1,13,2,1
200501KF60340,1,9,0,18,0,2,0,0,0,0,4,1,15,2,57,9,1242,1,-1,2,1
200501KF60341,1,9,0,18,0,0,0,0,0,0,4,1,15,1,21,5,1149,1,4,2,1
200501KF60342,1,9,0,9,0,2,0,0,0,0,4,1,15,1,71,10,-1,-1,-1,8,1
200501KF60342,2,9,0,18,0,2,0,0,0,0,3,1,15,1,19,4,1149,1,4,2,1
200501KF60343,1,9,0,18,0,8,0,0,0,0,3,1,15,1,19,4,1149,1,4,2,1
200501KF60343,2,9,0,11,0,8,0,0,0,0,4,1,15,1,-1,-1,-1,-1,-1,8,1
200501KF60344,1,19,0,2,0,1,0,0,1,10,3,1,15,1,59,9,2496,2,5,5,1
200501KF60344,2,9,0,18,0,1,0,4,0,0,4,1,15,3,-1,-1,-1,-1,-1,-1,-1
200501KF60345,1,9,0,18,0,1,0,0,0,0,2,1,15,1,36,7,1998,1,11,2,1
200501KF60345,2,9,0,3,0,1,0,0,0,0,1,1,15,1,32,6,1997,2,5,2,1
200501KF60345,3,9,0,9,0,1,0,0,0,0,2,1,15,1,41,7,1596,1,13,1,1
200501KF60346,1,9,0,4,0,1,0,0,0,0,2,1,15,2,60,9,1270,1,17,1,1
200501KF60346,2,9,0,18,0,1,0,0,0,0,1,1,15,1,24,5,1108,1,10,-1,-1
200501KF60346,3,9,0,4,0,1,0,0,0,0,2,1,15,1,34,6,1762,1,8,-1,-1
200501KF60347,1,9,0,18,0,0,0,0,0,0,2,1,15,2,50,8,1800,1,5,1,1
200501KF60347,2,9,0,18,0,0,0,0,0,0,1,1,15,1,-1,-1,-1,-1,-1,-1,-1
200501KF60348,1,3,0,18,0,0,0,0,0,0,1,1,15,1,22,5,-1,-1,-1,4,1
200501KF60348,2,20,0,11,0,0,0,0,0,0,1,1,15,1,-1,-1,-1,-1,-1,-1,-1
200501KF60349,1,9,0,9,0,8,0,0,0,0,4,1,15,1,32,6,-1,-1,-1,-1,-1
200501KF60349,2,9,0,18,0,1,0,0,0,0,1,1,15,1,31,6,1896,2,7,-1,-1
200501KF60350,1,9,0,18,0,1,0,0,0,0,4,1,15,2,24,5,999,1,3,1,1
200501KF60351,1,3,0,18,0,8,0,0,0,0,1,1,15,1,19,4,124,1,3,2,1
200501KF60351,2,9,0,18,0,8,0,0,0,0,4,1,15,3,-1,-1,1242,1,4,-1,-1
200501KF60352,1,11,0,18,0,1,0,0,0,0,0,1,1,1,55,8,6370,2,1,-1,-1
200501KF60353,1,1,0,18,0,1,0,0,0,0,4,1,15,1,8,2,-1,-1,-1,3,1
200501KF60353,2,9,0,4,0,1,0,0,0,0,1,1,15,1,-1,-1,1762,1,8,-1,-1
200501KF60354,1,9,0,18,0,1,0,0,0,0,1,1,15,1,50,8,1984,1,12,1,1
200501KF60354,2,9,0,4,0,1,0,0,0,0,2,1,15,1,50,8,1988,1,6,1,1
200501KF60356,1,9,0,3,0,1,0,0,0,0,2,1,15,1,35,6,1998,1,7,3,1
200501KF60356,2,9,0,18,0,1,0,0,0,0,1,1,15,1,-1,-1,-1,-1,-1,1,1
200501KF60357,1,3,0,18,0,0,0,0,0,0,4,1,15,1,15,3,125,1,2,-1,-1
200501KF60357,2,9,0,5,0,0,0,0,0,0,3,1,15,3,-1,-1,-1,-1,-1,-1,-1
200501KF60358,1,1,0,17,0,8,0,0,0,0,2,1,15,1,36,7,-1,-1,-1,1,1
200501KF60358,2,9,0,17,0,8,0,0,0,0,1,1,15,1,-1,-1,2967,1,3,-1,-1
200501KF60359,1,9,0,3,0,2,0,0,0,0,2,1,15,1,-1,-1,2171,1,4,2,1
200501KF60359,2,9,0,18,0,2,0,0,0,0,1,1,15,1,-1,-1,2300,1,11,-1,-1
200501KF60360,1,9,0,18,0,8,0,0,0,0,1,1,15,1,25,5,1396,1,6,2,1
200501KF60360,2,9,0,9,0,8,0,0,0,0,4,1,15,1,30,6,1896,2,8,-1,-1
200501KF60361,1,9,0,9,0,8,0,0,0,0,3,1,15,1,20,4,-1,-1,-1,4,1
200501KF60361,2,2,0,18,0,8,0,0,0,0,1,1,15,1,16,4,49,1,3,2,1
200501KF60362,1,9,0,18,0,8,0,0,0,0,2,1,15,2,23,5,1796,1,3,2,1
200501KF60362,2,19,0,9,0,8,0,0,0,0,1,1,15,1,21,5,2496,2,6,1,1
200501KF60363,1,9,0,18,0,2,0,0,0,0,1,1,15,1,35,6,-1,-1,-1,-1,-1
200501KF60364,1,9,0,3,0,8,0,0,0,0,2,1,15,1,40,7,1998,1,9,1,1
200501KF60364,2,19,0,3,0,1,0,0,0,0,2,1,15,1,21,5,1598,7,2,6,1
200501KF60364,3,19,0,18,0,1,0,0,0,0,1,1,15,1,-1,-1,-1,-1,-1,-1,-1
200501KF60365,1,9,0,5,0,0,0,0,0,0,4,1,15,3,-1,-1,-1,-1,-1,-1,-1
200501KF60366,1,9,0,18,0,2,0,0,0,0,1,1,15,2,17,4,1390,1,5,10,1
200501KF60366,2,9,0,3,0,2,0,0,0,0,1,1,15,2,33,6,-1,-1,-1,1,1
200501KF60366,3,9,0,3,0,2,0,0,0,0,2,1,15,1,48,8,-1,-1,-1,-1,-1
200501KF60367,1,9,0,6,0,1,0,0,0,0,3,1,15,1,26,6,1396,1,7,1,1
200501KF60367,2,9,0,1,0,1,0,0,0,0,2,1,15,1,-1,-1,1996,1,11,3,1
200501KF60368,1,19,0,18,0,0,0,0,0,0,1,1,15,1,55,8,2151,2,4,2,1
200501KF60369,1,9,0,4,0,3,0,0,0,0,2,1,15,2,43,7,-1,-1,-1,1,1
200501KF60369,2,9,0,18,0,3,0,0,0,0,1,1,15,1,30,6,1998,1,8,-1,-1
200501KF60370,1,9,0,18,0,8,0,0,0,0,1,1,15,1,52,8,-1,-1,-1,-1,-1
200501KF60370,2,9,0,18,0,8,0,0,0,0,4,1,15,2,38,7,1242,1,7,3,1
200501KF60371,1,9,0,4,0,1,0,0,0,0,2,1,15,1,29,6,-1,-1,-1,2,1
200501KF60371,2,9,0,18,0,1,0,0,0,0,1,1,15,1,28,6,1597,1,11,1,1
200501KF60372,1,1,0,18,0,0,0,0,0,0,2,1,15,1,11,3,-1,-1,-1,3,1
200501KF60372,2,9,0,18,0,0,0,0,0,0,1,1,15,1,-1,-1,1799,1,6,3,1
200501KF60373,1,9,0,18,0,1,0,0,0,0,1,1,15,2,-1,-1,1896,2,13,2,1
200501KF60374,1,9,0,17,0,2,0,0,0,0,1,1,15,1,43,7,3125,2,5,3,1
200501KF60374,2,9,0,16,0,1,0,0,0,0,1,1,15,1,33,6,2000,1,9,3,1
200501KF60375,1,9,0,15,2,2,0,0,0,0,1,1,15,1,-1,-1,2793,1,8,-1,-1
200501KF60376,1,9,0,18,0,1,0,0,0,0,1,1,15,2,41,7,1493,1,11,3,1
200501KF60376,2,9,0,9,0,1,0,0,0,0,4,1,15,1,-1,-1,-1,-1,-1,-1,-1
200501KF60377,1,11,0,18,0,8,0,0,0,0,4,1,1,1,40,7,-1,2,6,9,1
200501KF60377,2,9,0,12,0,8,0,0,0,0,2,1,15,1,-1,-1,-1,-1,-1,-1,-1
200501KF60378,1,9,0,10,0,1,0,0,0,0,2,1,15,1,37,7,1998,1,5,2,1
200501KF60378,2,9,0,18,0,1,0,0,0,0,1,1,15,1,-1,-1,2200,1,13,1,1
200501KF60379,1,11,0,5,0,2,0,0,0,0,3,1,15,1,-1,-1,-1,-1,-1,-1,-1
200501KF60380,1,9,0,4,0,0,0,0,0,0,2,1,15,2,23,5,1149,1,4,3,1
200501KF60380,2,9,0,4,0,0,0,0,0,0,2,1,15,1,22,5,1272,1,14,-1,-1
200501KF60380,3,9,0,4,0,0,0,0,0,0,2,1,15,1,34,6,1896,2,2,-1,-1
200501KF60380,4,19,0,18,0,0,1,0,0,0,1,1,15,1,55,8,1593,1,16,1,1
200501KF60381,1,5,0,18,0,7,0,0,0,0,1,1,15,1,38,7,749,1,19,4,1
200501KF60381,2,9,0,4,0,7,0,0,0,0,2,1,15,2,26,6,2000,2,-1,9,1
200501KF60382,1,9,0,3,0,1,0,0,0,0,2,1,15,2,57,9,998,1,5,2,1
200501KF60382,2,9,0,18,0,1,0,0,0,0,1,1,15,3,-1,-1,1598,1,4,-1,-1
200501KF60386,1,9,0,18,0,1,0,0,0,0,1,1,15,2,42,7,1124,1,5,4,1
200501KF60387,1,19,0,18,0,1,0,0,0,0,4,1,15,1,-1,-1,-1,-1,-1,-1,-1
200501KF60388,1,9,0,3,0,1,0,0,0,0,2,1,15,1,44,7,1587,1,11,1,1
200501KF60388,2,9,0,18,0,1,0,0,0,0,1,1,15,1,25,5,1242,1,7,-1,-1
200501KF60389,1,9,0,8,0,1,0,0,0,0,2,1,15,2,35,6,1598,1,8,4,1
200501KF60389,2,21,0,18,0,1,0,0,0,0,1,1,15,1,25,5,-1,-1,-1,-1,-1
200501KF60390,1,9,0,18,0,0,0,0,0,0,1,1,15,2,39,7,1242,1,10,3,1
200501KF60390,2,9,0,18,0,0,0,0,0,0,2,1,15,1,41,7,1999,1,4,6,3
200501KF60390,3,9,0,4,0,0,0,0,0,0,2,1,15,1,29,6,-1,-1,-1,4,1
200501KF60391,1,9,0,9,0,8,0,0,0,0,4,1,15,1,-1,-1,-1,-1,-1,-1,-1
200501KF60391,2,9,0,18,0,8,0,0,0,0,1,1,15,1,44,7,1996,1,8,2,1
200501KF60392,1,9,0,17,0,0,0,0,0,0,1,1,15,2,40,7,1117,1,14,1,1
200501KF60392,2,9,0,16,0,0,0,0,0,0,1,1,15,1,42,7,1598,1,14,2,1
200501KF60393,1,9,0,18,0,1,0,0,0,0,1,1,15,1,22,5,1679,1,8,1,1
200501KF60393,2,9,0,9,0,1,0,0,0,0,4,1,15,1,29,6,1390,1,3,3,1
200501KF60395,1,9,0,18,0,1,0,0,0,0,1,1,15,1,55,8,1390,1,4,6,1
200501KF60395,2,9,0,4,0,1,0,0,0,0,2,1,15,1,19,4,999,1,6,2,1
200501KF60396,1,9,0,16,0,8,0,0,0,0,1,1,15,1,26,6,1997,2,2,8,1
200501KF60396,2,9,0,9,0,8,0,0,0,0,4,1,15,2,20,4,1598,1,5,-1,-1
200501KF60397,1,21,0,4,0,0,0,0,0,0,2,1,15,1,24,5,-1,2,7,3,1
200501KF60397,2,9,0,18,0,0,0,0,0,0,1,1,15,2,23,5,-1,-1,-1,3,1
200501KF60398,1,9,0,18,0,1,0,0,0,0,1,1,15,1,35,6,1686,2,10,2,1
200501KF60399,1,9,0,1,0,0,0,0,0,0,2,1,15,3,-1,-1,1580,1,15,-1,-1
200501KF60400,1,9,0,4,0,0,0,0,0,0,2,1,15,1,54,8,847,1,8,2,1
200501KF60400,2,9,0,18,0,0,0,0,0,0,1,1,15,1,59,9,1299,1,1,-1,-1
200501KF60401,1,9,0,9,0,8,0,0,0,0,4,1,15,2,21,5,1388,1,1,5,1
200501KF60401,2,9,0,18,2,8,0,0,0,0,3,1,15,2,26,6,1905,1,13,5,1
200501KF60402,1,9,0,18,0,0,0,0,0,0,3,1,15,1,26,6,1998,1,5,3,1
200501KF60402,2,9,0,6,0,0,0,0,0,0,1,1,15,1,23,5,1389,1,7,2,1
200501KF60403,1,9,0,3,0,0,0,0,0,0,2,1,15,1,74,10,1498,1,4,1,1
200501KF60403,2,11,0,4,0,0,0,0,0,0,1,1,1,1,-1,-1,5883,2,4,-1,-1
200501KF60404,1,9,0,5,0,2,0,0,0,0,0,1,15,1,-1,-1,-1,-1,-1,-1,-1
200501KF60405,1,9,0,3,0,1,0,0,0,0,2,1,15,2,22,5,1108,1,9,2,1
200501KF60405,2,4,0,18,0,1,0,0,0,0,1,1,15,1,25,5,400,1,14,4,1
200501KF60406,1,9,0,18,0,8,0,0,0,0,1,1,15,1,40,7,1331,1,11,4,1
200501KF60406,2,1,0,9,0,8,0,0,0,0,4,1,15,1,13,3,-1,-1,-1,2,1
200501KF60407,1,9,0,18,0,0,0,0,0,0,2,1,15,1,60,9,1597,1,8,1,1
200501KF60407,2,9,0,18,0,0,0,0,0,0,1,1,15,1,-1,-1,-1,-1,-1,-1,-1
200501KF60409,1,9,0,14,0,1,0,0,0,0,1,1,15,1,-1,-1,-1,-1,-1,-1,-1
200501KF60410,1,9,0,2,0,0,0,0,0,0,3,1,15,2,48,8,1596,1,3,1,1
200501KF60410,2,9,0,18,0,0,0,0,0,0,1,1,15,1,-1,-1,-1,-1,-1,-1,-1
200501KF60411,1,9,0,3,0,1,0,0,0,0,2,1,15,1,50,8,2438,1,14,2,1
200501KF60411,2,9,0,3,0,1,0,0,0,0,2,1,15,1,55,8,1596,1,3,1,1
200501KF60411,3,9,0,4,0,1,0,0,0,0,2,1,15,1,30,6,-1,-1,-1,2,1
200501KF60411,4,9,0,18,0,1,1,0,0,0,1,1,15,2,38,7,1995,1,9,1,1
200501KF60412,1,3,0,18,0,8,0,0,0,0,1,1,15,1,32,6,124,1,3,2,1
200501KF60412,2,19,0,9,0,8,0,0,0,0,3,1,15,1,34,6,2496,2,11,-1,-1
200501KF60413,1,9,0,18,0,0,0,0,0,0,1,1,15,1,36,7,1800,1,6,2,1
200501KF60414,1,5,0,18,0,0,0,0,0,0,3,1,15,1,33,6,996,1,2,10,1
200501KF60414,2,9,0,12,0,0,0,0,0,0,0,1,15,1,-1,-1,1895,1,6,-1,-1
200501KF60415,1,9,0,18,0,3,0,0,0,0,1,1,15,1,51,8,2438,1,11,4,1
200501KF60416,1,9,0,18,0,0,0,0,0,0,3,1,15,1,71,10,1392,1,16,4,1
200501KF60416,2,9,0,3,0,0,0,0,0,0,3,1,15,1,55,8,1196,1,9,3,1
200501KF60418,1,9,0,9,0,8,0,0,0,0,4,1,15,1,22,5,-1,-1,-1,2,1
200501KF60418,2,5,0,18,0,8,0,0,0,0,1,1,15,1,39,7,650,1,11,-1,-1
200501KF60419,1,90,0,18,0,0,0,0,0,0,0,1,15,1,25,5,-1,-1,-1,3,1
200501KF60420,1,9,0,3,0,1,0,0,0,0,2,1,15,1,24,5,-1,-1,-1,2,1
200501KF60420,2,9,0,18,0,1,0,0,0,0,1,1,15,1,-1,-1,1998,1,9,3,1
200501KF60422,1,9,0,7,0,8,1,0,0,0,2,1,15,1,-1,-1,2498,1,9,-1,-1
200501KF60423,1,9,0,4,0,1,0,0,0,0,2,1,15,1,-1,-1,-1,-1,-1,-1,-1
200501KF60423,2,9,0,4,0,1,0,0,0,0,2,1,15,2,46,8,-1,-1,-1,2,1
200501KF60423,3,9,0,18,0,1,0,0,0,0,1,1,15,1,-1,-1,2200,2,11,-1,-1
200501KF60424,1,11,0,18,0,2,0,0,0,0,0,1,1,1,58,9,5883,2,4,3,1
200501KF60425,1,9,0,18,0,0,0,10,0,0,1,1,15,2,35,6,998,1,9,3,1