Accident_Index,Vehicle_Reference,Vehicle_Type,Towing_and_Articulation,Vehicle_Manoeuvre,Vehicle_Location_Restricted_Lane,Junction_Location,Skidding_and_Overturning,Hit_Object_in_Carriageway,Vehicle_Leaving_Carriageway,Hit_Object_off_Carriageway,1st_Point_of_Impact,Was_Vehicle_Left_Hand_Drive?,Journey_Purpose_of_Driver,Sex_of_Driver,Age_of_Driver,Age_Band_of_Driver,Engine_Capacity_(CC),Propulsion_Code,Age_of_Vehicle,Driver_IMD_Decile,Driver_Home_Area_Type
200501KF60426,1,3,0,13,0,0,0,0,0,0,1,1,15,2,31,6,124,1,7,3,1
200501KF60426,2,9,0,4,0,0,0,0,0,0,2,1,15,1,-1,-1,1900,2,5,-1,-1
200501KF60427,1,11,0,18,0,1,0,0,0,0,0,1,1,1,54,8,-1,-1,-1,1,1
200501KF60428,1,4,0,11,0,0,0,0,0,0,2,1,15,2,29,6,498,1,13,5,1
200501KF60428,2,9,0,18,0,0,0,0,0,0,3,1,15,1,48,8,1399,2,-1,4,1
200501KF60428,3,9,0,18,0,0,0,0,0,0,4,1,15,1,55,8,1389,1,11,-1,-1
200501KF60429,1,9,0,18,0,0,0,0,0,0,3,1,15,1,47,8,1998,1,9,-1,-1
200501KF60430,1,9,0,18,0,1,0,0,0,0,1,1,15,1,-1,-1,-1,-1,-1,-1,-1
200501KF60431,1,9,0,3,0,0,0,0,0,0,2,1,15,2,34,6,-1,-1,-1,3,1
200501KF60431,2,9,0,3,0,0,0,0,0,0,2,1,15,2,39,7,1396,1,9,3,1
200501KF60431,3,9,0,4,0,0,0,0,0,0,1,1,15,2,20,4,1242,1,7,8,2
200501KF60432,1,9,0,18,0,1,0,0,0,0,2,1,15,2,27,6,-1,-1,-1,7,1
200501KF60432,2,9,0,18,0,1,0,0,0,0,1,1,15,1,54,8,2199,1,12,3,1
200501KF60433,1,11,0,18,0,0,0,0,0,0,0,1,15,1,23,5,5883,2,4,4,1
200501KF60434,1,9,0,3,0,1,0,0,0,0,2,1,15,2,25,5,1396,1,-1,2,1
200501KF60434,2,9,0,18,0,1,0,0,0,0,1,1,15,1,25,5,1990,1,12,2,1
200501KF60435,1,19,0,18,0,2,0,0,0,0,1,1,15,1,31,6,-1,-1,-1,2,1
200501KF60435,2,9,0,18,0,1,0,0,0,0,1,1,15,1,-1,-1,2494,1,12,-1,-1
200501KF60436,1,9,0,18,0,1,0,0,0,0,3,1,15,1,41,7,1998,1,14,3,1
200501KF60436,2,9,0,9,0,1,0,0,0,0,1,1,15,2,-1,-1,1597,1,10,-1,-1
200501KF60438,1,1,0,15,0,1,0,0,0,0,1,1,15,1,-1,-1,-1,-1,-1,-1,-1
200501KF60438,2,9,0,2,0,1,0,0,0,0,4,1,15,1,-1,-1,-1,-1,-1,-1,-1
200501KF60439,1,9,0,4,0,0,0,0,0,0,2,1,15,2,37,7,-1,-1,-1,1,1
200501KF60439,2,9,0,18,0,0,0,0,0,0,1,1,15,3,-1,-1,-1,-1,-1,-1,-1
200501KF60440,1,9,0,2,0,0,0,0,0,0,3,1,15,1,21,5,1830,1,10,2,1
200501KF60440,2,9,0,18,0,0,0,0,0,0,1,1,15,1,-1,-1,-1,-1,-1,2,1
200501KF60441,1,9,0,4,0,0,0,0,0,0,2,1,15,2,35,6,1391,1,8,2,1
200501KF60441,2,9,0,4,0,0,0,0,0,0,1,1,15,1,-1,-1,1396,1,12,2,1
200501KF60442,1,9,0,3,0,1,0,0,0,0,3,1,15,1,48,8,1587,1,6,1,1
200501KF60442,2,20,0,18,0,2,0,0,0,0,3,1,15,1,-1,-1,-1,2,8,-1,-1
200501KF60443,1,9,0,9,0,8,0,0,0,0,4,1,15,1,45,7,998,1,8,3,1
200501KF60443,2,9,0,15,0,8,0,0,0,0,1,1,15,1,-1,-1,-1,-1,-1,-1,-1
200501KF60444,1,11,0,4,0,1,0,0,0,0,0,1,1,1,-1,-1,-1,-1,-1,-1,-1
200501KF60445,1,9,0,9,0,6,0,0,0,0,3,1,15,1,-1,-1,-1,-1,-1,-1,-1
200501KF60446,1,9,0,1,0,0,0,10,1,10,1,1,15,2,41,7,1598,1,14,1,1
200501KF60448,1,9,0,18,0,8,0,0,0,0,3,1,15,1,27,6,1762,1,8,2,1
200501KF60448,2,20,0,2,0,2,0,0,0,0,3,1,15,1,40,7,-1,2,17,2,1
200501KF60448,3,9,0,18,0,8,0,0,0,0,1,1,15,1,-1,-1,-1,-1,-1,-1,-1
200501KF60450,1,9,0,3,0,1,0,0,0,0,2,1,15,1,40,7,1590,1,11,2,1
200501KF60450,2,9,0,18,0,1,0,0,0,0,1,1,15,1,-1,-1,-1,-1,-1,-1,-1
200501KF60451,1,9,0,18,0,8,0,0,0,0,3,1,15,2,23,5,1196,1,11,5,1
200501KF60451,2,9,0,9,0,8,0,0,0,0,1,1,15,2,-1,-1,1796,1,1,2,1
200501KF60452,1,9,0,18,0,1,0,0,0,0,1,1,15,2,44,7,1988,1,6,5,1
200501KF60452,2,19,0,3,0,1,0,0,0,0,2,1,15,2,22,5,-1,-1,-1,3,1
200501KF60453,1,9,0,18,0,8,0,0,0,0,1,1,15,1,-1,-1,1270,1,22,-1,-1
200501KF60454,1,4,0,18,0,1,0,0,0,0,1,1,15,2,28,6,249,1,7,3,1
200501KF60455,1,9,0,2,0,0,0,0,0,0,3,1,3,1,41,7,1994,1,8,-1,-1
200501KF60455,2,1,0,18,0,0,0,0,0,0,4,1,2,1,27,6,-1,-1,-1,3,1
200501KF60457,1,9,0,9,0,8,0,0,0,0,3,1,15,1,24,5,1149,1,3,1,1
200501KF60457,2,3,0,14,0,8,0,0,0,0,1,1,15,1,-1,-1,-1,-1,-1,-1,-1
200501KF60458,1,9,0,18,0,1,0,0,0,0,1,1,15,1,30,6,-1,-1,-1,1,1
200501KF60458,2,19,0,18,0,1,0,0,0,0,2,1,15,1,33,6,1900,2,4,2,1
200501KF60459,1,9,0,2,0,0,0,0,0,0,4,1,15,2,36,7,1595,1,8,3,1
200501KF60459,2,1,0,18,0,0,0,0,0,0,3,1,15,2,-1,-1,-1,-1,-1,1,1
200501KF60460,1,9,0,18,0,8,0,0,0,0,3,1,15,1,38,7,1997,1,8,2,1
200501KF60460,2,9,0,9,0,8,0,0,0,0,1,1,15,1,-1,-1,1598,1,-1,-1,-1
200501KF60461,1,9,0,3,0,1,0,0,0,0,2,1,15,1,38,7,1839,1,11,7,1
200501KF60461,2,9,0,18,0,1,0,0,0,0,1,1,15,1,-1,-1,-1,-1,-1,3,1
200501KF60462,1,9,0,3,0,0,0,0,0,0,2,1,15,1,33,6,-1,-1,-1,4,1
200501KF60462,2,9,0,3,0,0,0,0,0,0,2,1,15,1,41,7,1796,7,2,10,1
200501KF60462,3,9,0,18,0,0,0,0,0,0,1,1,15,1,30,6,1997,1,10,-1,-1
200501KF60463,1,9,0,4,0,1,0,0,0,0,2,1,15,1,-1,-1,2300,1,9,2,1
200501KF60463,2,9,0,18,0,1,0,0,0,0,1,1,15,1,-1,-1,1390,1,11,-1,-1
200501KF60464,1,9,0,18,2,8,0,0,0,0,1,1,15,1,-1,-1,1589,1,6,-1,-1
200501KF60464,2,9,0,9,0,8,0,0,0,0,4,1,15,1,69,10,-1,-1,-1,3,1
200501KF60466,1,19,0,4,0,8,0,0,0,0,2,1,15,1,35,6,1870,2,-1,2,1
200501KF60466,2,9,0,18,0,8,0,0,0,0,1,1,15,1,-1,-1,-1,-1,-1,-1,-1
200501KF60466,3,9,0,18,0,8,0,0,0,0,2,1,15,3,-1,-1,1149,1,4,-1,-1
200501KF60467,1,21,0,18,0,0,0,0,0,0,4,1,15,1,28,6,12600,2,2,6,1
200501KF60467,2,9,0,18,0,0,0,0,0,0,3,1,15,2,46,8,1998,1,6,1,1
200501KF60468,1,9,0,4,0,2,0,0,0,0,2,1,15,1,23,5,1400,1,6,2,1
200501KF60468,2,9,0,18,0,2,0,0,0,0,1,1,15,1,-1,-1,1299,1,12,-1,-1
200501KF60469,1,9,0,3,0,0,0,0,0,0,2,1,15,1,40,7,-1,-1,-1,1,1
200501KF60469,2,9,0,18,0,0,0,0,0,0,1,1,15,2,19,4,1390,1,5,5,1
200501KF60470,1,9,0,18,0,0,0,0,0,0,2,1,15,1,57,9,1973,1,5,4,1
200501KF60470,2,9,0,18,0,0,0,0,0,0,1,1,15,1,32,6,3600,1,8,3,1
200501KF60470,3,9,0,18,0,0,0,0,0,0,1,1,15,1,29,6,1598,1,6,4,1
200501KF60471,1,9,0,3,0,2,0,0,0,0,2,1,15,1,43,7,1399,2,2,2,1
200501KF60471,2,9,0,18,0,2,0,0,0,0,1,1,15,1,-1,-1,1597,1,11,-1,-1
200501KF60472,1,3,0,18,0,3,0,0,0,0,1,1,15,1,25,5,124,1,-1,-1,-1
200501KF60472,2,19,0,2,0,3,0,0,0,0,2,1,15,1,-1,-1,-1,-1,-1,-1,-1
200501KF60472,3,9,0,18,0,3,0,0,0,0,0,1,15,1,-1,-1,-1,-1,-1,-1,-1
200501KF60473,1,9,0,18,0,0,0,0,0,0,2,1,15,1,24,5,1389,1,13,-1,-1
200501KF60473,2,9,0,18,0,0,0,0,0,0,1,1,15,3,-1,-1,2393,1,8,-1,-1
200501KF60474,1,9,0,18,0,0,0,0,0,0,3,1,15,2,32,6,-1,-1,-1,3,1
200501KF60474,2,1,0,18,0,0,0,0,0,0,3,1,15,2,33,6,-1,-1,-1,2,1
200501KF60475,1,9,0,18,0,1,0,0,0,0,1,1,15,1,50,8,2962,1,19,1,1
200501KF60475,2,9,0,9,0,1,0,0,0,0,4,1,15,1,50,8,1596,1,13,-1,-1
200501KF60476,1,9,0,14,0,2,0,0,0,0,1,1,15,2,42,7,1753,2,4,2,2
200501KF60477,1,9,0,9,0,8,0,0,0,0,1,1,15,1,56,9,-1,-1,-1,2,1
200501KF60477,2,9,0,18,0,8,0,0,0,0,1,1,15,1,34,6,1769,1,3,1,1
200501KF60478,1,19,0,4,0,2,0,0,0,0,1,1,15,1,-1,-1,1896,2,8,-1,-1
200501KF60479,1,9,0,9,0,2,0,0,0,0,1,1,15,1,67,10,1753,2,2,4,1
200501KF60479,2,9,0,18,0,2,0,0,0,0,3,1,15,1,17,4,2498,1,9,-1,-1
200501KF60480,1,9,0,18,0,0,0,0,0,0,2,1,15,1,21,5,1390,1,4,8,1
200501KF60480,2,9,0,12,0,0,0,0,0,0,1,1,15,1,-1,-1,1796,1,5,-1,1
200501KF60481,1,11,0,3,2,1,0,0,0,0,0,1,1,1,46,8,6370,2,1,6,1
200501KF60483,1,9,0,4,0,1,0,0,0,0,2,1,15,1,42,7,-1,-1,-1,-1,-1
200501KF60483,2,3,0,18,0,1,0,0,0,0,1,1,15,1,-1,-1,125,1,4,-1,-1
200501KF60484,1,9,0,5,0,1,0,0,0,0,2,1,15,2,39,7,1600,1,7,1,1
200501KF60484,2,11,0,18,0,1,0,0,0,0,1,1,1,1,22,5,8268,2,2,-1,-1
200501KF60485,1,9,0,3,0,1,0,10,1,10,3,1,15,1,32,6,-1,-1,-1,2,1
200501KF60485,2,11,0,18,0,1,0,0,0,0,4,1,1,1,47,8,8268,2,4,-1,-1
200501KF60486,1,9,0,18,0,8,0,0,0,0,4,1,15,2,-1,-1,-1,-1,-1,-1,-1
200501KF60486,2,1,0,18,0,8,0,0,0,0,1,1,15,1,14,3,-1,-1,-1,-1,-1
200501KF60487,1,11,0,4,0,0,0,0,0,0,0,1,1,1,45,7,-1,2,6,1,1
200501KF60488,1,9,0,4,0,8,0,0,0,0,2,1,15,2,30,6,1753,2,2,3,1
200501KF60488,2,9,0,18,0,8,0,0,0,0,1,1,15,1,-1,-1,1390,1,8,-1,-1
200501KF60489,1,9,0,18,0,8,0,0,0,0,1,1,15,2,39,7,1598,1,12,2,1
200501KF60489,2,90,0,18,0,8,0,0,0,0,2,1,15,1,46,8,3500,1,5,2,1
200501KF60490,1,9,0,18,0,0,0,0,0,0,4,1,15,1,32,6,1396,1,12,3,1
200501KF60491,1,9,0,9,0,8,0,0,0,0,4,1,15,2,58,9,1796,1,-1,5,1
200501KF60491,2,19,0,18,0,8,0,0,0,0,1,1,15,1,28,6,-1,-1,-1,-1,-1
200501KF60492,1,9,0,14,0,2,0,0,0,0,3,1,15,1,33,6,2316,1,15,1,1
200501KF60492,2,1,0,18,0,2,0,0,0,0,4,1,15,1,43,7,-1,-1,-1,-1,-1
200501KF60493,1,9,0,18,0,2,0,0,0,0,1,1,15,1,49,8,1796,1,3,2,1
200501KF60493,2,1,0,18,0,2,0,0,0,0,2,1,15,1,-1,-1,-1,-1,-1,1,1
200501KF60494,1,9,0,18,0,2,0,0,0,0,3,1,15,1,32,6,998,1,9,3,1
200501KF60494,2,10,0,15,0,2,0,0,7,1,1,1,15,1,-1,-1,-1,-1,-1,-1,-1
200501KF60495,1,9,0,4,0,3,0,0,0,0,2,1,15,1,48,8,-1,-1,-1,-1,-1
200501KF60495,2,9,0,18,0,3,0,0,0,0,2,1,15,2,35,6,998,1,6,3,1
200501KF60495,3,9,0,18,0,3,0,0,0,0,1,1,15,1,41,7,2295,1,6,2,1
200501KF60496,1,9,0,18,0,2,0,0,0,0,1,1,15,1,42,7,1199,1,3,1,1
200501KF60496,2,9,0,18,0,2,0,0,0,0,1,1,15,1,-1,-1,-1,-1,-1,-1,-1
200501KF60497,1,9,0,18,0,2,0,0,0,0,1,1,15,1,24,5,-1,-1,-1,-1,-1
200501KF60497,2,9,0,18,0,2,0,0,0,0,2,1,15,1,22,5,1596,1,16,1,1
200501KF60497,3,9,0,7,0,2,0,0,0,0,0,1,15,1,-1,-1,-1,-1,-1,-1,-1
200501KF60498,1,9,0,18,0,8,0,0,0,0,1,1,15,1,41,7,-1,-1,-1,3,1
200501KF60498,2,9,0,9,0,8,0,0,0,0,4,1,15,1,35,6,1896,2,1,7,1
200501KF60499,1,9,0,18,0,2,0,0,0,0,3,1,15,1,69,10,1589,1,6,2,1
200501KF60499,2,9,0,9,0,2,0,0,0,0,1,1,15,2,42,7,1896,2,3,10,1
200501KF60500,1,9,0,7,0,8,0,0,1,0,4,1,15,2,-1,-1,1386,1,1,-1,-1
200501KF60501,1,11,0,4,2,0,0,0,0,0,0,1,1,1,28,6,-1,-1,-1,2,1
200501KF60501,2,1,0,4,2,0,0,0,0,0,0,1,15,1,-1,-1,-1,-1,-1,-1,-1
200501KF60502,1,9,0,15,0,1,0,0,0,0,1,1,15,1,26,6,-1,-1,-1,3,1
200501KF60502,2,9,0,9,0,1,0,0,0,0,4,1,15,1,22,5,-1,-1,-1,3,1
200501KF60503,1,9,0,2,0,0,0,0,1,10,3,1,15,1,31,6,998,1,6,2,1
200501KF60503,2,9,0,18,0,0,1,4,1,0,4,1,15,1,23,5,1995,1,13,-1,-1
200501KF60503,3,9,0,2,0,0,0,0,0,0,3,1,15,3,-1,-1,1998,1,9,-1,-1
200501KF60504,1,11,0,4,0,1,0,0,0,0,0,1,1,2,-1,-1,-1,-1,-1,8,1
200501KF60505,1,9,0,17,0,0,0,0,0,0,4,1,15,1,22,5,1493,1,11,-1,-1
200501KF60505,2,9,0,2,0,0,0,0,0,0,2,1,15,1,26,6,1596,1,7,-1,-1
200501KF60506,1,9,0,2,0,0,0,0,0,0,3,1,15,1,45,7,1199,1,2,9,1
200501KF60506,2,1,0,18,0,0,0,0,0,0,1,1,15,1,36,7,-1,-1,-1,2,1
200501KF60507,1,5,0,18,0,0,0,0,0,0,1,1,15,1,34,6,599,1,2,7,2
200501KF60508,1,9,0,4,0,0,0,0,0,0,2,1,15,1,36,7,1598,1,7,3,1
200501KF60508,2,9,0,18,0,0,0,0,0,0,1,1,15,2,30,6,1299,1,8,-1,-1
200501KF60509,1,11,0,17,0,3,0,0,0,0,3,1,15,1,54,8,8268,2,2,7,1
200501KF60509,2,9,0,16,0,1,0,0,0,0,3,1,15,1,44,7,1896,2,-1,-1,-1
200501KF60510,1,19,0,9,0,8,0,0,0,0,4,1,15,3,-1,-1,2402,2,1,-1,-1
200501KF60511,1,9,0,18,0,1,0,7,0,0,1,1,15,2,23,5,998,1,5,5,1
200501KF60512,1,9,0,18,0,8,0,0,0,0,4,1,15,1,74,10,1596,1,3,2,1
200501KF60512,2,9,0,9,0,8,0,0,0,0,1,1,15,1,40,7,1975,2,7,2,1
200501KF60513,1,3,0,18,2,1,0,0,0,0,3,1,15,1,20,4,-1,-1,-1,3,1
200501KF60513,2,9,0,7,0,1,0,0,0,0,4,1,15,1,29,6,-1,-1,-1,-1,-1
200501KF60514,1,19,0,18,0,8,0,0,0,0,3,1,15,1,37,7,2446,2,8,2,1
200501KF60514,2,2,0,18,0,8,0,0,0,0,1,1,15,1,19,4,49,1,5,2,1
200501KF60515,1,9,0,18,0,0,0,0,0,0,1,1,15,3,-1,-1,-1,-1,-1,-1,-1
200501KF60516,1,9,0,18,0,1,0,0,0,0,1,1,15,1,-1,-1,-1,-1,-1,-1,-1
200501KF60517,1,9,0,3,0,1,0,0,0,0,2,1,15,1,-1,-1,1598,1,-1,-1,-1
200501KF60517,2,9,0,3,0,1,0,0,0,0,2,1,15,1,25,5,1199,1,6,6,1
200501KF60517,3,9,0,18,0,1,0,0,0,0,1,1,15,3,-1,-1,1762,1,8,-1,-1
200501KF60519,1,4,0,18,0,1,0,0,0,0,1,1,15,1,26,6,-1,-1,-1,3,1
200501KF60519,2,9,0,9,0,1,0,0,0,0,3,1,15,1,41,7,-1,-1,-1,1,1
200501KF60520,1,9,0,12,0,0,0,0,0,0,2,1,15,2,20,4,1599,1,1,4,1
200501KF60520,2,5,0,18,0,0,0,0,0,0,1,1,15,1,27,6,998,1,5,10,1
200501KF60521,1,1,0,18,0,1,0,0,0,0,4,1,15,2,43,7,-1,-1,-1,1,1
200501KF60521,2,9,0,5,0,1,0,0,0,0,3,1,15,1,-1,-1,2316,1,15,1,1
200501KF60522,1,9,0,18,0,8,0,0,0,0,3,1,15,1,24,5,1242,1,3,2,1
200501KF60522,2,19,0,11,0,8,0,0,0,0,1,1,15,1,-1,-1,5880,2,-1,-1,-1
200501KF60523,1,9,0,18,0,1,0,0,0,0,4,1,15,1,37,7,-1,-1,-1,3,1
200501KF60524,1,9,0,10,0,1,0,0,0,0,2,1,15,1,28,6,2926,2,3,5,1
200501KF60524,2,9,0,18,0,1,0,0,0,0,1,1,15,1,34,6,1998,1,4,3,1
200501KF60527,1,9,0,18,0,8,0,0,0,0,4,1,15,2,-1,-1,1398,1,6,8,1
200501KF60527,2,9,0,7,0,8,0,0,0,0,1,1,15,1,-1,-1,1796,1,10,-1,-1
200501KF60528,1,9,0,3,0,2,0,0,0,0,2,1,15,1,39,7,1973,1,7,6,1
200501KF60528,2,9,0,18,0,2,0,0,0,0,1,1,15,1,-1,-1,1490,1,2,-1,-1
200501KF60529,1,1,0,18,0,0,0,0,0,0,3,1,15,1,24,5,-1,-1,-1,2,1
200501KF60529,2,19,0,18,0,0,0,0,0,0,4,1,15,3,-1,-1,2496,2,8,-1,-1
200501KF60530,1,90,0,18,0,0,0,0,0,0,1,1,15,3,-1,-1,-1,-1,-1,-1,-1
200501KF60531,1,9,0,4,0,0,0,0,0,0,2,1,15,1,56,9,1598,1,-1,2,1
200501KF60531,2,9,0,4,0,0,0,0,0,0,2,1,15,2,47,8,1997,2,2,3,1
200501KF60531,3,9,0,4,0,0,0,0,0,0,2,1,15,2,24,5,-1,-1,-1,4,1
200501KF60531,4,9,0,4,0,0,0,0,0,0,2,1,15,2,23,5,1796,1,11,6,1
200501KF60531,5,5,0,4,0,0,0,0,0,0,2,1,15,1,39,7,-1,-1,-1,2,1
200501KF60531,6,9,0,18,0,0,0,0,0,0,1,1,15,1,58,9,2461,2,3,7,1
200501KF60532,1,9,0,4,0,0,0,0,0,0,2,1,15,2,51,8,-1,-1,-1,1,1
200501KF60532,2,9,0,18,0,0,0,0,0,0,1,1,15,1,-1,-1,-1,-1,-1,-1,-1
200501KF60533,1,9,0,18,0,2,0,0,0,0,3,1,15,1,32,6,1800,1,7,1,1
200501KF60534,1,9,0,18,0,0,0,0,0,0,1,1,15,1,26,6,1990,1,16,4,1
200501KF60534,2,9,0,6,0,0,0,0,0,0,2,1,15,1,-1,-1,1700,2,8,-1,-1
200501KF60535,1,9,0,3,0,0,0,0,0,0,2,1,15,2,50,8,1396,1,12,2,1
200501KF60535,2,9,0,18,0,0,0,0,0,0,1,1,15,2,29,6,1598,1,7,1,1
200501KF60536,1,9,0,17,0,1,0,0,0,0,3,1,15,1,59,9,1796,1,7,2,1
200501KF60536,2,9,0,16,0,2,0,0,0,0,3,1,15,1,-1,-1,2495,1,9,-1,-1
200501KF60537,1,9,0,3,0,1,0,0,0,0,3,1,15,1,30,6,2685,2,1,-1,-1
200501KF60537,2,9,0,3,0,1,0,0,0,0,1,1,15,2,28,6,-1,-1,-1,-1,-1
200501KF60537,3,9,0,1,0,1,0,0,0,0,2,1,15,1,-1,-1,-1,-1,-1,-1,-1
200501KF60538,1,3,0,4,0,8,0,0,0,0,0,1,15,1,32,6,120,1,4,2,1
200501KF60538,2,9,0,2,0,8,0,0,0,0,0,1,15,3,-1,-1,-1,-1,-1,-1,-1
200501KF60540,1,9,0,17,0,8,0,0,0,0,2,1,15,1,40,7,998,1,3,2,1
200501KF60540,2,9,0,17,0,8,0,0,0,0,1,1,15,1,-1,-1,1984,1,5,-1,-1
200501KF60542,1,9,0,4,0,3,0,0,0,0,2,1,15,1,29,6,1870,2,-1,4,1
200501KF60542,2,9,0,18,0,3,0,0,0,0,1,1,15,1,-1,-1,2986,1,18,-1,-1
200501KF60543,1,9,0,4,0,0,0,0,0,0,3,1,15,2,33,6,1275,1,12,2,1
200501KF60543,2,9,0,18,0,0,0,0,0,0,3,1,15,1,-1,-1,1796,1,11,-1,-1
200501KF60545,1,19,0,3,0,0,0,0,0,0,2,1,1,1,34,6,2496,2,6,3,1
200501KF60545,2,9,0,3,0,0,0,0,0,0,2,1,2,1,37,7,2997,1,11,2,1
200501KF60545,3,19,0,3,0,0,0,0,0,0,2,1,1,1,47,8,2151,2,2,5,3
200501KF60545,4,19,0,4,0,0,0,0,0,0,1,1,1,1,36,7,1910,2,1,2,1
200501KF60546,1,9,0,3,0,1,0,0,0,0,2,1,15,2,37,7,1120,1,10,2,1
200501KF60546,2,9,0,18,0,1,0,0,0,0,1,1,15,1,-1,-1,1598,1,14,-1,-1
200501KF60547,1,5,0,4,0,0,0,0,0,0,0,1,15,1,25,5,599,1,-1,-1,-1
200501KF60548,1,9,0,18,0,0,0,0,0,0,2,1,15,1,20,4,1149,1,1,2,1
200501KF60548,2,19,0,18,0,0,0,0,0,0,1,1,15,1,-1,-1,2300,2,2,-1,-1
200501KF60549,1,9,0,9,0,1,0,0,0,0,4,1,15,1,47,8,1798,1,4,2,1
200501KF60549,2,9,0,15,0,1,0,0,0,0,1,1,15,3,-1,-1,1984,1,5,-1,-1
200501KF60550,1,9,0,9,0,8,0,0,0,0,3,1,15,1,22,5,1997,1,7,-1,-1
200501KF60550,2,1,0,18,0,8,0,0,0,0,1,1,15,1,19,4,-1,-1,-1,2,1
200501KF60551,1,9,0,18,0,8,0,0,0,0,3,1,15,2,30,6,1390,1,4,7,1
200501KF60551,2,9,0,9,0,8,0,0,0,0,1,1,15,1,-1,-1,-1,-1,-1,-1,-1
200501KF60552,1,11,0,2,0,8,0,0,0,0,0,1,1,1,47,8,-1,2,5,1,1
200501KF60553,1,9,0,18,0,1,0,0,0,0,4,1,15,2,21,5,1360,1,5,2,1
200501KF60553,2,9,0,9,0,1,0,0,0,0,3,1,15,2,-1,-1,1390,1,4,2,1
200501KF60554,1,9,0,18,0,0,0,0,0,0,3,1,15,2,25,5,1769,1,3,-1,-1
200501KF60554,2,9,0,18,0,0,0,0,0,0,3,1,15,1,41,7,24980,1,8,2,1
200501KF60555,1,3,0,15,0,0,0,0,0,0,1,1,15,1,-1,-1,-1,-1,-1,-1,-1
200501KF60556,1,9,0,18,0,3,0,0,0,0,1,1,15,1,35,6,-1,-1,-1,3,1
200501KF60556,2,9,0,4,0,3,0,0,0,0,2,1,15,1,18,4,1000,1,5,1,1
200501KF60557,1,9,0,18,0,8,0,0,0,0,1,1,15,1,-1,-1,1298,1,5,-1,-1
200501KF60557,2,9,0,9,0,8,0,0,0,0,4,1,15,1,-1,-1,1590,1,12,5,1
200501KF60559,1,9,0,18,2,8,0,0,0,0,1,1,15,2,21,5,1149,1,3,2,1
200501KF60559,2,9,0,9,0,8,0,0,0,0,4,1,15,1,50,8,1998,1,-1,2,1
200501KF60560,1,19,0,9,0,8,0,0,0,0,3,1,15,1,40,7,2496,2,12,1,1
200501KF60560,2,9,0,18,0,8,0,0,0,0,1,1,15,2,29,6,698,1,2,6,1
200501KF60561,1,19,0,18,0,0,0,10,1,0,1,1,15,3,-1,-1,-1,-1,-1,-1,-1
200501KF60562,1,9,0,17,0,8,0,0,0,0,3,1,15,1,39,7,1794,1,4,5,1
200501KF60562,2,21,0,11,0,8,0,0,0,0,4,1,15,3,-1,-1,-1,-1,-1,-1,-1
200501KF60563,1,9,0,18,0,0,0,0,0,0,3,1,15,1,18,4,1199,1,5,-1,-1
200501KF60564,1,9,0,9,0,2,0,0,0,0,1,1,15,1,28,6,1596,1,13,-1,-1
200501KF60564,2,9,0,5,0,2,0,0,0,0,1,1,15,1,32,6,1753,2,3,7,1
200501KF60565,1,9,0,18,0,2,0,0,0,0,2,1,15,1,46,8,1598,1,14,3,1
200501KF60565,2,9,0,5,0,2,0,0,0,0,3,1,15,1,-1,-1,1289,1,7,-1,-1
200501KF60566,1,4,0,18,0,0,0,0,0,0,3,1,15,2,27,6,398,1,-1,10,2
200501KF60568,1,9,0,18,0,3,0,0,0,0,3,1,15,1,35,6,1781,1,8,1,1
200501KF60568,2,9,0,18,0,3,0,0,0,0,4,1,15,1,-1,-1,-1,-1,-1,-1,-1
200501KF60569,1,9,0,18,0,8,0,0,0,0,4,1,15,1,30,6,1793,1,4,-1,-1
200501KF60570,1,9,0,9,0,8,0,0,0,0,1,1,15,1,20,4,973,1,2,4,1
200501KF60570,2,9,0,14,0,8,0,0,0,0,4,1,15,1,-1,-1,1796,1,5,3,1
200501KF60571,1,9,0,18,0,0,0,0,0,0,1,1,15,1,-1,-1,-1,-1,-1,-1,-1
200501KF60572,1,9,0,3,0,0,0,0,0,0,1,1,15,1,37,7,1798,1,1,5,1
200501KF60572,2,19,0,1,0,0,0,0,0,0,2,1,1,1,40,7,2295,7,2,-1,-1
200501KF60573,1,9,0,4,0,1,0,0,0,0,2,1,15,2,22,5,1149,1,2,6,1
200501KF60573,2,9,0,18,0,1,0,0,0,0,1,2,15,1,22,5,-1,-1,-1,4,1
200501KF60574,1,9,0,5,0,0,0,0,0,0,0,1,15,2,50,8,1975,2,10,2,1
200501KF60574,2,3,0,18,0,0,0,0,0,0,0,1,15,1,29,6,124,1,2,2,1
200501KF60575,1,9,0,18,0,8,0,0,0,0,3,1,15,2,39,7,1349,1,6,2,1
200501KF60575,2,9,0,18,0,8,0,0,0,0,1,1,15,2,35,6,-1,-1,-1,5,1
200501KF60576,1,9,0,18,0,0,0,0,0,0,1,1,15,3,-1,-1,1392,1,15,-1,-1
200501KF60577,1,1,0,18,0,2,0,0,0,0,1,1,15,3,-1,-1,-1,-1,-1,-1,-1
200501KF60578,1,1,0,18,0,8,0,0,0,0,1,1,15,1,34,6,-1,-1,-1,4,1
200501KF60578,2,9,0,9,0,8,0,0,0,0,3,1,15,1,30,6,1796,1,4,-1,-1