Accident_Index,Vehicle_Reference,Vehicle_Type,Towing_and_Articulation,Vehicle_Manoeuvre,Vehicle_Location_Restricted_Lane,Junction_Location,Skidding_and_Overturning,Hit_Object_in_Carriageway,Vehicle_Leaving_Carriageway,Hit_Object_off_Carriageway,1st_Point_of_Impact,Was_Vehicle_Left_Hand_Drive?,Journey_Purpose_of_Driver,Sex_of_Driver,Age_of_Driver,Age_Band_of_Driver,Engine_Capacity_(CC),Propulsion_Code,Age_of_Vehicle,Driver_IMD_Decile,Driver_Home_Area_Type
200501KG70340,1,9,0,13,0,2,0,0,0,0,4,1,15,1,66,10,1870,2,1,2,1
200501KG70340,2,19,0,12,0,2,0,0,0,0,3,1,15,1,-1,-1,2151,2,1,-1,-1
200501KG70341,1,9,0,3,0,1,0,0,0,0,4,1,15,2,28,6,1242,1,6,3,1
200501KG70341,2,9,0,18,0,1,0,0,0,0,3,1,15,1,-1,-1,1997,1,11,-1,-1
200501KG70342,1,9,0,4,0,0,0,0,0,0,2,1,15,1,22,5,-1,-1,-1,4,1
200501KG70342,2,9,0,18,0,0,0,0,0,0,1,1,15,1,25,5,-1,-1,-1,-1,-1
200501KG70343,1,9,0,18,0,0,0,0,0,0,1,1,15,1,-1,-1,-1,-1,-1,-1,-1
200501KG70344,1,9,0,18,0,0,0,0,0,0,1,1,15,1,47,8,2488,1,2,-1,-1
200501KG70344,2,9,0,2,0,0,0,0,0,0,2,1,15,2,-1,-1,1598,1,6,-1,-1
200501KG70344,3,9,0,2,0,0,0,0,0,0,2,1,15,1,-1,-1,1392,1,16,-1,-1
200501KG70344,4,9,0,2,0,0,0,0,0,0,1,1,15,1,-1,-1,1389,1,9,-1,-1
200501KG70347,1,9,0,18,0,8,0,0,0,0,4,1,15,1,24,5,1390,1,-1,-1,-1
200501KG70347,2,9,0,18,0,8,0,0,0,0,3,1,15,1,49,8,1798,1,3,4,1
200501KG70348,1,9,0,18,0,0,0,0,0,0,3,1,15,1,25,5,1796,1,8,2,1
200501KG70348,2,9,0,18,0,0,0,0,0,0,4,1,15,3,-1,-1,-1,-1,-1,-1,-1
200501KG70349,1,9,0,7,0,8,0,0,0,0,4,1,15,1,57,9,1598,1,11,5,1
200501KG70350,1,9,0,18,0,1,0,0,4,7,1,1,15,1,34,6,1753,2,10,5,3
200501KG70350,2,9,0,18,0,1,0,0,0,0,3,1,15,2,32,6,-1,-1,-1,1,1
200501KG70350,3,21,0,18,0,1,0,0,0,0,4,1,15,1,64,9,11021,2,2,-1,-1
200501KG70351,1,3,0,5,0,0,0,0,0,0,3,1,15,1,17,4,-1,-1,-1,-1,-1
200501KG70351,2,9,0,18,0,0,0,0,0,0,4,1,15,2,36,7,3199,1,3,9,1
200501KG70352,1,8,0,9,0,8,0,0,0,0,4,1,15,1,49,8,1905,2,9,-1,-1
200501KG70352,2,19,0,18,0,8,0,0,0,0,1,2,15,1,30,6,-1,-1,-1,2,1
200501KG70353,1,9,0,18,0,0,0,0,4,2,3,1,15,1,35,6,1397,1,17,2,1
200501KG70354,1,9,0,4,0,1,0,0,0,0,2,1,15,1,48,8,1995,2,3,5,1
200501KG70354,2,9,0,4,0,1,0,0,0,0,2,1,15,1,47,8,-1,-1,-1,8,1
200501KG70354,3,9,0,18,0,1,0,0,0,0,1,1,15,2,-1,-1,-1,-1,-1,3,1
200501KG70355,1,9,0,18,0,8,0,0,0,0,1,1,15,1,20,4,1988,1,7,3,1
200501KG70355,2,9,0,7,0,8,0,0,0,0,2,1,15,1,65,9,1388,1,2,3,1
200501KG70356,1,9,0,3,0,1,0,0,0,0,2,1,15,2,34,6,-1,-1,-1,4,1
200501KG70356,2,9,0,18,0,1,0,0,0,0,1,1,15,1,27,6,1998,1,7,2,1
200501KG70357,1,9,0,18,0,8,0,0,0,0,4,1,15,1,51,8,1597,1,6,3,1
200501KG70357,2,19,0,9,0,8,0,10,7,10,1,1,15,3,-1,-1,-1,-1,-1,-1,-1
200501KG70358,1,9,0,18,0,0,0,0,0,0,1,1,15,1,-1,-1,-1,-1,-1,-1,-1
200501KG70363,1,3,0,9,0,1,0,0,0,0,3,1,15,1,39,7,-1,-1,-1,2,1
200501KG70363,2,9,0,9,0,1,0,0,0,0,4,1,15,1,27,6,-1,-1,-1,-1,-1
200501KG70364,1,9,0,3,0,8,0,0,0,0,2,1,15,1,80,11,1299,1,2,3,1
200501KG70364,2,9,0,18,0,8,0,0,0,0,1,1,15,1,-1,-1,1299,1,11,1,1
200501KG70365,1,9,0,18,0,0,0,0,0,0,1,1,15,2,26,6,1390,1,2,3,1
200501KG70365,2,19,0,18,0,0,0,0,0,0,0,1,15,3,-1,-1,-1,-1,-1,-1,-1
200501KG70366,1,9,0,7,0,1,0,0,0,0,2,1,15,1,42,7,1995,1,11,1,1
200501KG70366,2,9,0,18,0,1,0,0,0,0,1,1,15,1,-1,-1,-1,-1,-1,1,1
200501KG70367,1,9,0,18,0,1,0,0,0,0,3,1,15,1,37,7,1994,2,3,5,1
200501KG70367,2,9,0,11,0,1,0,0,0,0,4,1,15,1,-1,-1,1360,1,8,2,1
200501KG70368,1,9,0,18,0,0,0,0,0,0,1,1,15,1,19,4,-1,-1,-1,7,1
200501KG70368,2,9,0,4,0,0,0,0,0,0,2,1,15,1,47,8,1998,2,3,5,1
200501KG70369,1,9,0,4,0,0,0,0,0,0,2,1,15,1,63,9,-1,-1,-1,6,1
200501KG70369,2,9,0,18,0,0,0,0,0,0,1,1,15,1,-1,-1,1370,1,8,2,1
200501KG70370,1,9,0,18,0,0,0,0,0,0,1,1,15,1,37,7,2598,1,8,1,1
200501KG70370,2,9,0,18,0,0,0,0,0,0,1,1,15,2,28,6,-1,-1,-1,-1,-1
200501KG70370,3,19,0,18,0,0,0,0,0,0,1,1,15,1,22,5,-1,-1,-1,9,1
200501KG70370,4,21,1,12,0,0,0,0,0,0,2,1,1,3,-1,-1,-1,-1,-1,-1,-1
200501KG70371,1,9,0,3,0,0,0,0,0,0,2,1,15,2,43,7,-1,-1,-1,3,1
200501KG70371,2,9,0,18,0,0,0,0,0,0,1,1,15,1,20,4,1597,1,11,3,1
200501KG70372,1,9,0,18,0,8,0,0,0,0,3,1,15,2,20,4,1388,1,3,-1,-1
200501KG70372,2,9,0,18,0,8,0,0,0,0,1,1,15,1,-1,-1,1998,1,7,-1,-1
200501KG70374,1,11,0,3,0,0,0,0,0,0,0,1,15,1,35,6,-1,2,6,-1,-1
200501KG70375,1,19,0,18,0,1,0,0,0,0,1,1,15,1,38,7,2068,2,14,4,1
200501KG70376,1,9,0,3,0,0,0,0,0,0,2,1,15,2,37,7,1796,1,4,2,1
200501KG70376,2,9,0,18,0,0,0,0,0,0,1,1,15,1,-1,-1,1850,1,6,-1,-1
200501KG70377,1,9,0,3,0,1,0,0,0,0,2,1,15,2,45,7,-1,-1,-1,8,1
200501KG70377,2,9,0,18,0,1,0,0,0,0,1,1,15,1,-1,-1,1388,1,5,-1,-1
200501KG70378,1,9,0,9,0,1,0,0,0,0,4,1,15,2,21,5,1360,1,2,2,1
200501KG70378,2,9,0,9,0,1,0,0,0,0,3,1,15,1,20,4,1587,1,8,-1,-1
200501KG70379,1,5,0,18,0,0,0,0,0,0,0,1,15,1,46,8,-1,-1,-1,8,1
200501KG70381,1,9,0,18,0,1,0,0,0,0,1,1,15,1,29,6,2771,1,10,3,1
200501KG70382,1,9,0,18,0,8,0,0,3,0,1,1,15,2,56,9,1396,1,8,-1,-1
200501KG70382,2,9,0,9,0,8,0,0,7,1,3,1,15,1,27,6,1392,1,8,-1,-1
200501KG70383,1,9,0,18,0,0,0,0,0,0,4,1,15,1,54,8,1388,1,2,8,1
200501KG70383,2,9,0,12,0,0,0,0,0,0,3,1,15,3,-1,-1,-1,-1,-1,-1,-1
200501KG70384,1,9,0,18,0,2,0,0,0,0,4,1,15,1,18,4,-1,-1,-1,2,1
200501KG70384,2,9,0,18,0,2,0,0,0,0,1,1,15,2,49,8,1991,1,7,3,1
200501KG70385,1,9,0,18,0,0,0,0,0,0,3,1,15,2,47,8,1493,1,8,2,1
200501KG70386,1,19,0,3,0,0,0,0,0,0,2,1,15,1,62,9,1753,2,1,2,1
200501KG70386,2,19,0,18,0,0,0,0,0,0,1,1,15,1,21,5,1998,2,4,2,1
200501KG70387,1,9,0,18,0,0,0,0,0,0,3,1,15,1,64,9,1588,1,6,-1,-1
200501KG70388,1,9,0,18,0,2,0,0,0,0,4,1,15,2,20,4,1388,1,1,4,1
200501KG70389,1,9,0,4,0,1,0,0,0,0,4,1,15,1,31,6,3430,1,14,-1,-1
200501KG70389,2,9,0,13,0,1,0,0,0,0,1,1,15,2,57,9,1796,1,15,4,1
200501KG70391,1,9,0,18,0,8,0,0,0,0,1,1,15,1,35,6,-1,-1,-1,3,1
200501KG70391,2,9,0,18,0,8,0,0,0,0,3,1,15,1,21,5,1388,1,2,1,1
200501KG70392,1,9,0,18,0,0,0,0,0,0,1,1,15,2,34,6,1298,1,10,1,1
200501KG70392,2,9,0,4,0,0,0,0,0,0,2,1,15,2,21,5,-1,-1,-1,6,1
200501KG70393,1,9,0,4,0,0,0,0,0,0,2,1,15,1,53,8,1596,1,1,3,1
200501KG70393,2,9,0,4,0,0,0,0,0,0,2,1,15,1,34,6,1600,2,4,9,1
200501KG70393,3,21,0,18,0,0,0,0,0,0,1,1,15,1,59,9,12130,2,6,4,1
200501KG70394,1,9,0,18,0,0,0,0,0,0,1,1,15,1,31,6,1753,2,14,3,1
200501KG70395,1,19,0,9,0,1,0,0,0,0,3,1,15,2,34,6,1868,2,3,2,1
200501KG70395,2,5,0,9,0,1,0,0,0,0,4,1,15,1,47,8,-1,-1,-1,5,1
200501KG70396,1,11,0,4,0,0,0,0,0,0,4,1,1,1,47,8,5883,2,4,5,1
200501KG70397,1,9,0,1,0,8,0,0,0,0,2,1,15,1,78,11,1396,1,14,-1,-1
200501KG70397,2,1,0,18,0,8,0,0,0,0,4,1,15,1,13,3,-1,-1,-1,3,1
200501KG70398,1,9,0,9,0,8,0,0,0,0,3,1,15,1,20,4,1242,1,7,4,1
200501KG70398,2,9,0,18,0,8,0,0,0,0,1,1,15,1,37,7,2980,2,9,5,1
200501KG70399,1,9,0,4,0,1,0,0,0,0,2,1,15,1,42,7,1598,1,9,3,1
200501KG70399,2,9,0,18,0,1,0,0,0,0,1,1,15,1,20,4,1242,1,5,6,1
200501KG70400,1,9,0,17,0,1,0,0,0,0,4,1,15,1,28,6,1896,2,5,3,1
200501KG70400,2,9,0,18,0,7,0,0,0,0,1,1,15,1,-1,-1,1951,2,3,-1,-1
200501KG70402,1,9,0,18,0,1,0,0,0,0,3,1,15,2,24,5,1242,1,1,5,1
200501KG70402,2,9,0,9,0,1,0,0,0,0,1,1,15,1,60,9,1799,1,9,2,1
200501KG70402,3,9,0,2,0,1,0,0,0,0,1,1,15,3,-1,-1,1199,1,1,-1,-1
200501KG70402,4,9,0,2,0,1,0,0,0,0,1,1,15,3,-1,-1,2902,2,5,-1,-1
200501KG70404,1,3,0,9,0,8,0,0,0,0,0,1,15,2,33,6,124,1,-1,9,1
200501KG70406,1,9,0,18,0,0,0,0,0,0,1,1,15,2,38,7,-1,-1,-1,2,1
200501KG70407,1,9,0,4,0,0,0,0,0,0,2,1,15,1,27,6,1794,1,2,8,1
200501KG70407,2,9,0,18,0,0,0,0,0,0,1,1,15,3,-1,-1,1799,1,10,-1,-1
200501KG70408,1,9,0,5,0,0,0,0,0,0,3,1,15,2,26,6,-1,-1,-1,4,1
200501KG70408,2,4,0,18,0,0,0,0,0,0,1,1,15,1,22,5,-1,-1,-1,3,1
200501KG70409,1,9,0,9,0,1,0,0,0,0,3,1,15,1,34,6,1396,1,15,5,1
200501KG70409,2,9,0,18,0,1,0,0,0,0,1,1,15,1,23,5,1240,1,2,4,1
200501KG70410,1,9,0,3,0,1,0,0,0,0,2,1,15,1,28,6,1390,1,4,4,1
200501KG70410,2,9,0,18,0,1,0,0,0,0,1,1,15,3,-1,-1,-1,-1,-1,-1,-1
200501KG70411,1,9,0,18,0,8,0,0,0,0,1,1,15,2,18,4,1242,1,1,3,1
200501KG70411,2,9,0,9,0,8,0,0,0,0,2,1,15,2,22,5,1124,1,12,2,1
200501KG70412,1,9,0,18,0,0,0,0,0,0,3,1,15,1,33,6,1994,2,6,1,1
200501KG70414,1,9,0,18,0,8,2,0,0,0,0,1,15,1,29,6,1299,1,5,1,1
200501KG70415,1,9,0,18,0,8,0,0,0,0,1,1,15,1,35,6,1598,1,8,6,1
200501KG70415,2,9,0,9,0,8,0,0,0,0,4,1,15,1,24,5,1598,1,-1,1,1
200501KG70417,1,1,0,18,0,8,0,0,0,0,1,1,15,1,27,6,-1,-1,-1,2,1
200501KG70417,2,9,0,9,0,8,0,0,0,0,3,1,15,1,38,7,1998,1,15,2,1
200501KG70418,1,1,0,18,0,1,0,0,0,0,4,1,15,2,20,4,-1,-1,-1,2,1
200501KG70418,2,9,0,15,0,1,0,0,0,0,1,1,15,1,54,8,-1,-1,-1,-1,-1
200501KG70419,1,9,0,18,0,1,0,0,0,0,1,1,15,1,37,7,1598,1,9,3,1
200501KG70419,2,1,0,18,0,1,0,0,0,0,4,1,15,1,20,4,-1,-1,-1,3,1
200501KG70420,1,9,0,3,0,0,0,0,0,0,2,1,15,1,47,8,-1,-1,-1,-1,-1
200501KG70420,2,9,0,4,0,0,0,0,0,0,1,1,15,1,24,5,1895,1,7,3,1
200501KG70421,1,9,0,18,0,8,5,0,0,0,3,1,15,1,23,5,2494,1,8,-1,-1
200501KG70421,2,9,0,18,0,1,0,0,0,0,3,1,15,1,29,6,1242,1,8,-1,-1
200501KG70421,3,9,0,9,0,1,0,0,0,0,4,1,15,2,43,7,1997,1,10,6,1
200501KG70422,1,9,0,18,0,0,0,0,0,0,1,1,15,2,45,7,-1,-1,-1,-1,-1
200501KG70424,1,9,0,18,0,8,0,0,0,0,4,1,15,2,20,4,1390,1,6,5,1
200501KG70424,2,9,0,18,0,8,0,0,0,0,1,1,15,1,34,6,-1,-1,-1,3,1
200501KG70425,1,9,0,9,0,8,0,0,0,0,3,1,15,2,55,8,1389,1,10,5,1
200501KG70425,2,4,0,18,0,8,0,0,0,0,3,1,15,1,20,4,499,1,2,-1,-1
200501KG70426,1,9,0,3,0,1,0,0,0,0,2,1,15,1,41,7,1849,1,8,2,1
200501KG70426,2,9,0,3,0,1,0,0,0,0,2,1,15,2,22,5,998,1,1,-1,-1
200501KG70426,3,9,0,18,0,1,0,0,0,0,1,1,15,2,38,7,1597,1,7,2,1
200501KG70427,1,9,0,18,0,8,0,0,0,0,1,1,15,2,40,7,1796,1,7,3,1
200501KG70427,2,9,0,18,0,8,0,0,0,0,4,1,15,1,18,4,1299,1,4,2,1
200501KG70428,1,9,0,3,0,1,0,0,0,0,2,1,15,2,26,6,1390,1,5,9,1
200501KG70428,2,9,0,18,0,1,0,0,0,0,1,1,15,1,-1,-1,1988,1,8,2,1
200501KG70429,1,9,0,18,0,0,1,0,0,0,1,1,15,1,55,8,1910,2,2,4,1
200501KG70430,1,9,0,4,0,0,0,0,0,0,1,1,15,2,18,4,-1,-1,-1,1,1
200501KG70430,2,9,0,18,0,0,0,0,0,0,1,1,15,1,-1,-1,1781,1,6,2,1
200501KG70431,1,9,0,4,0,1,0,0,0,0,2,1,15,1,38,7,2198,1,5,1,1
200501KG70431,2,9,0,18,0,1,0,0,0,0,1,1,15,1,-1,-1,1998,1,9,-1,-1
200501KG70432,1,5,0,18,0,8,0,0,0,0,1,1,15,1,50,8,-1,-1,-1,4,1
200501KG70432,2,9,0,9,0,8,0,0,0,0,3,1,15,1,-1,-1,1587,1,2,-1,-1
200501KG70433,1,9,0,18,0,0,0,0,0,0,1,1,15,1,53,8,1794,1,2,2,1
200501KG70433,2,9,0,6,0,0,0,0,0,0,4,1,15,3,-1,-1,1796,1,8,-1,-1
200501KG70434,1,5,0,18,0,8,0,0,0,0,1,1,15,1,24,5,598,1,8,2,1
200501KG70434,2,19,0,9,0,8,0,0,0,0,3,1,15,1,23,5,2874,2,6,2,1
200501KG70435,1,9,0,3,0,8,0,0,0,0,2,1,15,1,47,8,-1,-1,-1,4,2
200501KG70435,2,9,0,3,0,8,0,0,0,0,2,1,15,1,-1,-1,1686,2,10,2,1
200501KG70435,3,9,0,18,0,8,0,0,0,0,3,1,15,1,-1,-1,-1,-1,-1,2,1
200501KG70436,1,9,0,18,0,8,0,0,0,0,2,1,15,2,34,6,1391,1,10,5,1
200501KG70436,2,9,0,7,0,8,0,0,0,0,3,1,15,2,-1,-1,1332,1,7,3,1
200501KG70437,1,3,0,18,0,0,0,0,0,0,4,1,15,1,42,7,124,1,1,4,1
200501KG70437,2,9,0,12,0,0,0,0,0,0,3,1,15,1,-1,-1,1598,1,15,6,1
200501KG70438,1,9,0,3,0,1,0,0,0,0,2,1,15,1,37,7,1597,1,9,1,1
200501KG70438,2,9,0,18,0,1,0,0,0,0,1,1,15,1,-1,-1,1781,1,3,-1,-1
200501KG70439,1,19,0,18,0,8,0,0,0,0,4,1,1,1,29,6,1461,2,3,5,1
200501KG70439,2,9,0,18,0,8,0,0,0,0,3,1,15,1,58,9,1974,2,6,1,1
200501KG70440,1,1,0,18,0,0,0,0,0,0,3,1,15,1,15,3,-1,-1,-1,2,1
200501KG70440,2,9,0,18,0,0,0,0,0,0,1,1,15,1,38,7,2470,2,12,2,1
200501KG70441,1,9,0,18,0,0,0,0,0,0,4,1,15,1,19,4,1299,1,4,8,1
200501KG70441,2,9,0,5,0,0,0,0,0,0,3,1,15,2,30,6,1998,1,3,-1,-1
200501KG70442,1,9,0,18,0,0,0,0,0,0,2,1,15,1,22,5,1796,1,8,9,1
200501KG70442,2,9,0,18,0,0,0,0,0,0,1,1,15,1,-1,-1,1119,1,12,-1,-1
200501KG70443,1,9,0,3,0,1,0,0,0,0,2,1,15,2,56,9,1600,1,6,2,1
200501KG70443,2,9,0,18,0,1,0,0,0,0,1,1,15,1,-1,-1,-1,-1,-1,-1,-1
200501KG70445,1,5,0,18,0,2,0,0,0,0,1,1,15,1,30,6,-1,-1,-1,6,1
200501KG70445,2,9,0,12,0,2,0,0,0,0,2,1,15,3,-1,-1,-1,-1,-1,-1,-1
200501KG70446,1,9,0,18,0,8,0,0,0,0,3,1,15,1,32,6,-1,-1,-1,5,1
200501KG70446,2,9,0,17,0,8,0,0,0,0,1,1,15,1,-1,-1,-1,-1,-1,-1,-1
200501KG70447,1,1,0,18,0,1,0,0,0,0,3,1,15,1,10,2,-1,-1,-1,-1,-1
200501KG70447,2,9,0,18,0,1,0,0,0,0,1,1,15,3,-1,-1,1998,1,6,-1,-1
200501KG70448,1,4,0,13,0,1,0,0,0,0,4,1,15,1,21,5,-1,-1,-1,4,1
200501KG70448,2,9,0,9,0,1,0,0,0,0,3,1,15,1,-1,-1,1973,1,5,-1,-1
200501KG70449,1,5,0,4,0,1,0,0,0,0,1,1,15,2,38,7,647,1,9,5,1
200501KG70449,2,9,0,4,0,1,0,0,0,0,2,1,15,2,34,6,1392,1,12,2,1
200501KG70450,1,9,0,3,0,1,0,0,0,0,2,1,15,1,47,8,2500,2,19,2,1
200501KG70450,2,11,0,3,0,1,0,0,0,0,2,1,1,1,-1,-1,-1,-1,-1,-1,-1
200501KG70450,3,10,0,5,0,1,0,0,0,0,1,1,15,1,34,6,-1,-1,-1,-1,-1
200501KG70451,1,9,0,18,0,0,0,0,0,0,2,1,15,2,21,5,1242,1,7,2,1
200501KG70451,2,20,0,11,0,0,0,0,0,0,1,1,1,1,34,6,-1,-1,-1,-1,-1
200501KG70453,1,9,0,7,0,1,0,0,0,0,4,1,15,1,-1,-1,1796,1,6,4,1
200501KG70453,2,1,0,18,0,1,0,0,0,0,3,1,15,1,42,7,-1,-1,-1,10,1
200501KG70454,1,4,0,11,0,8,0,0,0,0,4,1,15,1,40,7,499,1,4,7,1
200501KG70454,2,9,0,18,0,8,0,0,0,0,3,1,15,1,20,4,-1,-1,-1,2,1
200501KG70455,1,9,0,18,0,0,0,0,0,0,2,1,15,1,36,7,2000,1,-1,5,1
200501KG70455,2,9,0,18,0,0,0,0,0,0,2,1,15,2,35,6,1679,1,3,-1,-1
200501KG70455,3,19,0,18,0,0,0,0,0,0,1,1,15,1,51,8,1753,2,11,3,1
200501KG70456,1,1,0,18,0,8,0,0,0,0,3,1,15,1,20,4,-1,-1,-1,1,1
200501KG70456,2,9,0,7,0,8,0,0,0,0,4,1,15,2,27,6,1998,1,7,6,1
200501KG70457,1,9,0,4,0,0,0,0,0,0,2,1,15,1,26,6,1597,1,6,9,1
200501KG70457,2,9,0,4,0,0,0,0,0,0,2,1,15,1,48,8,-1,-1,-1,6,1
200501KG70457,3,9,0,4,0,0,0,0,0,0,2,1,15,2,47,8,1242,1,9,4,1
200501KG70457,4,9,0,18,0,0,0,0,0,0,1,1,15,1,41,7,1795,1,6,-1,-1
200501KG70458,1,9,0,5,0,1,0,0,0,0,1,1,15,1,43,7,-1,-1,-1,-1,-1
200501KG70459,1,9,0,18,0,3,0,0,0,0,2,1,15,2,20,4,1753,2,4,6,1
200501KG70459,2,3,0,18,0,3,0,0,0,0,1,1,15,1,26,6,124,1,6,3,1
200501KG70459,3,9,0,18,0,3,0,0,0,0,0,1,15,3,-1,-1,-1,-1,-1,-1,-1
200501KG70460,1,9,0,9,0,8,0,0,0,0,3,1,15,2,38,7,999,1,3,-1,-1
200501KG70460,2,9,0,18,0,8,0,0,0,0,1,1,15,3,-1,-1,-1,-1,-1,-1,-1
200501KG70461,1,9,0,3,0,0,0,0,0,0,2,1,15,2,26,6,1390,1,10,3,1
200501KG70461,2,20,0,18,0,0,0,0,0,0,1,1,15,1,24,5,-1,-1,-1,2,1
200501KG70462,1,2,0,18,0,0,0,0,0,0,3,1,15,1,17,4,-1,-1,-1,2,1
200501KG70462,2,9,0,6,0,0,0,0,0,0,1,1,15,2,28,6,1600,1,4,5,1
200501KG70463,1,9,0,18,0,0,0,10,4,6,1,1,15,2,37,7,1493,1,11,-1,-1
200501KG70464,1,9,0,14,0,0,0,0,0,0,1,1,15,1,23,5,1596,1,4,3,1
200501KG70466,1,9,0,18,0,8,0,0,0,0,1,1,15,1,36,7,-1,-1,-1,3,1
200501KG70466,2,9,0,9,0,8,0,0,0,0,3,1,15,1,-1,-1,-1,-1,-1,-1,-1
200501KG70467,1,21,0,13,0,0,0,0,0,0,4,1,1,1,57,9,7284,2,5,3,1
200501KG70467,2,9,0,18,0,0,0,0,1,7,4,1,15,2,19,4,957,1,16,-1,-1
200501KG70468,1,3,0,18,0,0,0,0,0,0,3,1,15,1,38,7,125,1,2,3,2
200501KG70468,2,9,0,11,0,0,0,0,0,0,4,1,15,1,-1,-1,2319,1,9,-1,-1
200501KG70469,1,9,0,18,0,0,0,0,0,0,2,1,15,2,42,7,1590,1,13,2,1
200501KG70469,2,9,0,18,0,0,0,0,0,0,1,1,15,3,-1,-1,1392,1,13,-1,-1
200501KG70470,1,9,0,18,0,1,0,0,0,0,2,1,15,2,25,5,1498,1,7,3,1
200501KG70470,2,9,0,18,0,1,0,0,1,0,1,1,15,1,-1,-1,1997,1,5,-1,-1
200501KG70471,1,9,0,17,0,0,0,0,0,0,1,1,15,1,18,4,1391,1,10,1,1
200501KG70471,2,9,0,16,0,0,0,0,0,0,3,1,15,2,42,7,1896,2,6,4,1
200501KG70472,1,9,0,7,0,8,0,0,0,0,1,1,15,3,-1,-1,-1,-1,-1,-1,-1
200501KG70473,1,9,0,4,0,0,0,0,0,0,2,1,15,2,31,6,-1,-1,-1,1,1
200501KG70473,2,9,0,4,0,0,0,0,0,0,2,1,15,1,45,7,1597,1,7,10,1
200501KG70473,3,9,0,18,0,0,0,0,0,0,1,1,15,2,39,7,1988,1,9,3,1
200501KG70474,1,9,0,13,0,1,0,0,1,4,2,1,15,1,-1,-1,-1,-1,-1,-1,-1
200501KG70474,2,9,0,18,0,1,0,0,0,0,1,1,15,1,50,8,-1,-1,-1,3,1
200501KG70476,1,9,0,18,0,8,0,0,0,0,1,1,15,1,-1,-1,-1,-1,-1,-1,-1
200501KG70477,1,9,0,13,0,1,0,0,0,0,4,1,15,1,37,7,1398,2,2,5,1
200501KG70477,2,9,0,9,0,1,0,0,0,0,1,1,15,1,68,10,1360,1,8,2,1
200501KG70478,1,9,0,18,0,1,0,0,0,0,4,1,15,1,48,8,1298,1,3,6,1
200501KG70478,2,9,0,18,0,1,0,0,0,0,1,1,15,2,48,8,-1,-1,-1,2,1
200501KG70480,1,9,0,18,0,0,0,0,7,2,0,1,15,2,-1,-1,1796,1,15,-1,-1
200501KG70481,1,5,0,18,0,1,0,0,0,0,1,1,15,1,23,5,-1,-1,-1,6,1
200501KG70481,2,9,0,9,0,1,0,0,0,0,3,1,15,2,47,8,1297,1,13,4,1
200501KG70483,1,9,0,18,0,1,0,0,0,0,3,1,15,2,-1,-1,1596,1,1,-1,-1
200501KG70483,2,19,0,9,0,1,0,0,0,0,1,1,15,1,32,6,-1,-1,-1,-1,-1
200501KG70484,1,9,0,18,0,2,0,0,0,0,1,1,15,1,-1,-1,-1,-1,-1,-1,-1
200501KG70486,1,9,0,18,0,8,0,0,0,0,1,1,15,1,-1,-1,1242,1,6,-1,-1
200501KG70487,1,9,0,17,0,8,2,0,0,0,4,1,15,1,23,5,1991,1,12,4,1
200501KG70489,1,9,0,18,0,1,0,0,0,0,1,1,15,1,31,6,1753,2,9,2,1
200501KG70489,2,20,0,18,0,1,0,0,0,0,2,1,15,1,26,6,5880,2,5,3,1
200501KG70490,1,9,0,12,0,8,0,0,0,0,3,1,15,1,45,7,1997,1,5,2,1
200501KG70490,2,1,0,18,0,8,0,0,0,0,4,1,15,1,41,7,-1,-1,-1,4,1
200501KG70491,1,9,0,18,0,1,0,0,0,0,1,1,15,2,19,4,1299,1,11,3,1
200501KG70492,1,9,0,3,0,1,0,0,0,0,2,1,15,1,31,6,1587,1,2,8,1
200501KG70492,2,11,0,3,0,1,0,0,0,0,2,1,1,1,41,7,-1,2,6,7,1
200501KG70492,3,11,0,12,0,1,0,0,0,0,1,1,1,1,46,8,8268,2,2,2,1
200501KG70493,1,9,0,18,0,1,0,0,0,0,4,1,15,2,22,5,1388,1,1,2,1
200501KG70493,2,1,0,9,0,1,0,0,0,0,1,1,15,1,18,4,-1,-1,-1,3,1
200501KG70495,1,9,0,18,0,1,0,0,0,0,3,1,15,1,22,5,1299,1,3,2,1
200501KG70495,2,9,0,11,0,1,0,0,0,0,4,1,15,3,-1,-1,-1,-1,-1,-1,-1
200501KG70496,1,9,0,18,0,1,0,0,0,0,3,1,15,2,42,7,1120,1,10,-1,-1
200501KG70496,2,9,0,7,0,1,0,0,0,0,3,1,15,1,61,9,1598,1,6,4,1
200501KG70497,1,9,0,4,0,0,0,0,0,0,2,1,15,1,43,7,1800,1,7,1,1
200501KG70497,2,9,0,18,0,0,0,0,0,0,1,1,15,2,30,6,3199,1,12,8,1
200501KG70497,3,9,0,18,0,0,0,0,0,0,1,2,15,1,35,6,-1,-1,-1,-1,-1
200501KG70498,1,9,0,18,0,1,0,0,0,0,1,1,15,1,39,7,1490,1,13,1,1
200501KG70498,2,9,0,4,0,1,0,0,0,0,2,1,15,1,27,6,-1,-1,-1,3,1
200501KG70498,3,9,0,4,0,1,0,0,0,0,2,1,15,1,53,8,1587,1,6,2,1
200501KG70499,1,9,0,18,0,1,0,0,0,0,1,1,15,1,79,11,1995,1,11,-1,-1