Accident_Index,Vehicle_Reference,Vehicle_Type,Towing_and_Articulation,Vehicle_Manoeuvre,Vehicle_Location_Restricted_Lane,Junction_Location,Skidding_and_Overturning,Hit_Object_in_Carriageway,Vehicle_Leaving_Carriageway,Hit_Object_off_Carriageway,1st_Point_of_Impact,Was_Vehicle_Left_Hand_Drive?,Journey_Purpose_of_Driver,Sex_of_Driver,Age_of_Driver,Age_Band_of_Driver,Engine_Capacity_(CC),Propulsion_Code,Age_of_Vehicle,Driver_IMD_Decile,Driver_Home_Area_Type
200501KG70499,2,9,0,9,0,8,0,0,0,0,1,1,15,1,59,9,1392,1,8,4,1
200501KG70501,1,9,0,4,0,1,0,0,0,0,1,1,15,1,39,7,1242,1,6,2,1
200501KG70501,2,9,0,3,0,1,0,0,0,0,2,1,15,1,26,6,1988,1,4,-1,-1
200501KG70502,1,5,0,18,0,0,0,0,0,0,4,1,15,1,33,6,600,1,3,3,1
200501KG70503,1,3,0,7,0,3,0,0,0,0,1,1,15,1,16,4,-1,-1,-1,3,1
200501KG70503,2,9,0,18,0,8,0,0,0,0,0,1,15,1,55,8,1796,1,14,-1,-1
200501KG70504,1,9,0,9,0,3,0,0,0,0,1,1,15,1,40,7,-1,-1,-1,3,1
200501KG70505,1,3,0,18,0,1,0,0,0,0,1,1,15,1,17,4,124,1,4,5,1
200501KG70505,2,9,0,9,0,1,0,0,0,0,2,1,15,1,-1,-1,2000,1,10,2,1
200501KG70506,1,9,0,3,0,1,0,0,0,0,2,1,15,1,20,4,1598,1,3,7,1
200501KG70506,2,9,0,18,0,1,0,0,0,0,1,1,15,2,34,6,-1,-1,-1,-1,-1
200501KG70507,1,9,0,18,0,0,0,0,0,0,1,1,15,1,25,5,1199,1,4,2,1
200501KG70508,1,2,0,18,0,0,0,0,0,0,1,1,15,1,-1,-1,-1,-1,-1,-1,-1
200501KG70508,2,9,0,2,0,0,0,0,0,0,4,1,15,3,-1,-1,1753,2,9,-1,-1
200501KG70509,1,1,0,18,0,0,0,0,0,0,1,1,15,1,19,4,-1,-1,-1,-1,-1
200501KG70510,1,9,0,9,0,2,0,0,0,0,3,1,15,2,23,5,1598,1,10,5,1
200501KG70510,2,9,0,18,0,2,0,0,0,0,1,1,15,3,-1,-1,-1,-1,-1,-1,-1
200501KG70511,1,1,0,13,0,2,0,0,0,0,4,1,15,1,12,3,-1,-1,-1,3,1
200501KG70511,2,9,0,12,0,2,0,0,0,0,3,1,15,1,47,8,1896,2,2,3,1
200501KG70512,1,9,0,10,0,1,0,0,0,0,3,1,15,2,19,4,1299,1,5,4,1
200501KG70512,2,9,0,7,0,1,0,0,0,0,3,1,15,1,-1,-1,1118,1,10,4,1
200501KG70514,1,9,0,18,0,0,0,0,0,0,3,1,15,1,24,5,1753,2,2,-1,-1
200501KG70515,1,8,0,18,0,0,0,0,0,0,4,1,1,2,-1,-1,2664,2,13,-1,-1
200501KG70515,2,9,0,18,0,0,0,10,5,6,1,1,15,1,-1,-1,1761,1,7,2,1
200501KG70516,1,9,0,18,0,2,0,0,0,0,1,1,15,1,39,7,1598,1,3,2,1
200501KG70516,2,1,0,18,0,2,0,0,0,0,3,1,15,1,-1,-1,-1,-1,-1,-1,-1
200501KG70517,1,2,0,18,0,8,0,0,0,0,4,1,15,1,17,4,49,1,1,3,1
200501KG70517,2,9,0,7,0,8,0,0,0,0,1,1,15,1,-1,-1,-1,-1,-1,-1,-1
200501KG70518,1,4,0,6,0,0,0,0,0,0,3,1,15,1,-1,-1,499,1,6,-1,-1
200501KG70518,2,9,0,18,0,0,0,0,0,0,1,1,15,1,54,8,2793,1,6,6,1
200501KG70518,3,9,0,2,0,0,0,0,0,0,1,1,15,1,-1,-1,998,1,5,-1,-1
200501KG70519,1,20,0,18,0,8,0,0,0,0,1,1,1,1,47,8,-1,2,4,3,1
200501KG70519,2,9,0,18,0,8,0,0,0,0,4,1,15,2,17,4,1108,1,10,-1,-1
200501KG70520,1,9,0,18,0,8,0,0,0,0,1,1,15,2,39,7,2155,2,10,2,1
200501KG70520,2,19,0,9,0,8,0,0,0,0,4,1,15,1,40,7,1753,2,10,2,1
200501KG70520,3,9,0,9,0,8,0,0,0,0,0,1,15,1,-1,-1,-1,-1,-1,-1,-1
200501KG70521,1,9,0,9,0,3,0,0,0,0,1,1,15,1,-1,-1,-1,-1,-1,-1,-1
200501KG70523,1,9,0,3,0,1,0,0,0,0,2,1,15,1,48,8,-1,-1,-1,7,1
200501KG70523,2,9,0,4,0,1,0,0,0,0,1,1,15,2,28,6,1598,1,4,1,1
200501KG70524,1,21,1,11,0,0,0,0,0,0,1,1,1,1,57,9,12000,2,1,-1,3
200501KG70524,2,9,0,12,0,0,0,0,0,0,3,1,15,1,70,10,1390,1,11,6,1
200501KG70524,3,9,0,18,0,0,0,0,0,0,4,1,15,2,54,8,1598,1,3,-1,-1
200501KG70527,1,9,0,12,0,7,0,0,0,0,2,1,15,2,23,5,1769,2,13,6,1
200501KG70527,2,21,0,18,0,2,0,0,0,0,1,1,15,1,-1,-1,-1,2,4,-1,-1
200501KG70528,1,9,0,3,0,0,0,0,0,0,2,1,15,1,32,6,3498,1,7,6,1
200501KG70528,2,9,0,18,0,0,1,0,0,0,1,1,15,3,-1,-1,1796,1,13,-1,-1
200501KG70530,1,9,0,9,0,3,0,0,0,0,2,1,15,1,38,7,-1,-1,-1,3,1
200501KG70530,2,10,0,9,0,3,0,0,0,0,2,1,15,1,37,7,-1,-1,-1,4,1
200501KG70530,3,20,0,17,0,1,0,0,5,7,1,1,15,1,-1,-1,-1,2,18,-1,-1
200501KG70531,1,9,0,3,0,0,0,0,0,0,2,1,15,2,34,6,1149,1,6,5,1
200501KG70531,2,9,0,3,0,0,0,0,0,0,2,1,15,2,-1,-1,1596,1,15,-1,-1
200501KG70531,3,9,0,18,0,0,0,0,0,0,1,1,15,1,-1,-1,1389,1,5,4,1
200501KG70532,1,9,0,18,0,1,0,0,0,0,1,1,15,1,32,6,1999,1,4,2,1
200501KG70533,1,3,0,9,0,1,1,0,0,0,0,1,15,1,20,4,124,1,-1,5,1
200501KG70534,1,9,0,4,0,0,0,0,0,0,2,1,15,1,30,6,2256,1,10,2,1
200501KG70534,2,9,0,18,0,0,0,0,0,0,1,1,15,2,34,6,1590,1,14,5,1
200501KG70535,1,9,0,18,0,1,0,0,0,0,3,1,15,1,19,4,1388,1,4,4,1
200501KG70535,2,9,0,18,0,1,0,0,0,0,1,1,15,1,41,7,1896,2,4,5,1
200501KG70537,1,9,0,16,0,8,0,0,0,0,1,1,15,1,62,9,1468,1,11,-1,-1
200501KG70538,1,9,0,16,0,0,0,0,0,0,1,1,15,1,39,7,1600,1,5,4,1
200501KG70539,1,9,0,7,0,1,0,0,0,0,0,1,15,1,30,6,1596,1,9,3,1
200501KG70540,1,9,0,8,0,1,0,0,0,0,2,1,15,1,48,8,1993,1,17,4,1
200501KG70540,2,5,0,18,0,1,0,0,0,0,1,1,15,1,30,6,599,1,3,-1,-1
200501KG70541,1,19,0,10,0,8,0,0,0,0,3,1,15,1,19,4,2798,2,7,4,1
200501KG70541,2,9,0,9,0,8,0,0,0,0,3,1,15,1,35,6,1794,1,12,1,1
200501KG70542,1,9,0,18,0,0,0,0,0,0,1,1,15,1,57,9,-1,-1,-1,9,1
200501KG70543,1,9,0,18,0,3,0,0,0,0,4,1,15,2,34,6,-1,-1,-1,-1,-1
200501KG70544,1,9,0,18,0,1,0,0,0,0,1,1,15,2,50,8,1360,1,2,6,1
200501KG70544,2,9,0,9,0,1,0,0,0,0,4,1,15,1,21,5,1229,1,-1,3,1
200501KG70545,1,3,0,18,0,1,0,0,0,0,1,1,15,1,19,4,124,1,3,2,1
200501KG70545,2,9,0,5,0,1,0,0,0,0,3,1,15,3,-1,-1,1493,1,5,-1,-1
200501KG70546,1,9,0,3,0,0,0,0,0,0,2,1,15,2,38,7,1753,2,11,2,1
200501KG70546,2,19,0,18,0,0,0,0,0,0,1,1,15,1,19,4,2496,2,9,4,1
200501KG70547,1,5,0,13,0,3,0,0,0,0,1,1,15,2,43,7,535,1,8,8,1
200501KG70547,2,9,0,6,0,3,0,0,0,0,0,1,15,1,27,6,1388,1,2,6,1
200501KG70549,1,9,0,18,0,8,0,0,0,0,1,1,15,2,67,10,1397,1,2,6,1
200501KG70549,2,9,0,18,0,8,0,0,0,0,3,1,15,1,29,6,-1,-1,-1,4,1
200501KG70552,1,9,0,18,0,0,0,10,1,10,1,1,15,1,56,9,4164,2,11,-1,-1
200501KG70552,2,9,0,2,0,0,0,0,0,0,1,1,15,3,-1,-1,1343,1,5,-1,-1
200501KG70553,1,9,0,7,0,8,0,0,0,0,1,1,15,1,29,6,1998,1,12,2,1
200501KG70553,2,9,0,18,0,8,0,10,1,0,3,1,15,1,53,8,1974,2,4,2,1
200501KG70554,1,9,0,4,0,1,0,0,0,0,2,1,15,1,71,10,1596,1,3,3,1
200501KG70554,2,9,0,18,0,1,0,0,0,0,1,1,15,1,54,8,1998,1,6,2,1
200501KG70555,1,9,0,18,0,0,0,0,0,0,1,1,15,1,56,9,1896,2,3,-1,-1
200501KG70556,1,9,0,9,0,1,0,0,0,0,3,1,15,1,32,6,1299,1,7,2,1
200501KG70556,2,9,0,9,0,1,0,0,0,0,4,1,15,1,20,4,1597,1,9,2,1
200501KG70557,1,9,0,14,0,1,0,0,0,0,1,1,15,1,57,9,1998,2,6,7,1
200501KG70558,1,3,0,13,0,1,0,0,0,0,1,1,15,1,16,4,-1,-1,-1,4,1
200501KG70558,2,9,0,9,0,1,0,0,0,0,3,1,15,1,28,6,1299,1,-1,2,1
200501KG70559,1,19,0,1,0,1,0,0,0,0,2,1,15,2,43,7,2496,2,8,2,1
200501KG70559,2,9,0,3,0,1,0,0,0,0,1,1,15,1,50,8,1597,1,15,3,1
200501KG70560,1,9,0,18,0,8,0,0,0,0,1,1,15,1,32,6,-1,-1,-1,2,1
200501KG70560,2,9,0,9,0,8,0,0,0,0,1,1,15,1,58,9,-1,-1,-1,-1,-1
200501KG70561,1,3,0,18,0,1,0,0,0,0,3,1,15,1,43,7,85,1,11,3,1
200501KG70561,2,9,0,18,0,2,0,0,0,0,1,1,15,3,-1,-1,-1,-1,-1,-1,-1
200501KG70562,1,9,0,18,0,2,0,0,0,0,1,1,15,1,34,6,-1,-1,-1,2,1
200501KG70562,2,9,0,9,0,2,0,0,0,0,1,1,15,1,80,11,-1,-1,-1,4,1
200501KG70564,1,9,0,18,0,1,0,0,0,0,4,1,15,1,38,7,1498,1,8,4,1
200501KG70565,1,9,0,18,0,8,0,0,0,0,3,1,15,2,57,9,1590,1,14,3,1
200501KG70565,2,9,0,7,0,8,0,0,0,0,4,1,15,2,37,7,1389,1,7,3,1
200501KG70567,1,9,0,1,0,1,0,0,0,0,2,1,15,1,26,6,1388,1,2,4,1
200501KG70568,1,9,0,18,0,0,0,0,0,0,1,1,15,2,-1,-1,-1,-1,-1,7,1
200501KG70570,1,9,0,12,0,1,0,0,0,0,3,1,15,2,27,6,-1,-1,-1,1,1
200501KG70570,2,21,1,18,0,1,0,0,0,0,1,1,15,1,37,7,12816,2,2,3,1
200501KG70571,1,11,0,18,0,0,0,0,0,0,1,1,1,1,61,9,8268,2,4,2,1
200501KG70572,1,9,0,12,0,1,0,7,0,0,4,1,15,1,35,6,1973,1,5,2,1
200501KG70573,1,9,0,18,0,8,0,0,0,0,4,1,15,2,55,8,1998,1,3,2,1
200501KG70573,2,9,0,9,0,8,0,0,0,0,3,1,15,1,36,7,-1,-1,-1,-1,-1
200501KG70574,1,19,0,14,0,0,0,0,0,0,2,1,15,1,24,5,2148,2,3,2,1
200501KG70574,2,9,0,18,0,0,0,0,0,0,1,1,15,1,-1,-1,1118,1,13,-1,-1
200501KG70575,1,9,0,16,0,0,0,0,0,0,4,1,15,1,17,4,1596,1,4,6,1
200501KG70575,2,9,0,2,0,0,0,0,0,0,3,1,15,1,-1,-1,2198,1,4,-1,-1
200501KG70577,1,9,0,18,0,2,0,0,0,0,1,1,15,1,-1,-1,-1,-1,-1,-1,-1
200501KG70578,1,11,0,4,0,0,0,0,0,0,4,1,1,1,-1,-1,-1,-1,-1,-1,-1
200501KG70579,1,9,0,18,0,0,0,0,0,0,1,1,15,1,24,5,1389,1,8,2,1
200501KG70579,2,9,0,12,0,0,0,0,0,0,2,1,15,1,-1,-1,-1,-1,-1,-1,-1
200501KG70580,1,9,0,3,0,1,0,0,0,0,4,1,15,2,20,4,1299,1,4,3,1
200501KG70581,1,9,0,3,0,1,0,0,0,0,2,1,15,1,19,4,1299,1,10,3,1
200501KG70581,2,9,0,3,0,1,0,0,0,0,2,1,15,1,38,7,-1,-1,-1,3,1
200501KG70581,3,9,0,18,0,1,0,0,0,0,1,1,15,1,-1,-1,1796,1,11,-1,-1
200501KG70582,1,9,0,18,0,2,0,0,0,0,1,1,15,3,-1,-1,-1,-1,-1,-1,-1
200501KG70583,1,9,0,18,0,1,0,0,0,0,4,1,15,2,34,6,998,1,12,1,1
200501KG70583,2,9,0,18,0,1,0,0,0,0,1,1,15,2,44,7,1587,1,1,2,1
200501KG70584,1,9,0,18,0,0,0,0,0,0,4,1,15,2,63,9,1498,1,9,1,1
200501KG70587,1,9,0,5,0,8,0,0,0,0,1,1,15,1,52,8,-1,-1,-1,3,1
200501KG70587,2,9,0,18,0,8,0,0,0,0,2,1,15,1,-1,-1,1796,1,2,2,1
200501KG70588,1,19,0,18,0,8,0,0,0,0,3,1,15,1,34,6,1998,2,3,5,1
200501KG70588,2,9,0,18,0,8,0,0,0,0,1,1,15,1,31,6,-1,-1,-1,6,1
200501KG70589,1,3,0,13,0,8,0,0,0,0,1,1,15,1,19,4,124,1,2,8,1
200501KG70589,2,9,0,9,0,8,0,0,0,0,3,1,15,1,36,7,1598,1,3,8,1
200501KG70591,1,9,0,18,0,1,0,0,0,0,1,1,15,1,37,7,1796,1,-1,3,1
200501KG70593,1,9,0,18,0,0,0,0,0,0,3,1,15,2,25,5,1599,1,-1,3,1
200501KG70593,2,21,0,11,0,0,0,10,1,3,4,1,15,1,40,7,-1,-1,-1,8,1
200501KG70594,1,9,0,17,0,8,0,0,0,0,3,1,15,2,24,5,-1,-1,-1,2,1
200501KG70594,2,9,0,7,0,8,0,0,0,0,1,1,15,1,-1,-1,-1,-1,-1,-1,-1
200501KG70596,1,9,0,18,0,0,0,0,0,0,3,1,15,1,-1,-1,1598,1,7,-1,-1
200501KG70596,2,9,0,18,0,0,0,0,0,0,4,1,15,1,-1,-1,-1,-1,-1,-1,-1
200501KG70597,1,9,0,8,0,1,0,0,0,0,2,1,15,2,44,7,1597,1,7,1,1
200501KG70597,2,9,0,18,0,1,0,0,0,0,1,1,15,3,-1,-1,-1,-1,-1,-1,-1
200501KG70598,1,9,0,4,0,8,0,0,0,0,2,1,15,2,35,6,1297,1,16,6,1
200501KG70598,2,9,0,18,0,8,0,0,0,0,1,1,15,2,-1,-1,1242,1,6,-1,-1
200501KG70599,1,9,0,9,0,8,0,0,0,0,1,1,15,1,54,8,993,1,8,1,1
200501KG70599,2,9,0,9,0,8,0,0,0,0,4,1,15,1,-1,-1,1753,2,16,-1,-1
200501KG70602,1,1,0,18,0,1,0,0,0,0,3,1,2,1,57,9,-1,-1,-1,-1,-1
200501KG70602,2,9,0,13,0,1,0,0,0,0,4,1,15,3,-1,-1,-1,-1,-1,-1,-1
200501KG70603,1,9,0,9,0,8,0,0,0,0,1,1,15,1,41,7,1975,1,5,8,1
200501KG70603,2,9,0,9,0,8,0,0,0,0,4,1,15,1,25,5,1398,2,1,7,1
200501KG70604,1,9,0,18,0,0,0,0,0,0,1,1,15,3,-1,-1,1598,1,6,-1,-1
200501KG70604,2,9,0,18,0,0,0,0,0,0,2,1,15,1,42,7,1753,2,5,10,1
200501KG70606,1,9,0,18,0,8,0,0,0,0,3,1,15,2,36,7,1299,1,11,9,1
200501KG70606,2,21,1,11,0,8,0,0,0,0,4,1,1,1,-1,-1,11946,2,-1,-1,-1
200501KG70607,1,9,0,18,0,8,0,0,0,0,4,1,15,1,38,7,1392,1,15,5,1
200501KG70607,2,9,0,7,0,8,0,0,0,0,1,1,15,1,28,6,2259,1,10,10,3
200501KG70608,1,9,0,18,0,0,0,0,0,0,3,1,15,2,22,5,1242,1,5,2,1
200501KG70609,1,9,0,12,0,0,0,0,0,0,1,1,15,1,30,6,988,1,13,3,1
200501KG70609,2,9,0,18,0,0,0,0,0,0,2,1,15,1,30,6,-1,-1,-1,2,1
200501KG70610,1,9,0,18,0,8,0,0,0,0,4,1,15,1,55,8,1596,1,4,1,1
200501KG70610,2,9,0,18,0,8,0,0,0,0,1,1,15,1,78,11,1389,1,12,8,1
200501KG70611,1,9,0,18,0,1,0,0,0,0,1,1,15,1,31,6,1990,1,15,-1,-1
200501KG70612,1,9,0,14,0,0,0,0,0,0,1,1,15,1,47,8,-1,-1,-1,2,1
200501KG70612,2,19,0,1,0,0,0,0,0,0,2,1,15,1,40,7,2496,2,7,-1,-1
200501KG70614,1,21,0,4,0,0,0,0,0,0,2,1,1,1,31,6,-1,-1,-1,2,1
200501KG70614,2,21,0,18,0,0,0,0,0,0,1,1,1,1,43,7,11021,2,7,5,1
200501KG70615,1,9,0,18,0,8,0,0,0,0,1,1,15,1,23,5,-1,-1,-1,2,1
200501KG70615,2,9,0,9,0,8,0,0,0,0,4,1,15,1,63,9,1598,1,2,2,1
200501KG70616,1,9,0,6,0,8,0,0,0,0,3,1,15,1,20,4,1995,2,3,1,1
200501KG70616,2,9,0,18,0,8,0,0,0,0,1,1,15,2,-1,-1,2663,2,7,3,1
200501KG70618,1,9,0,18,0,8,0,0,0,0,1,1,15,2,61,9,1598,1,4,8,1
200501KG70618,2,9,0,18,0,8,0,0,0,0,1,1,15,1,17,4,1299,1,11,3,1
200501KG70619,1,9,0,18,0,8,0,0,0,0,4,1,15,1,20,4,-1,-1,-1,2,1
200501KG70619,2,9,0,18,0,8,0,0,0,0,1,1,15,1,32,6,1370,1,9,1,1
200501KG70620,1,9,0,18,0,0,0,0,0,0,1,1,15,1,28,6,1590,1,12,4,1
200501KG70622,1,9,0,18,0,8,0,0,0,0,1,1,15,1,21,5,1149,1,2,5,1
200501KG70622,2,9,0,18,0,8,0,0,0,0,1,1,15,3,-1,-1,-1,-1,-1,-1,-1
200501KG70623,1,9,0,18,0,8,0,0,0,0,1,1,15,1,52,8,1596,1,-1,3,1
200501KG70623,2,9,0,9,0,8,0,0,0,0,2,1,15,1,-1,-1,1896,2,1,-1,-1
200501KG70624,1,9,0,3,0,8,0,0,0,0,4,1,15,1,38,7,1468,1,2,4,1
200501KG70624,2,9,0,9,0,8,0,0,0,0,1,1,15,1,-1,-1,1799,1,9,7,1
200501KG70626,1,9,0,4,0,0,0,0,0,0,1,1,15,1,44,7,2180,2,10,3,1
200501KG70626,2,9,0,18,0,0,0,0,0,0,1,1,15,1,-1,-1,1598,1,13,2,1
200501KG70627,1,9,0,18,0,8,0,0,0,0,1,1,15,2,44,7,1997,2,3,-1,-1
200501KG70628,1,9,0,16,0,8,0,0,0,0,2,1,15,1,45,7,-1,-1,-1,3,1
200501KG70628,2,9,0,16,0,8,0,0,0,0,2,1,15,1,22,5,1149,1,1,-1,-1
200501KG70628,3,9,0,16,0,8,0,0,0,0,1,1,15,1,21,5,2088,2,12,4,1
200501KG70629,1,9,0,18,0,0,1,10,5,6,3,1,15,1,22,5,-1,-1,-1,6,1
200501KG70629,2,9,0,18,0,0,0,0,0,0,1,1,15,1,23,5,1598,1,3,-1,-1
200501KG70630,1,9,0,18,0,2,0,0,0,0,3,1,15,1,32,6,-1,-1,-1,-1,-1
200501KG70630,2,21,0,11,0,2,0,0,0,0,4,1,1,1,34,6,9200,2,-1,4,1
200501KG70637,1,9,0,3,0,0,0,0,0,0,2,1,15,2,33,6,1299,1,9,3,1
200501KG70637,2,9,0,18,0,0,0,0,0,0,1,1,15,1,-1,-1,-1,-1,-1,2,1
200501KG70638,1,9,0,18,0,8,0,0,0,0,3,1,15,1,18,4,1119,1,10,5,1
200501KG70638,2,9,0,9,0,8,0,0,0,0,1,1,15,1,-1,-1,1598,1,9,2,1
200501KG70639,1,9,0,3,0,1,0,0,0,0,0,1,15,1,20,4,1299,1,7,2,1
200501KG70639,2,5,0,14,0,1,0,0,0,0,0,1,15,1,35,6,-1,-1,-1,8,1
200501KG70643,1,9,0,18,0,1,0,0,0,0,1,1,15,1,31,6,1796,1,4,-1,-1
200501KG70643,2,9,0,18,0,2,0,0,0,0,1,1,15,1,18,4,1796,1,9,3,1
200501KG79004,1,9,0,18,0,0,0,0,0,0,1,1,15,1,-1,-1,-1,-1,-1,-1,-1
200501KG79013,1,9,0,18,0,2,0,0,0,0,3,1,15,1,41,7,2487,2,5,7,1
200501KG79048,1,9,0,5,0,6,0,0,0,0,1,1,15,1,-1,-1,1973,2,11,-1,-1
200501KG79049,1,19,0,18,0,0,0,4,7,0,1,1,15,1,24,5,1686,2,9,1,1
200501KG79049,2,19,0,2,5,0,0,4,0,0,2,1,15,3,-1,-1,-1,-1,-1,-1,-1
200501KG79049,3,9,0,2,5,0,0,0,0,0,2,1,15,1,-1,-1,-1,-1,-1,-1,-1
200501KG79049,4,9,0,2,5,0,0,0,0,0,4,1,15,3,-1,-1,-1,-1,-1,-1,-1
200501KG79049,5,9,0,2,5,0,0,0,0,0,1,1,15,1,-1,-1,1388,1,2,6,1
200501KG79071,1,9,0,18,0,0,0,7,0,0,1,1,15,1,20,4,1242,1,4,2,1
200501KG79071,2,9,0,5,0,0,0,0,0,0,0,1,15,1,55,8,2967,1,3,5,1
200501KG79080,1,9,0,3,0,1,0,0,0,0,2,1,15,2,42,7,1299,1,6,1,1
200501KG79080,2,9,0,3,0,1,0,0,0,0,2,1,15,1,-1,-1,-1,-1,-1,-1,-1
200501KG79080,3,9,0,18,0,1,0,0,0,0,1,1,15,1,-1,-1,1396,1,5,-1,-1
200501LX50004,1,9,0,18,0,0,0,0,0,0,1,1,15,1,-1,-1,-1,-1,-1,5,1
200501LX50006,1,9,0,17,0,1,0,0,0,0,1,1,15,1,35,6,1896,2,1,4,1
200501LX50007,1,9,0,18,0,1,0,0,0,0,1,1,15,1,-1,-1,2792,1,7,-1,-1
200501LX50013,1,9,0,1,0,1,0,0,0,0,2,1,15,2,44,7,1990,1,16,2,1
200501LX50016,1,19,0,9,0,3,0,7,1,10,1,1,15,1,40,7,2494,2,6,4,1
200501LX50016,2,19,0,17,0,1,0,0,0,0,4,1,15,1,28,6,2800,2,3,-1,-1
200501LX50019,1,8,0,18,0,8,0,0,0,0,1,1,15,1,68,10,2664,2,9,1,1
200501LX50019,2,9,0,4,0,8,0,0,0,0,1,1,15,1,39,7,-1,-1,-1,2,1
200501LX50020,1,9,0,18,0,1,0,0,0,0,4,1,15,3,-1,-1,-1,-1,-1,-1,-1
200501LX50021,1,9,0,3,0,1,0,0,0,0,2,1,15,1,30,6,1984,1,9,5,1
200501LX50021,2,9,0,18,0,1,0,0,0,0,1,1,15,2,24,5,1242,1,8,4,1
200501LX50022,1,9,0,9,0,1,0,0,0,0,3,1,15,1,25,5,1108,1,9,-1,-1
200501LX50022,2,1,0,18,0,1,0,0,0,0,1,1,15,1,48,8,-1,-1,-1,-1,-1
200501LX50023,1,11,0,4,0,1,0,0,0,0,0,1,1,1,54,8,9600,2,5,-1,-1
200501LX50024,1,4,0,18,0,8,1,0,0,0,3,1,15,1,25,5,499,1,4,5,1
200501LX50024,2,9,0,9,0,8,0,0,0,0,3,1,15,1,-1,-1,1149,1,8,2,1
200501LX50025,1,9,0,18,0,8,0,0,0,0,3,1,15,1,66,10,1975,1,8,3,1
200501LX50025,2,1,0,18,0,8,0,0,0,0,2,1,15,1,-1,-1,-1,-1,-1,-1,-1
200501LX50029,1,5,0,18,0,0,0,0,0,0,4,1,15,1,52,8,-1,-1,-1,9,1
200501LX50029,2,9,0,12,0,0,0,0,0,0,3,1,15,1,42,7,1996,1,11,2,1
200501LX50030,1,2,0,18,0,8,0,0,0,0,1,1,15,1,17,4,49,1,1,6,1
200501LX50030,2,9,0,1,0,8,0,0,0,0,2,1,15,1,60,9,2000,2,5,4,1
200501LX50033,1,1,0,16,0,8,0,0,0,0,2,1,15,1,38,7,-1,-1,-1,2,1
200501LX50033,2,9,0,16,0,8,0,0,0,0,1,1,15,1,-1,-1,-1,-1,-1,-1,-1
200501LX50035,1,9,0,18,0,8,0,0,0,0,4,1,15,1,49,8,1396,1,6,2,1
200501LX50035,2,9,0,7,0,8,0,0,0,0,1,1,15,1,-1,-1,1124,1,5,5,1
200501LX50036,1,9,0,18,0,8,0,0,0,0,2,1,15,2,21,5,1119,1,12,-1,-1
200501LX50036,2,9,0,9,0,8,0,0,0,0,1,1,15,1,-1,-1,1996,1,9,-1,-1
200501LX50037,1,9,0,8,0,8,0,0,0,0,2,1,15,2,22,5,1396,1,9,2,1
200501LX50037,2,9,0,18,0,8,0,0,0,0,1,1,15,2,-1,-1,1118,1,13,9,1
200501LX50039,1,11,0,18,0,1,0,0,0,0,1,1,15,1,30,6,7300,2,3,3,1
200501LX50039,2,9,0,7,0,1,0,0,0,0,3,1,15,1,-1,-1,-1,-1,-1,-1,-1
200501LX50042,1,9,0,18,0,8,0,0,0,0,3,1,15,1,31,6,1997,2,6,4,1
200501LX50042,2,9,0,9,0,8,0,0,0,0,1,1,15,1,-1,-1,1998,1,1,2,1
200501LX50043,1,9,0,7,0,1,0,0,0,0,1,1,15,1,44,7,1689,2,2,8,1
200501LX50045,1,11,0,18,0,8,0,0,0,0,0,1,1,2,42,7,11500,2,5,3,1
200501LX50045,2,9,0,7,0,8,0,0,0,0,0,1,15,3,-1,-1,-1,-1,-1,-1,-1
200501LX50046,1,9,0,18,0,0,0,0,0,0,4,1,15,1,50,8,2972,1,14,6,1
200501LX50047,1,2,0,18,0,8,0,0,0,0,3,1,15,1,61,9,49,1,17,4,1
200501LX50047,2,9,0,9,0,8,0,0,0,0,1,1,15,3,-1,-1,1119,1,10,-1,-1
200501LX50048,1,9,0,18,0,0,0,0,0,0,1,1,15,3,-1,-1,-1,-1,-1,-1,-1
200501LX50051,1,9,0,15,0,0,0,0,0,0,1,1,15,1,24,5,-1,-1,-1,2,1
200501LX50052,1,3,0,9,0,8,0,0,0,0,3,1,15,1,18,4,124,1,15,2,1
200501LX50052,2,9,0,7,0,8,0,0,0,0,3,1,15,1,23,5,1598,1,7,2,1
200501LX50054,1,9,0,18,0,8,0,0,0,0,4,1,15,1,20,4,1581,1,8,3,1
200501LX50054,2,9,0,9,0,8,0,0,0,0,1,1,15,1,43,7,2446,2,4,4,1
200501LX50059,1,1,0,18,0,8,0,0,0,0,4,1,15,2,28,6,-1,-1,-1,2,1
200501LX50059,2,19,0,7,0,8,0,0,0,0,1,1,15,3,-1,-1,2151,2,3,-1,-1
200501LX50060,1,9,0,18,0,0,0,0,0,0,3,1,15,1,65,9,-1,-1,-1,-1,-1
200501LX50061,1,9,0,2,0,0,0,0,0,0,1,1,15,1,53,8,-1,-1,-1,2,1
200501LX50061,2,9,0,1,0,0,0,4,0,0,2,1,15,1,34,6,1600,1,6,-1,-1
200501LX50062,1,4,0,18,0,8,0,0,0,0,3,1,15,1,47,8,1340,1,8,2,1
200501LX50063,1,9,0,10,0,8,0,0,0,0,1,1,15,2,29,6,-1,-1,-1,6,1