Accident_Index,Vehicle_Reference,Vehicle_Type,Towing_and_Articulation,Vehicle_Manoeuvre,Vehicle_Location_Restricted_Lane,Junction_Location,Skidding_and_Overturning,Hit_Object_in_Carriageway,Vehicle_Leaving_Carriageway,Hit_Object_off_Carriageway,1st_Point_of_Impact,Was_Vehicle_Left_Hand_Drive?,Journey_Purpose_of_Driver,Sex_of_Driver,Age_of_Driver,Age_Band_of_Driver,Engine_Capacity_(CC),Propulsion_Code,Age_of_Vehicle,Driver_IMD_Decile,Driver_Home_Area_Type
200501LX50412,1,8,0,18,0,0,0,0,0,0,1,1,15,1,57,9,2664,2,6,9,1
200501LX50413,1,9,0,18,0,0,0,0,0,0,4,1,15,2,42,7,1386,1,2,3,1
200501LX50414,1,9,0,18,0,0,0,0,0,0,1,1,15,1,-1,-1,-1,-1,-1,-1,-1
200501LX50415,1,5,0,9,0,8,0,0,0,0,1,1,15,1,21,5,625,1,7,6,1
200501LX50415,2,9,0,13,0,8,0,0,0,0,4,1,15,1,30,6,1598,7,1,2,1
200501LX50416,1,4,0,15,0,8,0,0,0,0,1,1,15,1,31,6,498,1,3,3,1
200501LX50416,2,9,0,9,0,8,0,0,0,0,3,1,15,1,-1,-1,-1,-1,-1,-1,-1
200501LX50417,1,1,0,18,0,1,0,7,0,0,0,1,15,1,34,6,-1,-1,-1,1,1
200501LX50418,1,9,0,9,0,8,0,0,0,0,4,1,15,2,58,9,1796,1,7,10,1
200501LX50418,2,9,0,18,0,8,0,0,0,0,1,1,15,1,80,11,-1,-1,-1,6,1
200501LX50419,1,3,0,18,0,0,0,0,0,0,1,1,15,1,-1,-1,125,1,-1,3,1
200501LX50420,1,8,0,18,0,0,0,0,0,0,2,1,1,1,47,8,2496,2,14,-1,-1
200501LX50420,2,11,0,18,0,0,0,0,0,0,1,1,1,1,-1,-1,7300,2,-1,2,1
200501LX50421,1,9,0,18,0,3,0,0,0,0,1,1,15,1,-1,-1,-1,-1,-1,3,1
200501LX50423,1,9,0,6,0,1,0,0,0,0,1,1,15,1,-1,-1,1999,1,2,-1,-1
200501LX50425,1,5,0,18,0,1,1,0,0,0,0,1,15,1,50,8,892,1,10,3,1
200501LX50426,1,9,0,18,0,8,0,0,0,0,1,1,15,1,41,7,1896,2,4,5,1
200501LX50426,2,9,0,18,0,8,0,0,0,0,4,1,15,1,51,8,-1,-1,-1,3,1
200501LX50427,1,11,0,18,0,0,0,0,0,0,0,1,15,1,46,8,7300,2,2,4,1
200501LX50427,2,9,0,11,0,0,0,0,0,0,0,1,15,3,-1,-1,-1,-1,-1,-1,-1
200501LX50428,1,9,0,18,0,8,0,0,0,0,3,1,15,1,41,7,4600,1,5,6,1
200501LX50428,2,2,0,18,0,8,0,0,0,0,1,1,15,1,28,6,-1,-1,-1,-1,-1
200501LX50431,1,9,0,18,0,8,0,0,0,0,3,1,15,2,60,9,899,1,8,2,1
200501LX50431,2,9,0,9,0,8,0,0,0,0,1,1,15,1,-1,-1,1587,1,6,-1,-1
200501LX50432,1,9,0,18,0,1,0,0,0,0,1,1,15,1,-1,-1,1975,1,5,-1,-1
200501LX50433,1,3,0,18,0,8,0,0,0,0,1,1,15,1,31,6,124,1,-1,4,1
200501LX50433,2,9,0,9,0,8,0,0,0,0,3,1,15,1,35,6,1780,1,18,4,1
200501LX50434,1,11,0,18,0,1,0,0,0,0,1,1,1,1,34,6,11500,2,5,7,1
200501LX50435,1,9,0,18,0,1,0,0,0,0,1,1,15,1,49,8,1799,1,8,3,1
200501LX50436,1,9,0,18,0,1,0,0,0,0,1,1,15,1,30,6,1994,1,11,3,1
200501LX50437,1,9,0,10,0,8,0,0,0,0,2,1,15,2,24,5,1149,1,2,2,1
200501LX50437,2,4,0,18,0,8,0,0,0,0,1,1,15,1,49,8,234,1,3,-1,-1
200501LX50438,1,9,0,18,0,1,0,0,0,0,1,1,15,2,38,7,1390,1,5,2,1
200501LX50439,1,11,0,18,0,2,0,0,0,0,2,1,15,1,36,7,7300,2,2,9,1
200501LX50440,1,11,0,18,0,0,0,0,0,0,0,1,1,1,34,6,9600,2,5,-1,-1
200501LX50441,1,9,0,18,0,0,1,0,0,0,4,1,15,1,43,7,-1,-1,-1,3,1
200501LX50442,1,9,0,2,0,0,0,0,0,0,3,1,15,1,42,7,2979,1,1,5,1
200501LX50442,2,1,0,18,0,0,0,0,0,0,1,1,15,1,41,7,-1,-1,-1,1,1
200501LX50443,1,11,0,4,0,3,0,0,0,0,0,1,1,1,40,7,-1,-1,-1,-1,-1
200501LX50444,1,8,0,18,0,3,0,0,0,0,1,1,1,1,44,7,2664,2,4,6,1
200501LX50445,1,9,0,9,0,8,0,0,0,0,4,1,15,1,52,8,1597,1,10,2,1
200501LX50445,2,9,0,18,0,8,0,0,0,0,1,1,15,2,59,9,-1,-1,-1,5,1
200501LX50446,1,9,0,18,0,8,0,0,0,0,1,1,15,1,50,8,1598,1,12,3,1
200501LX50446,2,9,0,9,0,8,0,0,0,0,4,1,15,1,55,8,-1,-1,-1,9,1
200501LX50447,1,9,0,18,0,1,0,0,0,0,1,1,15,1,48,8,2495,2,3,2,1
200501LX50447,2,9,0,10,0,1,0,0,0,0,2,1,15,2,23,5,1390,1,4,2,1
200501LX50448,1,9,0,18,0,0,0,0,0,0,1,1,15,1,20,4,1781,1,4,5,1
200501LX50449,1,9,0,18,0,0,0,10,1,2,4,1,15,3,-1,-1,954,1,16,-1,-1
200501LX50450,1,9,0,6,0,1,0,0,0,0,3,1,15,2,40,7,-1,-1,-1,-1,-1
200501LX50450,2,9,0,18,0,1,0,0,0,0,1,1,15,2,27,6,1995,1,9,6,1
200501LX50451,1,9,0,18,0,1,0,0,0,0,1,1,15,1,42,7,1598,1,7,6,1
200501LX50452,1,9,0,2,0,1,0,0,0,0,3,1,15,2,43,7,-1,-1,-1,2,1
200501LX50452,2,1,0,18,0,1,0,0,0,0,1,1,15,1,27,6,-1,-1,-1,3,1
200501LX50453,1,9,0,18,0,0,0,0,0,0,1,1,15,2,20,4,1149,1,6,-1,-1
200501LX50453,2,9,0,2,0,0,0,0,0,0,2,1,15,1,-1,-1,1199,1,2,-1,-1
200501LX50454,1,5,0,18,0,0,0,0,0,0,1,1,15,1,48,8,988,1,2,3,1
200501LX50454,2,9,0,6,0,0,0,0,0,0,4,1,15,1,37,7,1991,1,13,3,1
200501LX50455,1,19,0,4,0,1,0,0,0,0,2,1,15,1,38,7,2189,2,11,3,1
200501LX50455,2,19,0,18,0,1,0,0,0,0,1,1,15,1,46,8,-1,-1,-1,5,1
200501LX50456,1,9,0,18,0,1,0,0,0,0,1,1,15,1,-1,-1,1587,1,4,-1,-1
200501LX50457,1,11,0,4,0,0,0,0,0,0,0,1,1,1,38,7,7300,2,2,3,1
200501LX50458,1,9,0,18,0,1,0,0,0,0,2,1,15,1,38,7,2362,1,4,2,1
200501LX50458,2,3,0,18,0,1,0,0,0,0,1,1,15,1,37,7,-1,-1,-1,6,1
200501LX50459,1,9,0,18,0,0,0,4,0,0,1,1,15,1,27,6,1108,1,10,2,1
200501LX50459,2,9,0,2,0,0,0,0,0,0,1,1,15,3,-1,-1,-1,-1,-1,-1,-1
200501LX50460,1,4,0,18,0,0,0,0,0,0,1,1,15,1,30,6,400,1,16,-1,-1
200501LX50460,2,9,0,6,0,0,0,0,0,0,3,1,15,3,-1,-1,-1,-1,-1,-1,-1
200501LX50461,1,9,0,4,0,8,0,0,0,0,2,1,15,2,40,7,1985,1,6,4,1
200501LX50461,2,9,0,18,0,8,0,0,0,0,1,1,15,2,24,5,1598,1,10,4,1
200501LX50462,1,9,0,9,0,8,0,0,0,0,1,1,15,1,37,7,1975,1,7,6,1
200501LX50462,2,3,0,18,0,8,0,0,0,0,1,1,15,1,34,6,124,1,1,3,1
200501LX50463,1,3,0,18,0,8,0,0,0,0,1,1,15,1,37,7,100,1,5,3,1
200501LX50463,2,9,0,9,0,8,0,0,0,0,4,1,15,1,39,7,1974,2,7,1,1
200501LX50464,1,9,0,18,0,0,5,4,0,0,3,1,15,2,25,5,1242,1,5,4,1
200501LX50464,2,9,0,2,0,0,0,0,0,0,4,1,15,1,-1,-1,1796,1,15,-1,-1
200501LX50464,3,9,0,18,0,0,0,0,0,0,3,1,15,1,19,4,599,1,5,3,1
200501LX50464,4,9,0,2,0,0,0,0,0,0,3,1,15,2,-1,-1,-1,-1,-1,9,2
200501LX50465,1,9,0,4,0,1,0,0,0,0,2,1,15,2,33,6,2295,1,3,7,1
200501LX50465,2,9,0,4,0,1,0,0,0,0,2,1,15,2,42,7,1985,1,7,8,3
200501LX50465,3,9,0,18,0,1,0,0,0,0,1,1,15,1,-1,-1,1896,2,2,4,1
200501LX50466,1,2,0,18,0,8,0,0,0,0,1,1,15,1,42,7,49,1,6,6,1
200501LX50466,2,9,0,9,0,8,0,0,0,0,3,1,15,2,39,7,1997,1,7,2,1
200501LX50467,1,9,0,18,0,1,0,4,0,0,1,1,15,1,18,4,-1,-1,-1,-1,-1
200501LX50467,2,9,0,2,0,1,0,0,0,0,3,1,15,1,-1,-1,1998,1,15,-1,-1
200501LX50469,1,9,0,18,0,1,0,0,0,0,1,1,15,1,18,4,1598,1,4,4,1
200501LX50470,1,11,0,4,0,1,0,0,0,0,0,1,15,2,45,7,-1,-1,-1,1,1
200501LX50471,1,1,0,18,0,0,0,0,0,0,0,1,15,1,38,7,-1,-1,-1,3,1
200501LX50472,1,9,0,18,0,1,0,0,0,0,1,1,15,1,21,5,954,1,10,5,1
200501LX50472,2,9,0,4,0,1,0,0,0,0,2,1,15,2,23,5,1171,1,10,-1,-1
200501LX50473,1,11,0,1,0,0,0,0,0,0,0,1,1,1,33,6,-1,-1,-1,-1,-1
200501LX50474,1,9,0,6,0,8,0,0,0,0,4,1,15,1,30,6,1840,1,8,2,1
200501LX50474,2,3,0,18,0,8,0,0,0,0,2,1,15,1,20,4,-1,-1,-1,3,1
200501LX50475,1,9,0,4,0,1,0,0,0,0,2,1,15,1,36,7,1975,2,6,5,1
200501LX50475,2,9,0,4,0,1,0,0,0,0,2,1,15,2,30,6,-1,-1,-1,7,1
200501LX50475,3,9,0,18,0,1,0,0,0,0,1,1,15,1,17,4,1392,1,9,5,1
200501LX50476,1,9,0,9,0,8,0,0,0,0,1,1,15,1,42,7,1461,2,1,2,1
200501LX50477,1,9,0,4,0,1,0,0,0,0,2,1,15,1,34,6,1762,1,8,1,1
200501LX50477,2,9,0,18,0,1,0,0,0,0,1,1,15,1,47,8,-1,-1,-1,2,1
200501LX50478,1,5,0,18,0,0,1,0,0,0,1,1,15,1,22,5,892,1,9,7,1
200501LX50478,2,9,0,11,0,0,0,0,0,0,2,1,15,1,56,9,-1,-1,-1,-1,-1
200501LX50479,1,9,0,9,0,8,0,0,0,0,3,1,15,1,18,4,-1,-1,-1,4,2
200501LX50479,2,3,0,9,0,8,0,0,0,0,4,1,15,1,39,7,124,1,1,10,1
200501LX50480,1,9,0,18,0,8,0,0,0,0,3,1,15,1,-1,-1,-1,-1,-1,-1,-1
200501LX50480,2,1,0,18,0,8,0,0,0,0,4,1,15,2,24,5,-1,-1,-1,-1,-1
200501LX50481,1,19,0,5,0,3,0,0,0,0,1,1,15,1,40,7,2496,2,6,5,1
200501LX50482,1,9,0,3,0,1,0,0,0,0,2,1,15,2,45,7,1392,1,13,5,1
200501LX50482,2,9,0,18,0,1,0,0,0,0,1,1,15,1,20,4,1388,1,2,3,1
200501LX50483,1,11,0,1,0,0,0,0,0,0,0,1,15,1,32,6,-1,2,19,-1,-1
200501LX50484,1,9,0,18,0,1,1,0,0,0,3,1,15,2,36,7,1590,1,12,1,1
200501LX50484,2,11,0,18,0,3,0,0,0,0,3,1,1,1,-1,-1,-1,-1,-1,-1,-1
200501LX50486,1,9,0,9,0,8,0,0,0,0,4,1,15,1,35,6,1747,1,3,3,1
200501LX50486,2,5,0,18,0,8,0,0,0,0,1,1,15,1,28,6,599,1,1,3,1
200501LX50488,1,9,0,7,0,8,0,0,0,0,1,1,15,1,-1,-1,1781,1,5,-1,-1
200501LX50488,2,1,0,18,0,8,0,0,0,0,4,1,15,1,44,7,-1,-1,-1,6,1
200501LX50489,1,3,0,18,0,8,0,0,0,0,1,1,15,1,25,5,124,1,2,4,1
200501LX50490,1,9,0,18,0,8,0,0,0,0,1,1,15,1,48,8,1984,1,3,3,1
200501LX50490,2,3,0,18,0,8,0,0,0,0,4,1,15,2,50,8,101,1,5,5,1
200501LX50491,1,21,0,18,0,8,0,0,0,0,1,1,15,1,39,7,-1,2,10,-1,-1
200501LX50491,2,9,0,10,0,8,0,0,0,0,2,1,15,1,31,6,2324,1,3,7,1
200501LX50492,1,9,0,4,0,1,0,0,0,0,2,1,15,1,45,7,2450,1,17,4,1
200501LX50492,2,9,0,18,0,1,0,0,0,0,1,1,15,1,20,4,1598,1,9,3,1
200501LX50493,1,9,0,4,0,1,0,0,0,0,2,1,15,1,37,7,-1,-1,-1,2,1
200501LX50493,2,9,0,4,0,1,0,0,0,0,2,1,15,1,61,9,1998,1,6,7,1
200501LX50493,3,9,0,4,0,1,0,0,0,0,2,1,15,2,57,9,2849,1,17,5,1
200501LX50493,4,9,0,18,0,1,0,0,0,0,1,1,15,1,47,8,1597,1,9,5,1
200501LX50495,1,9,0,4,0,8,0,0,0,0,2,1,15,1,51,8,2184,2,3,5,1
200501LX50495,2,9,0,18,0,8,0,0,0,0,1,1,15,1,-1,-1,-1,-1,-1,-1,-1
200501LX50497,1,11,0,18,0,0,0,0,0,0,4,1,15,1,59,9,7300,2,2,2,1
200501LX50497,2,1,0,18,0,0,0,0,0,0,3,1,15,2,51,8,-1,-1,-1,4,1
200501LX50498,1,3,0,18,0,8,0,0,0,0,1,1,15,2,33,6,124,1,2,2,1
200501LX50498,2,9,0,6,0,8,0,0,0,0,3,1,15,1,34,6,1905,2,13,3,1
200501LX50500,1,9,0,3,0,1,0,0,0,0,2,1,15,1,38,7,1998,1,6,2,1
200501LX50500,2,9,0,18,0,1,0,0,0,0,1,1,15,1,-1,-1,1769,1,4,-1,-1
200501LX50501,1,4,0,17,0,8,0,0,0,0,3,1,15,1,31,6,498,1,5,3,1
200501LX50501,2,9,0,9,0,8,0,0,0,0,1,1,15,2,23,5,-1,-1,-1,2,1
200501LX50502,1,2,0,11,0,1,0,0,0,0,1,1,15,1,26,6,49,1,1,5,1
200501LX50503,1,11,0,17,0,2,0,10,0,0,4,1,1,1,46,8,-1,2,45,2,1
200501LX50504,1,9,0,18,0,8,0,0,0,0,4,1,15,1,44,7,-1,-1,-1,-1,-1
200501LX50504,2,1,0,7,0,8,0,0,0,0,1,1,15,2,45,7,-1,-1,-1,2,1
200501LX50505,1,4,0,18,0,0,0,0,0,0,1,1,15,1,33,6,149,1,2,4,1
200501LX50506,1,2,0,18,0,1,0,0,0,0,1,1,15,1,27,6,-1,-1,-1,4,1
200501LX50506,2,9,0,12,0,1,0,0,0,0,3,1,15,1,-1,-1,-1,-1,-1,-1,-1
200501LX50507,1,9,0,5,0,8,0,0,0,0,3,1,15,2,30,6,1998,1,2,3,1
200501LX50508,1,9,0,18,0,8,0,0,0,0,3,1,15,2,54,8,-1,-1,-1,5,1
200501LX50508,2,9,0,9,0,8,0,0,0,0,4,1,15,1,25,5,698,1,-1,5,1
200501LX50509,1,9,0,9,0,8,0,0,0,0,1,1,15,2,37,7,1994,1,10,2,1
200501LX50509,2,3,0,18,0,8,0,0,0,0,4,1,15,1,20,4,85,1,4,3,1
200501LX50510,1,9,0,9,0,8,0,0,0,0,0,1,15,2,55,8,1994,2,6,2,1
200501LX50510,2,2,0,18,0,8,1,0,0,0,0,1,15,1,28,6,-1,-1,-1,2,1
200501LX50512,1,19,0,18,0,8,0,10,7,10,1,1,15,1,50,8,2295,7,1,2,1
200501LX50513,1,9,0,3,0,1,0,0,0,0,2,1,15,1,32,6,-1,-1,-1,8,1
200501LX50513,2,9,0,18,0,1,0,0,0,0,1,1,15,3,-1,-1,1753,2,6,-1,-1
200501LX50514,1,9,0,18,0,8,0,0,0,0,1,1,15,1,24,5,999,1,8,6,1
200501LX50514,2,9,0,10,0,8,0,0,0,0,2,1,15,1,35,6,1781,1,2,9,1
200501LX50515,1,1,0,18,0,0,0,0,0,0,2,1,15,1,36,7,-1,-1,-1,1,1
200501LX50515,2,9,0,4,0,0,0,0,0,0,1,1,15,3,-1,-1,-1,-1,-1,-1,-1
200501LX50516,1,90,0,18,0,8,0,0,0,0,1,1,1,1,-1,-1,-1,-1,-1,2,1
200501LX50516,2,9,0,9,0,8,0,0,0,0,4,1,15,1,20,4,1196,1,12,6,1
200501LX50517,1,1,0,4,0,1,0,0,0,0,0,1,15,1,37,7,-1,-1,-1,3,1
200501LX50519,1,11,0,7,0,8,0,0,0,0,3,1,1,1,57,9,9600,2,5,3,1
200501LX50519,2,9,0,18,0,8,0,0,0,0,4,1,15,1,40,7,1761,1,7,3,1
200501LX50521,1,5,0,7,0,8,0,0,0,0,4,1,15,1,47,8,1130,1,2,9,3
200501LX50521,2,2,0,17,0,8,0,0,0,0,3,1,15,1,31,6,50,1,4,5,1
200501LX50522,1,9,0,9,0,8,0,0,0,0,1,1,15,2,55,8,-1,-1,-1,-1,-1
200501LX50523,1,1,0,18,0,0,0,0,0,0,1,1,15,2,26,6,-1,-1,-1,6,1
200501LX50523,2,9,0,6,0,0,0,0,0,0,3,1,15,1,-1,-1,-1,-1,-1,2,1
200501LX50525,1,11,0,4,0,1,0,0,0,0,0,1,1,1,32,6,7300,2,3,1,1
200501LX50526,1,9,0,18,0,8,0,0,0,0,3,1,15,2,52,8,-1,-1,-1,9,1
200501LX50526,2,9,0,9,0,8,0,0,0,0,3,1,15,1,-1,-1,1196,1,11,-1,-1
200501LX50527,1,9,0,6,0,6,0,0,0,0,3,1,15,1,23,5,-1,-1,-1,2,1
200501LX50527,2,4,0,13,0,6,0,0,0,0,1,1,15,1,45,7,233,1,9,8,1
200501LX50528,1,9,0,18,0,1,0,0,0,0,1,1,15,2,28,6,1043,1,14,4,1
200501LX50528,2,9,0,4,0,1,0,0,0,0,2,1,15,1,33,6,1360,1,9,5,1
200501LX50528,3,9,0,4,0,1,0,0,0,0,2,1,15,1,28,6,-1,-1,-1,4,1
200501LX50528,4,9,0,4,0,1,0,0,0,0,2,1,15,2,52,8,698,1,1,4,1
200501LX50530,1,2,0,18,0,0,0,0,0,0,1,1,15,1,44,7,-1,-1,-1,6,1
200501LX50533,1,19,0,18,0,0,0,0,0,0,0,1,15,1,44,7,2461,2,2,-1,-1
200501LX50533,2,9,0,18,0,0,0,0,0,0,0,1,15,1,-1,-1,-1,-1,-1,-1,-1
200501LX50534,1,9,0,7,0,8,0,10,7,1,1,1,15,3,-1,-1,-1,-1,-1,-1,-1
200501LX50535,1,9,0,9,0,8,0,0,1,0,1,1,15,2,24,5,1389,1,8,-1,-1
200501LX50535,2,1,0,7,0,8,0,0,0,0,1,1,15,2,50,8,-1,-1,-1,3,1
200501LX50536,1,9,0,7,0,0,0,0,0,0,4,1,15,1,59,9,999,1,18,2,1
200501LX50536,2,1,0,18,0,0,0,0,0,0,1,1,15,1,39,7,-1,-1,-1,2,1
200501LX50537,1,9,0,4,0,1,0,0,0,0,2,1,15,1,41,7,1984,1,3,7,1
200501LX50537,2,9,0,18,0,1,0,0,0,0,1,1,15,1,-1,-1,-1,-1,-1,-1,-1
200501LX50539,1,3,0,18,0,8,0,0,0,0,4,1,15,2,26,6,124,1,-1,3,1
200501LX50539,2,9,0,9,0,8,0,0,0,0,1,1,15,2,-1,-1,-1,-1,-1,-1,-1
200501LX50540,1,1,0,18,0,1,0,0,0,0,3,1,15,1,32,6,-1,-1,-1,1,1
200501LX50540,2,19,0,18,0,1,0,0,0,0,4,1,15,1,-1,-1,-1,-1,-1,-1,-1
200501LX50541,1,9,0,7,0,8,0,0,0,0,4,1,15,1,28,6,2393,1,1,3,1
200501LX50541,2,11,0,18,0,8,0,0,0,0,3,1,1,1,37,7,-1,2,6,4,1
200501LX50542,1,9,0,18,0,2,0,0,0,0,2,1,15,1,34,6,1850,1,9,6,1
200501LX50542,2,9,0,18,0,2,0,0,0,0,1,1,15,1,46,8,-1,-1,-1,4,3
200501LX50544,1,5,0,18,0,0,0,0,0,0,1,1,15,1,41,7,600,1,6,5,1
200501LX50544,2,9,0,9,0,0,0,0,0,0,3,1,15,2,28,6,1997,1,11,-1,-1
200501LX50545,1,8,0,18,0,0,0,0,0,0,1,1,15,1,51,8,1996,1,8,4,1
200501LX50546,1,9,0,9,0,8,0,0,0,0,4,1,15,1,29,6,-1,-1,-1,3,1
200501LX50546,2,9,0,18,2,8,0,0,0,0,1,1,15,1,22,5,-1,-1,-1,-1,-1
200501LX50547,1,19,0,18,0,1,0,0,0,0,4,1,15,3,-1,-1,-1,-1,-1,-1,-1
200501LX50548,1,9,0,3,0,1,0,0,0,0,4,1,15,1,28,6,1598,1,5,2,1
200501LX50548,2,1,0,15,0,1,0,0,0,0,1,1,15,1,36,7,-1,-1,-1,4,1
200501LX50549,1,9,0,18,0,8,0,0,0,0,3,1,15,1,42,7,-1,-1,-1,2,1
200501LX50549,2,9,0,9,0,8,0,0,0,0,1,1,15,1,-1,-1,1242,1,4,-1,-1
200501LX50550,1,9,0,9,0,8,0,0,0,0,1,1,15,1,28,6,1998,1,6,6,1
200501LX50550,2,1,0,18,0,8,0,0,0,0,3,1,15,1,31,6,-1,-1,-1,4,1
200501LX50551,1,9,0,9,0,8,0,0,0,0,4,1,15,1,54,8,-1,-1,-1,3,1
200501LX50551,2,3,0,15,0,8,0,0,0,0,1,1,15,1,23,5,85,1,3,3,1
200501LX50552,1,9,0,18,0,8,0,4,0,0,1,1,15,1,18,4,1388,1,6,10,1
200501LX50552,2,9,0,2,0,2,0,0,0,0,2,1,15,3,-1,-1,1598,1,9,-1,-1
200501LX50552,3,9,0,2,0,2,0,0,0,0,4,1,15,3,-1,-1,2599,1,16,-1,-1
200501LX50552,4,9,0,9,0,8,0,0,0,0,0,1,15,2,54,8,1498,1,6,3,1
200501LX50554,1,1,0,18,0,8,0,0,0,0,3,1,15,1,46,8,-1,-1,-1,3,1
200501LX50554,2,9,0,11,0,8,0,0,0,0,4,1,15,3,-1,-1,-1,-1,-1,-1,-1
200501LX50555,1,5,0,13,0,1,0,0,0,0,4,1,15,1,26,6,980,1,16,8,1
200501LX50555,2,9,0,6,0,1,0,0,0,0,3,1,15,2,-1,-1,1995,2,2,-1,-1
200501LX50556,1,9,0,12,0,0,0,0,0,0,2,1,15,1,40,7,-1,-1,-1,7,1
200501LX50556,2,21,0,18,0,0,0,0,0,0,1,1,15,1,-1,-1,6240,2,9,-1,-1
200501LX50557,1,4,0,18,0,8,0,0,0,0,1,1,15,1,27,6,499,1,4,3,1
200501LX50557,2,9,0,18,0,8,0,0,0,0,3,1,15,3,-1,-1,-1,-1,-1,-1,-1
200501LX50559,1,9,0,18,0,1,0,0,0,0,2,1,15,2,37,7,1299,1,1,2,1
200501LX50559,2,19,0,18,0,1,0,0,0,0,1,1,15,1,-1,-1,2496,2,7,3,1
200501LX50560,1,9,0,18,0,1,0,4,0,0,3,1,15,1,19,4,-1,-1,-1,3,1
200501LX50560,2,9,0,2,0,3,0,0,0,0,4,1,15,1,-1,-1,1988,1,7,3,1
200501LX50560,3,9,0,18,0,3,0,4,0,0,3,1,15,2,48,8,1796,1,8,2,1
200501LX50560,4,9,0,2,0,3,0,0,0,0,3,1,15,1,-1,-1,1796,1,7,3,1
200501LX50561,1,11,0,18,0,0,0,0,0,0,0,1,1,1,-1,-1,-1,2,6,-1,-1
200501LX50562,1,3,0,5,0,0,0,0,0,0,1,1,15,1,-1,-1,80,1,7,-1,-1
200501LX50563,1,19,0,18,0,8,0,0,0,0,4,1,15,1,34,6,-1,-1,-1,-1,-1
200501LX50563,2,9,0,10,0,8,0,0,0,0,1,1,15,1,39,7,1597,1,13,5,1
200501LX50564,1,21,0,18,0,1,0,0,0,0,1,1,1,1,-1,-1,12130,2,5,-1,-1
200501LX50565,1,1,0,14,0,1,0,0,0,0,1,1,15,1,27,6,-1,-1,-1,4,1
200501LX50565,2,9,0,3,0,1,0,0,0,0,3,1,15,1,-1,-1,-1,-1,-1,-1,-1
200501LX50566,1,9,0,18,0,8,0,0,0,0,1,1,15,1,-1,-1,-1,-1,-1,-1,-1
200501LX50566,2,9,0,18,0,8,0,0,0,0,1,1,15,1,55,8,2497,2,7,7,1
200501LX50566,3,19,0,9,0,8,0,0,0,0,1,1,15,1,35,6,-1,-1,-1,3,1
200501LX50567,1,9,0,7,0,2,0,0,0,0,4,1,15,2,39,7,1397,1,5,9,1
200501LX50568,1,21,0,3,0,2,0,0,0,0,2,1,1,1,34,6,58,2,8,3,1
200501LX50568,2,9,0,3,0,2,0,0,0,0,2,1,15,1,45,7,1794,1,3,8,1
200501LX50568,3,9,0,3,0,2,0,0,0,0,2,1,15,1,64,9,1997,1,14,9,3
200501LX50568,4,19,0,3,0,2,0,0,0,0,2,1,1,1,49,8,1686,2,2,2,1
200501LX50568,5,20,0,4,0,2,0,0,0,0,1,1,1,1,35,6,-1,2,9,2,1
200501LX50569,1,5,0,18,0,8,0,0,0,0,1,1,15,1,30,6,1203,1,-1,4,1
200501LX50569,2,9,0,9,0,8,0,0,0,0,4,1,15,1,23,5,1999,1,4,9,2
200501LX50570,1,9,0,18,0,0,0,0,0,0,1,1,1,1,38,7,-1,-1,-1,3,1
200501LX50571,1,9,0,4,0,1,0,0,0,0,2,1,15,2,53,8,-1,-1,-1,4,1
200501LX50571,2,9,0,18,0,1,0,0,0,0,1,1,15,1,-1,-1,1598,1,1,4,1
200501LX50572,1,9,0,4,0,0,0,0,0,0,1,1,15,1,36,7,1995,2,3,4,1
200501LX50573,1,9,0,18,0,1,0,10,1,4,0,1,15,1,23,5,1587,1,7,-1,-1
200501LX50575,1,9,0,18,0,8,0,0,0,0,1,1,15,1,66,10,-1,-1,-1,2,1
200501LX50575,2,9,0,18,0,8,0,0,0,0,4,1,15,1,69,10,-1,-1,-1,4,1
200501LX50575,3,20,0,7,0,8,0,0,0,0,1,1,1,1,50,8,-1,2,6,-1,-1
200501LX50576,1,19,0,11,0,8,0,0,0,0,1,1,15,1,29,6,2402,2,4,2,1
200501LX50576,2,1,0,18,0,8,0,0,0,0,3,1,15,1,32,6,-1,-1,-1,3,1
200501LX50577,1,9,0,18,0,2,0,0,0,0,3,1,15,2,46,8,1998,1,6,-1,-1
200501LX50578,1,9,0,9,0,8,0,0,0,0,4,1,15,1,69,10,1390,1,12,2,1
200501LX50578,2,1,0,18,0,1,0,0,0,0,1,1,15,1,35,6,-1,-1,-1,-1,-1
200501LX50579,1,3,0,18,0,1,0,0,0,0,2,1,15,1,19,4,100,1,1,4,1
200501LX50579,2,9,0,18,0,1,0,0,0,0,1,1,15,3,-1,-1,-1,-1,-1,-1,-1
200501LX50581,1,9,0,2,0,1,0,0,0,0,3,1,15,2,60,9,1390,1,9,3,1
200501LX50581,2,21,0,9,0,1,0,0,0,0,4,1,1,1,-1,-1,7284,2,5,-1,-1
200501LX50582,1,9,0,9,0,1,0,0,0,0,1,1,15,1,62,9,-1,-1,-1,2,1
200501LX50582,2,1,0,18,0,8,0,0,0,0,1,1,15,1,12,3,-1,-1,-1,2,1
200501LX50583,1,9,0,11,0,0,0,0,0,0,4,1,15,1,36,7,1598,1,4,-1,-1
200501LX50583,2,3,0,18,0,0,0,0,0,0,3,1,15,1,46,8,-1,-1,-1,2,1