Accident_Index,Vehicle_Reference,Vehicle_Type,Towing_and_Articulation,Vehicle_Manoeuvre,Vehicle_Location_Restricted_Lane,Junction_Location,Skidding_and_Overturning,Hit_Object_in_Carriageway,Vehicle_Leaving_Carriageway,Hit_Object_off_Carriageway,1st_Point_of_Impact,Was_Vehicle_Left_Hand_Drive?,Journey_Purpose_of_Driver,Sex_of_Driver,Age_of_Driver,Age_Band_of_Driver,Engine_Capacity_(CC),Propulsion_Code,Age_of_Vehicle,Driver_IMD_Decile,Driver_Home_Area_Type
200501LX50754,2,9,0,12,0,1,0,0,0,0,3,1,15,1,50,8,-1,-1,-1,-1,-1
200501LX50755,1,3,0,18,0,1,0,0,0,0,1,1,15,1,34,6,124,1,5,4,1
200501LX50755,2,8,0,5,0,1,0,0,0,0,3,1,1,1,38,7,2402,2,-1,6,1
200501LX50756,1,9,0,18,0,3,5,0,5,6,1,1,15,1,25,5,1390,1,8,3,1
200501LX50757,1,9,0,9,0,8,0,0,0,0,4,1,15,2,40,7,-1,-1,-1,3,1
200501LX50757,2,9,0,18,0,8,0,10,7,1,1,1,15,2,23,5,1998,1,1,2,1
200501LX50758,1,11,0,16,0,0,0,0,0,0,0,1,15,1,47,8,9600,2,5,-1,-1
200501LX50759,1,21,0,18,0,1,0,0,0,0,3,1,1,1,54,8,3920,2,2,2,1
200501LX50760,1,3,0,18,0,8,1,0,0,0,3,1,15,1,38,7,125,1,-1,-1,-1
200501LX50760,2,21,0,18,0,8,0,0,0,0,0,1,15,1,35,6,-1,-1,-1,-1,-1
200501LX50760,3,1,0,18,0,8,1,0,0,0,1,1,15,1,28,6,-1,-1,-1,8,1
200501LX50760,4,1,0,18,0,8,1,0,0,0,1,1,15,1,-1,-1,-1,-1,-1,3,1
200501LX50761,1,3,0,18,0,1,0,0,0,0,0,1,15,1,28,6,-1,-1,-1,4,1
200501LX50761,2,9,0,9,0,8,0,0,0,0,0,1,15,1,-1,-1,1390,1,8,-1,-1
200501LX50762,1,9,0,18,0,0,0,0,0,0,3,1,15,1,26,6,1392,1,13,4,1
200501LX50763,1,9,0,18,0,0,0,0,0,0,1,1,15,1,32,6,1988,1,8,4,1
200501LX50764,1,9,0,17,0,2,0,0,0,0,1,1,15,1,38,7,1991,1,6,3,1
200501LX50765,1,9,0,18,0,0,0,0,1,10,1,1,15,1,31,6,-1,-1,-1,4,1
200501LX50767,1,9,0,2,0,0,0,0,0,0,3,1,15,1,32,6,1896,2,10,3,1
200501LX50767,2,1,0,18,0,0,0,0,0,0,1,1,15,1,36,7,-1,-1,-1,3,1
200501LX50768,1,9,0,18,0,0,0,0,0,0,3,1,15,2,34,6,1698,2,8,6,1
200501LX50769,1,9,0,7,0,8,0,0,0,0,2,1,15,1,29,6,-1,-1,-1,8,1
200501LX50769,2,1,0,18,0,8,0,0,0,0,1,1,15,1,51,8,-1,-1,-1,2,1
200501LX50770,1,3,0,18,0,0,0,0,0,0,1,1,15,2,28,6,124,1,5,6,1
200501LX50771,1,1,0,9,0,8,0,0,0,0,3,1,15,1,38,7,-1,-1,-1,-1,-1
200501LX50771,2,9,0,18,0,8,0,0,0,0,1,1,15,1,-1,-1,-1,-1,-1,-1,-1
200501LX50772,1,9,0,11,0,8,0,0,0,0,4,1,15,1,37,7,-1,-1,-1,8,1
200501LX50772,2,3,0,18,0,8,0,0,0,0,1,1,15,1,-1,-1,124,1,7,-1,-1
200501LX50772,3,9,0,18,0,8,0,0,0,0,3,1,15,3,-1,-1,1199,1,4,-1,-1
200501LX50774,1,9,0,2,0,0,0,0,0,0,2,1,15,1,42,7,1796,1,13,2,1
200501LX50774,2,1,0,18,0,0,0,0,0,0,1,1,15,1,39,7,-1,-1,-1,2,1
200501LX50775,1,19,0,4,0,2,0,0,0,0,2,1,15,1,35,6,1295,1,6,4,1
200501LX50775,2,9,0,18,0,2,0,0,0,0,1,1,15,1,-1,-1,-1,-1,-1,-1,-1
200501LX50776,1,19,0,18,0,0,0,0,0,0,3,1,15,1,32,6,1753,2,1,3,1
200501LX50776,2,9,0,2,0,0,0,0,0,0,3,1,15,3,-1,-1,-1,-1,-1,-1,-1
200501LX50776,3,9,0,2,0,0,0,0,0,0,3,1,15,3,-1,-1,-1,-1,-1,-1,-1
200501LX50777,1,11,0,4,0,1,0,0,0,0,0,1,15,1,40,7,-1,-1,-1,4,1
200501LX50778,1,9,0,4,0,1,0,0,0,0,2,1,15,2,30,6,-1,-1,-1,4,1
200501LX50778,2,9,0,18,0,1,0,0,0,0,1,1,15,2,30,6,1598,1,7,6,1
200501LX50779,1,9,0,18,0,1,0,0,0,0,4,1,15,1,-1,-1,-1,-1,-1,-1,-1
200501LX50780,1,5,0,18,0,0,0,0,0,0,3,1,15,1,41,7,600,1,8,4,1
200501LX50780,2,9,0,18,0,0,0,0,0,0,4,1,15,2,-1,-1,-1,-1,-1,-1,-1
200501LX50783,1,21,0,3,0,0,0,0,0,0,2,1,15,1,-1,-1,5480,2,12,5,1
200501LX50783,2,1,0,15,0,0,0,0,0,0,1,1,15,1,28,6,-1,-1,-1,6,1
200501LX50785,1,11,0,18,0,1,0,0,0,0,0,1,1,2,42,7,-1,2,40,1,1
200501LX50785,2,9,0,11,0,1,0,0,0,0,0,1,15,3,-1,-1,-1,-1,-1,-1,-1
200501LX50787,1,11,0,5,0,1,0,0,0,0,0,1,1,1,45,7,8268,2,2,4,1
200501LX50788,1,5,0,9,0,8,0,0,0,0,3,1,15,1,42,7,647,1,3,3,1
200501LX50788,2,3,0,13,0,8,0,0,0,0,1,1,15,1,-1,-1,124,1,4,-1,-1
200501LX50790,1,9,0,7,0,8,0,0,0,0,2,1,15,2,26,6,1360,1,15,4,1
200501LX50790,2,9,0,18,0,8,0,0,0,0,1,1,15,2,-1,-1,1242,1,3,-1,-1
200501LX50790,3,9,0,18,0,8,0,0,0,0,0,1,15,3,-1,-1,-1,-1,-1,-1,-1
200501LX50791,1,5,0,14,0,1,0,0,0,0,1,1,15,1,-1,-1,-1,-1,-1,-1,-1
200501LX50792,1,11,0,18,0,0,0,0,0,0,3,1,1,1,35,6,9600,2,5,-1,-1
200501LX50792,2,9,0,11,0,0,0,0,0,0,4,1,15,1,38,7,-1,-1,-1,-1,-1
200501LX50793,1,9,0,16,0,8,0,0,0,0,2,1,15,2,22,5,1396,1,7,2,1
200501LX50793,2,9,0,16,0,8,0,0,0,0,1,1,15,1,-1,-1,-1,-1,-1,-1,-1
200501LX50794,1,9,0,7,0,8,0,0,0,0,4,1,15,1,-1,-1,1700,2,11,-1,-1
200501LX50794,2,1,0,18,0,8,0,0,0,0,1,1,15,1,29,6,-1,-1,-1,6,1
200501LX50795,1,9,0,18,0,0,0,0,0,0,1,1,15,2,25,5,-1,-1,-1,3,1
200501LX50797,1,3,0,9,0,8,0,0,0,0,1,1,15,1,36,7,125,1,-1,4,1
200501LX50797,2,9,0,18,0,8,0,0,0,0,3,1,15,2,35,6,1590,1,12,3,1
200501LX50798,1,1,0,18,0,0,0,4,0,0,1,1,15,1,23,5,-1,-1,-1,3,1
200501LX50798,2,9,0,2,0,0,0,0,0,0,3,1,15,1,33,6,1799,1,8,2,1
200501LX50798,3,11,0,5,0,0,0,0,0,0,0,1,1,3,-1,-1,-1,-1,-1,-1,-1
200501LX50799,1,3,0,18,0,1,0,0,0,0,1,1,15,1,29,6,124,1,8,4,1
200501LX50800,1,9,0,18,0,8,0,0,0,0,0,1,15,1,28,6,1390,1,11,3,1
200501LX50800,2,2,0,7,0,8,0,10,7,0,0,1,15,1,-1,-1,-1,-1,-1,-1,-1
200501LX50801,1,3,0,18,0,8,0,0,0,0,3,1,15,1,37,7,85,1,9,7,1
200501LX50801,2,9,0,9,0,8,0,0,0,0,0,1,15,1,30,6,1769,1,3,3,1
200501LX50802,1,9,0,6,0,1,0,0,0,0,3,1,15,1,23,5,1998,1,7,7,1
200501LX50802,2,9,0,18,0,1,0,0,0,0,4,1,15,1,32,6,1270,1,17,1,1
200501LX50803,1,3,0,3,0,1,0,0,0,0,1,1,15,1,32,6,-1,-1,-1,6,1
200501LX50803,2,9,0,1,0,1,0,0,0,0,2,1,15,1,-1,-1,1149,1,1,-1,-1
200501LX50804,1,1,0,18,0,8,0,0,0,0,3,1,15,1,28,6,-1,-1,-1,4,1
200501LX50804,2,9,0,7,0,8,0,0,0,0,4,1,15,1,-1,-1,1796,1,11,-1,-1
200501LX50805,1,19,0,5,0,0,0,0,0,0,1,1,15,1,49,8,2461,2,-1,9,1
200501LX50805,2,9,0,14,0,0,0,0,0,0,2,1,15,1,36,7,2300,1,8,4,1
200501LX50806,1,9,0,3,0,0,0,0,0,0,2,1,15,1,40,7,1124,1,3,7,1
200501LX50806,2,9,0,3,0,0,0,0,0,0,2,1,15,2,29,6,-1,-1,-1,5,1
200501LX50806,3,9,0,18,0,0,0,0,0,0,1,1,15,1,21,5,1124,1,3,-1,-1
200501LX50807,1,9,0,18,0,0,0,10,0,0,4,1,15,2,26,6,1399,2,-1,3,1
200501LX50809,1,5,0,18,0,1,1,0,0,0,1,1,15,1,26,6,645,1,4,6,1
200501LX50809,2,19,0,9,0,8,0,0,0,0,0,1,15,1,-1,-1,1998,2,3,-1,-1
200501LX50809,3,19,0,2,0,2,0,0,0,0,2,1,15,1,-1,-1,2295,1,1,-1,-1
200501LX50810,1,1,0,3,0,0,0,0,0,0,2,1,15,1,32,6,-1,-1,-1,3,1
200501LX50810,2,9,0,18,0,0,0,0,0,0,1,1,15,1,-1,-1,-1,-1,-1,-1,-1
200501LX50812,1,9,0,3,0,0,0,0,0,0,2,1,15,2,33,6,1149,1,1,2,1
200501LX50812,2,9,0,4,0,0,0,0,0,0,1,1,15,1,-1,-1,1905,2,7,3,1
200501LX50813,1,5,0,18,0,0,0,10,0,0,0,1,15,1,35,6,748,1,5,3,1
200501LX50813,2,19,0,18,0,0,0,0,0,0,0,1,15,1,-1,-1,-1,-1,-1,-1,-1
200501LX50814,1,9,0,18,0,1,0,0,0,0,1,1,15,2,22,5,-1,-1,-1,1,1
200501LX50814,2,9,0,4,0,1,0,0,0,0,2,1,15,1,-1,-1,1598,1,1,-1,-1
200501LX50818,1,9,0,18,0,8,0,0,0,0,1,1,15,3,-1,-1,-1,-1,-1,-1,-1
200501LX50818,2,9,0,18,0,8,0,0,0,0,4,1,15,1,31,6,999,1,12,3,1
200501LX50818,3,9,0,2,0,8,0,0,0,0,2,1,15,3,-1,-1,1299,1,10,-1,-1
200501LX50819,1,9,0,18,0,0,0,0,0,0,1,1,15,1,40,7,-1,-1,-1,5,1
200501LX50820,1,19,0,18,0,1,0,0,0,0,1,1,15,1,31,6,1998,2,1,5,1
200501LX50820,2,9,0,9,0,8,0,0,0,0,3,1,15,2,26,6,1124,1,8,2,1
200501LX50826,1,3,0,18,0,0,0,0,0,0,1,1,15,2,36,7,124,1,5,1,1
200501LX50827,1,9,0,3,0,2,0,0,0,0,4,1,15,1,67,10,1998,1,5,-1,-1
200501LX50827,2,1,0,15,0,2,0,0,0,0,1,1,15,1,-1,-1,-1,-1,-1,4,1
200501LX50828,1,1,0,18,0,1,0,0,0,0,0,1,15,2,39,7,-1,-1,-1,2,1
200501LX50828,2,19,0,7,0,8,0,0,0,0,0,1,1,1,43,7,2295,7,2,2,1
200501LX50829,1,9,0,9,0,8,0,0,0,0,1,1,15,2,48,8,1598,1,5,1,1
200501LX50829,2,3,0,18,0,8,0,0,0,0,1,1,15,1,37,7,-1,-1,-1,4,1
200501LX50830,1,9,0,4,0,2,0,0,0,0,2,1,15,1,35,6,2000,1,9,4,1
200501LX50830,2,3,0,18,0,2,0,0,0,0,1,1,15,1,47,8,124,1,15,4,1
200501LX50833,1,9,0,18,0,8,0,0,0,0,3,1,15,2,21,5,-1,-1,-1,3,1
200501LX50833,2,19,0,18,0,8,0,0,0,0,1,1,15,1,44,7,-1,-1,-1,1,1
200501LX50834,1,5,0,18,0,0,0,0,0,0,3,1,15,1,33,6,599,1,3,1,1
200501LX50834,2,9,0,11,0,0,0,0,0,0,4,1,15,1,-1,-1,1396,1,7,6,1
200501LX50835,1,9,0,5,0,1,0,0,0,0,4,1,15,1,-1,-1,1997,2,3,-1,-1
200501LX50838,1,9,0,7,0,8,0,0,0,0,4,1,15,1,28,6,-1,-1,-1,-1,-1
200501LX50838,2,3,0,15,0,8,0,0,0,0,1,1,15,2,29,6,-1,-1,-1,3,1
200501LX50839,1,9,0,9,0,1,0,0,0,0,3,1,15,1,47,8,1984,1,4,3,1
200501LX50839,2,3,0,13,0,1,0,0,0,0,1,1,15,1,32,6,125,1,2,2,1
200501LX50840,1,3,0,18,0,8,0,0,0,0,1,1,15,1,27,6,85,1,5,4,1
200501LX50840,2,1,0,9,0,8,0,0,0,0,4,1,15,2,48,8,-1,-1,-1,6,1
200501LX50841,1,9,0,18,0,8,0,0,0,0,4,1,15,2,30,6,1595,1,6,2,1
200501LX50841,2,9,0,9,0,8,0,0,0,0,1,1,15,1,47,8,1796,1,12,2,1
200501LX50841,3,9,0,3,0,8,0,0,0,0,3,1,15,1,23,5,1598,1,4,3,1
200501LX50842,1,5,0,18,0,0,0,0,0,0,0,1,15,1,26,6,599,1,5,9,1
200501LX50843,1,9,0,16,0,3,0,0,0,0,1,1,15,1,47,8,988,1,13,9,1
200501LX50843,2,9,0,17,0,3,0,0,0,0,1,1,15,1,21,5,1389,1,12,4,1
200501LX50844,1,9,0,18,0,0,0,4,0,0,4,1,15,1,61,9,-1,-1,-1,2,1
200501LX50844,2,19,0,2,0,0,0,0,0,0,3,1,15,3,-1,-1,-1,-1,-1,-1,-1
200501LX50845,1,11,0,18,0,2,0,0,0,0,1,1,15,1,38,7,-1,2,4,2,1
200501LX50847,1,11,0,11,0,1,0,0,0,0,4,1,15,1,27,6,9600,2,5,-1,-1
200501LX50848,1,9,0,4,0,0,0,0,0,0,2,1,15,2,45,7,1598,1,5,3,1
200501LX50848,2,19,0,18,0,0,0,0,0,0,1,1,15,1,19,4,1896,2,-1,4,1
200501LX50849,1,5,0,18,0,2,0,0,0,0,1,1,15,1,39,7,599,1,6,-1,-1
200501LX50849,2,9,0,15,0,1,0,0,0,0,1,1,15,1,27,6,-1,-1,-1,2,1
200501LX50850,1,1,0,18,0,8,0,0,0,0,0,1,15,2,27,6,-1,-1,-1,-1,-1
200501LX50850,2,9,0,7,0,8,0,0,0,0,0,1,15,1,44,7,1587,1,10,2,1
200501LX50851,1,9,0,18,0,1,0,0,0,0,1,1,15,1,34,6,1990,1,11,6,1
200501LX50852,1,21,0,18,0,0,0,0,0,0,4,1,1,1,58,9,-1,-1,-1,-1,-1
200501LX50852,2,19,0,6,0,0,0,0,0,0,3,1,1,1,31,6,2496,2,6,-1,-1
200501LX50853,1,9,0,18,0,0,0,0,0,0,1,1,15,3,-1,-1,1598,1,6,-1,-1
200501LX50853,2,9,0,2,0,0,0,0,0,0,2,1,15,2,45,7,2500,2,2,6,1
200501LX50854,1,9,0,5,0,2,0,0,0,0,3,1,15,2,41,7,-1,-1,-1,1,1
200501LX50854,2,2,0,18,0,2,0,0,0,0,1,1,15,1,37,7,49,1,1,1,1
200501LX50855,1,9,0,18,0,8,0,10,7,0,4,1,15,1,42,7,2180,2,6,3,1
200501LX50855,2,19,0,18,0,8,0,0,0,0,1,1,15,1,33,6,2151,2,4,4,1
200501LX50857,1,9,0,18,0,0,0,4,0,0,1,1,15,1,73,10,1990,1,16,-1,-1
200501LX50858,1,11,0,18,0,2,0,0,0,0,0,1,1,1,40,7,7300,2,3,-1,-1
200501LX50859,1,9,0,18,0,1,0,0,0,0,4,1,15,1,33,6,1896,2,4,4,1
200501LX50860,1,2,0,18,0,8,0,0,0,0,1,1,15,1,48,8,49,1,2,-1,-1
200501LX50860,2,9,0,7,0,8,0,0,0,0,4,1,15,1,48,8,-1,-1,-1,-1,-1
200501LX50862,1,9,0,18,0,8,0,0,0,0,4,1,15,2,28,6,1195,1,8,2,1
200501LX50862,2,9,0,9,0,8,0,0,0,0,1,1,15,1,-1,-1,1396,1,9,1,1
200501LX50863,1,9,0,13,0,8,0,0,0,0,4,1,15,3,-1,-1,-1,-1,-1,-1,-1
200501LX50863,2,1,0,18,0,8,0,0,0,0,3,1,15,1,40,7,-1,-1,-1,2,1
200501LX50864,1,11,0,5,0,2,0,0,0,0,0,1,1,1,59,9,7300,2,2,5,1
200501LX50865,1,9,0,18,0,8,0,0,0,0,1,1,15,1,-1,-1,-1,-1,-1,-1,-1
200501LX50866,1,9,0,18,0,3,0,0,0,0,1,1,15,1,-1,-1,-1,-1,-1,-1,-1
200501LX50867,1,9,0,18,0,8,0,0,0,0,1,1,15,2,42,7,1598,1,3,7,1
200501LX50867,2,9,0,9,0,8,0,0,0,0,4,1,15,1,-1,-1,-1,-1,-1,-1,-1
200501LX50868,1,9,0,18,0,1,0,0,0,0,2,1,15,1,38,7,-1,-1,-1,2,1
200501LX50868,2,9,0,18,0,1,0,0,0,0,1,1,15,2,44,7,1600,1,7,4,1
200501LX50869,1,9,0,18,0,2,0,0,0,0,1,1,15,2,35,6,1388,1,6,3,1
200501LX50869,2,19,0,4,0,2,0,0,0,0,2,1,15,1,27,6,2496,2,5,3,1
200501LX50869,3,9,0,4,0,2,0,0,0,0,2,1,15,2,45,7,1598,1,4,-1,-1
200501LX50870,1,9,0,17,0,0,0,0,0,0,4,1,15,1,41,7,1598,1,-1,3,1
200501LX50871,1,9,0,18,0,0,0,0,0,0,1,1,15,1,31,6,1753,2,4,8,1
200501LX50872,1,11,0,18,0,1,0,0,0,0,0,1,1,1,21,5,9600,2,5,-1,-1
200501LX50873,1,9,0,18,0,8,0,0,0,0,4,1,15,1,29,6,-1,-1,-1,2,1
200501LX50873,2,3,0,18,0,8,0,0,0,0,1,1,15,1,39,7,124,1,-1,1,1
200501LX50874,1,9,0,9,0,8,0,0,0,0,3,1,15,2,28,6,1998,1,10,3,1
200501LX50874,2,2,0,14,0,8,0,0,0,0,1,1,15,2,27,6,-1,-1,-1,5,1
200501LX50875,1,9,0,18,0,1,0,0,0,0,1,1,15,1,27,6,1998,1,8,1,1
200501LX50875,2,19,0,4,0,1,0,0,0,0,2,1,15,1,40,7,1753,2,7,1,1
200501LX50877,1,5,0,18,2,8,0,0,0,0,1,1,15,1,42,7,595,1,1,10,1
200501LX50877,2,9,0,7,0,8,0,0,0,0,3,1,15,1,32,6,2435,1,5,1,1
200501LX50878,1,4,0,18,0,1,0,0,0,0,1,1,15,3,-1,-1,398,1,13,-1,-1
200501LX50879,1,3,0,13,0,8,0,0,0,0,1,1,15,1,31,6,-1,-1,-1,6,1
200501LX50879,2,9,0,9,0,8,0,0,0,0,3,1,15,1,37,7,1839,1,1,4,1
200501LX50883,1,4,0,14,0,0,0,0,0,0,1,1,15,1,35,6,-1,-1,-1,5,1
200501LX50883,2,1,0,18,0,0,0,0,0,0,3,1,15,1,27,6,-1,-1,-1,3,1
200501LX50884,1,9,0,18,0,1,0,0,0,0,1,1,15,1,22,5,1108,1,8,-1,-1
200501LX50886,1,11,0,4,0,2,0,0,0,0,0,1,1,2,34,6,7300,2,2,-1,-1
200501LX50887,1,11,0,18,0,1,0,0,0,0,4,1,1,2,35,6,7300,2,2,3,1
200501LX50890,1,9,0,17,0,0,0,0,0,0,2,1,15,1,58,9,-1,-1,-1,3,1
200501LX50890,2,9,0,17,0,0,0,0,0,0,1,1,15,1,-1,-1,-1,-1,-1,-1,-1
200501LX50891,1,19,0,18,0,0,0,0,0,0,1,1,15,1,24,5,1998,2,1,4,1
200501LX50891,2,9,0,2,0,0,0,0,0,0,1,1,15,3,-1,-1,1995,2,3,-1,-1
200501LX50892,1,11,0,18,0,1,0,0,0,0,3,1,1,1,30,6,-1,-1,-1,-1,-1
200501LX50894,1,9,0,9,0,8,0,0,0,0,4,1,15,1,23,5,1870,2,11,2,1
200501LX50894,2,9,0,18,0,8,0,0,0,0,3,1,15,2,43,7,3960,1,9,3,1
200501LX50897,1,9,0,4,0,0,0,0,0,0,2,1,15,1,48,8,1762,1,8,2,1
200501LX50897,2,9,0,18,0,0,0,0,0,0,1,1,15,2,43,7,1390,1,4,3,1
200501LX50898,1,1,0,18,0,0,0,0,0,0,4,1,15,1,47,8,-1,-1,-1,2,1
200501LX50898,2,19,0,12,0,0,0,0,0,0,3,1,15,1,31,6,2151,2,-1,4,1
200501LX50899,1,9,0,4,0,1,0,0,0,0,2,1,15,1,-1,-1,-1,-1,-1,-1,-1
200501LX50899,2,9,0,4,0,1,0,0,0,0,2,1,15,1,35,6,-1,-1,-1,4,1
200501LX50899,3,9,0,4,0,2,0,0,0,0,2,1,15,2,22,5,1108,1,9,4,1
200501LX50899,4,9,0,18,0,2,0,0,0,0,1,1,15,2,35,6,1598,1,4,3,1
200501LX50900,1,9,0,18,0,0,0,0,0,0,1,1,15,1,-1,-1,1799,1,10,-1,-1
200501LX50901,1,3,0,14,0,0,0,0,0,0,1,1,1,1,35,6,120,1,4,3,1
200501LX50903,1,9,0,7,0,8,0,0,0,0,2,1,15,1,61,9,1600,1,7,3,1
200501LX50903,2,4,0,18,0,8,1,0,0,0,1,1,15,1,25,5,233,1,14,5,1
200501LX50904,1,1,0,14,0,8,0,0,0,0,1,1,15,1,27,6,-1,-1,-1,3,1
200501LX50904,2,21,0,9,0,8,0,0,0,0,3,1,1,1,54,8,-1,-1,-1,7,1
200501LX50905,1,9,0,13,0,0,0,4,7,0,4,1,15,1,-1,-1,1998,1,3,-1,-1
200501LX50905,2,11,0,5,0,0,0,0,0,0,3,1,1,1,40,7,11100,2,24,-1,-1
200501LX50905,3,9,0,2,0,0,0,0,0,0,3,1,15,1,40,7,2438,1,11,1,1
200501LX50905,4,9,0,2,0,0,0,4,7,0,2,1,15,1,-1,-1,1996,1,12,-1,-1
200501LX50905,5,9,0,2,0,0,0,4,0,0,2,1,15,3,-1,-1,2309,1,15,-1,-1
200501LX50905,6,9,0,2,0,0,0,0,0,0,2,1,15,3,-1,-1,-1,-1,-1,-1,-1
200501LX50907,1,9,0,9,0,8,0,10,1,4,1,1,15,1,25,5,1991,1,13,4,1
200501LX50909,1,2,0,18,0,2,0,0,0,0,3,1,15,1,30,6,49,1,3,3,1
200501LX50909,2,9,0,13,0,2,0,0,0,0,4,1,15,1,-1,-1,1998,1,8,4,1
200501LX50910,1,11,0,18,0,1,0,0,0,0,1,1,15,1,37,7,7300,2,4,4,1
200501LX50911,1,11,0,18,0,1,0,0,0,0,3,1,1,1,-1,-1,-1,-1,-1,-1,-1
200501LX50912,1,5,0,18,0,8,0,0,0,0,4,1,15,1,47,8,599,1,7,9,1
200501LX50912,2,9,0,9,0,8,0,0,0,0,1,1,15,1,21,5,1796,1,5,2,1
200501LX50914,1,5,0,18,0,0,0,0,0,0,1,1,15,1,52,8,640,1,3,3,1
200501LX50916,1,19,0,18,0,8,0,0,0,0,3,1,15,1,33,6,-1,-1,-1,2,1
200501LX50916,2,9,0,18,0,8,0,0,0,0,1,1,15,3,-1,-1,1998,2,4,-1,-1
200501LX50917,1,9,0,14,0,2,0,0,0,0,1,1,15,2,22,5,1360,1,11,6,1
200501LX50920,1,9,0,7,0,8,0,0,0,0,4,1,15,1,19,4,1196,1,11,3,1
200501LX50920,2,1,0,18,0,8,0,0,0,0,1,1,15,2,29,6,-1,-1,-1,2,1
200501LX50921,1,3,0,15,0,8,0,0,0,0,1,1,15,1,30,6,-1,-1,-1,-1,-1
200501LX50921,2,9,0,9,0,8,0,0,0,0,4,1,15,1,22,5,1998,1,13,3,1
200501LX50922,1,9,0,2,0,0,0,0,0,0,3,1,15,1,31,6,1850,1,6,3,1
200501LX50922,2,1,0,18,0,0,0,0,0,0,1,1,15,1,30,6,-1,-1,-1,-1,-1
200501LX50923,1,19,0,18,0,1,0,0,0,0,1,1,15,1,56,9,1686,2,3,3,1
200501LX50924,1,11,0,4,0,1,0,0,0,0,0,1,1,2,42,7,-1,-1,-1,5,1
200501LX50925,1,1,0,18,0,1,0,0,0,0,1,1,15,1,23,5,-1,-1,-1,2,1
200501LX50925,2,9,0,7,0,1,0,0,0,0,2,1,15,1,-1,-1,1761,1,8,2,1
200501LX50926,1,5,0,13,0,3,0,4,0,0,0,1,15,1,36,7,599,1,1,4,1
200501LX50926,2,9,0,2,0,3,0,0,0,0,4,1,15,1,-1,-1,1086,1,1,10,1
200501LX50927,1,9,0,9,0,8,0,0,0,0,4,1,15,1,41,7,-1,-1,-1,6,1
200501LX50927,2,9,0,18,0,8,0,0,0,0,1,1,15,2,37,7,1587,1,6,5,1
200501LX50931,1,5,0,9,0,8,0,0,0,0,4,1,15,1,38,7,599,1,5,2,1
200501LX50931,2,9,0,18,0,8,0,0,0,0,1,1,15,2,-1,-1,-1,-1,-1,-1,-1
200501LX50932,1,9,0,18,0,0,0,0,0,0,4,1,15,1,30,6,1769,1,3,3,1
200501LX50932,2,9,0,6,0,0,0,0,0,0,1,1,15,1,-1,-1,973,1,3,-1,-1
200501LX50933,1,5,0,14,0,1,0,0,0,0,1,1,15,1,41,7,1200,1,5,3,1
200501LX50933,2,1,0,18,0,1,0,0,0,0,3,1,15,1,31,6,-1,-1,-1,3,1
200501LX50934,1,9,0,4,0,1,0,0,0,0,2,1,15,1,36,7,1596,1,8,3,1
200501LX50934,2,9,0,18,0,1,0,0,0,0,1,1,15,2,20,4,1390,1,4,2,1
200501LX50935,1,9,0,18,0,8,0,0,0,0,1,1,15,2,46,8,2198,1,3,10,1
200501LX50935,2,9,0,18,0,8,0,0,0,0,4,1,15,3,-1,-1,-1,-1,-1,-1,-1
200501LX50936,1,5,0,18,0,0,0,0,0,0,1,1,15,1,33,6,-1,-1,-1,2,1
200501LX50936,2,9,0,6,0,0,0,0,0,0,1,1,15,1,50,8,1850,1,8,-1,-1
200501LX50938,1,9,0,12,0,1,0,0,0,0,3,1,15,2,41,7,-1,-1,-1,4,1
200501LX50938,2,9,0,18,0,1,0,0,0,0,1,1,15,2,66,10,1587,1,7,5,1
200501LX50939,1,11,0,4,0,2,0,0,0,0,3,1,1,1,57,9,-1,2,6,4,1
200501LX50940,1,11,0,18,0,1,0,0,0,0,1,1,15,2,31,6,9200,2,2,-1,-1
200501LX50940,2,9,0,4,0,1,0,0,0,0,2,1,15,1,54,8,1597,1,5,6,1
200501LX50941,1,9,0,9,0,8,0,0,0,0,3,1,15,1,32,6,1597,1,17,2,1
200501LX50941,2,5,0,13,0,8,0,0,0,0,1,1,15,1,27,6,599,1,1,5,1
200501LX50942,1,9,0,14,0,0,0,8,0,0,4,1,15,2,48,8,1388,1,3,3,1
200501LX50942,2,19,0,2,0,0,0,0,0,0,3,1,15,1,-1,-1,-1,-1,-1,-1,-1
200501LX50943,1,9,0,18,0,1,0,0,0,0,1,1,15,2,36,7,1995,1,4,-1,-1
200501LX50943,2,2,0,4,0,1,0,0,0,0,2,1,15,2,43,7,49,1,2,4,1
200501LX50944,1,9,0,18,0,0,1,4,0,0,4,1,15,2,24,5,1461,2,3,4,1
200501LX50944,2,9,0,2,0,0,0,0,0,0,3,1,15,2,29,6,1242,1,2,7,1
200501LX50944,3,9,0,2,0,0,0,0,0,0,3,1,15,2,46,8,1781,1,17,7,1
200501LX50944,4,9,0,2,0,0,0,0,0,0,1,1,15,1,-1,-1,1796,1,10,1,1
200501LX50945,1,9,0,18,0,8,0,0,0,0,1,1,15,1,31,6,1587,1,2,4,1
200501LX50945,2,9,0,9,0,8,0,0,0,0,3,1,15,1,-1,-1,1581,1,10,-1,-1