Accident_Index,Vehicle_Reference,Vehicle_Type,Towing_and_Articulation,Vehicle_Manoeuvre,Vehicle_Location_Restricted_Lane,Junction_Location,Skidding_and_Overturning,Hit_Object_in_Carriageway,Vehicle_Leaving_Carriageway,Hit_Object_off_Carriageway,1st_Point_of_Impact,Was_Vehicle_Left_Hand_Drive?,Journey_Purpose_of_Driver,Sex_of_Driver,Age_of_Driver,Age_Band_of_Driver,Engine_Capacity_(CC),Propulsion_Code,Age_of_Vehicle,Driver_IMD_Decile,Driver_Home_Area_Type
200501LX50946,1,1,0,18,0,8,0,0,0,0,4,1,15,1,43,7,-1,-1,-1,3,1
200501LX50946,2,19,0,7,0,8,0,0,0,0,1,1,15,1,43,7,1868,2,5,4,1
200501LX50948,1,1,0,18,0,8,0,0,0,0,1,1,15,1,39,7,-1,-1,-1,2,1
200501LX50948,2,19,0,7,0,8,0,0,0,0,4,1,15,1,-1,-1,2299,2,8,-1,-1
200501LX50949,1,1,0,18,0,8,0,0,0,0,1,1,15,2,42,7,-1,-1,-1,4,1
200501LX50949,2,9,0,9,0,8,0,0,0,0,3,1,15,1,-1,-1,-1,-1,-1,-1,-1
200501LX50950,1,5,0,18,0,0,0,0,0,0,0,1,15,1,23,5,599,1,6,-1,-1
200501LX50951,1,9,0,18,0,0,0,0,0,0,1,1,15,1,43,7,-1,-1,-1,-1,-1
200501LX50951,2,9,0,18,0,0,0,0,0,0,1,1,15,2,24,5,1389,1,8,4,1
200501LX50952,1,90,0,18,0,8,0,0,0,0,4,1,15,1,28,6,2689,2,2,2,1
200501LX50953,1,9,0,18,0,8,0,0,0,0,1,1,15,1,-1,-1,-1,-1,-1,4,1
200501LX50953,2,1,0,9,0,8,0,0,0,0,1,1,15,1,-1,-1,-1,-1,-1,6,1
200501LX50954,1,9,0,7,0,8,0,0,0,0,2,1,15,1,34,6,-1,-1,-1,1,1
200501LX50954,2,9,0,18,0,8,0,0,0,0,1,1,15,1,-1,-1,1753,2,3,-1,-1
200501LX50955,1,5,0,15,0,2,0,0,0,0,4,1,15,1,34,6,640,1,3,-1,-1
200501LX50955,2,9,0,9,0,2,0,0,0,0,3,1,15,1,-1,-1,2295,1,6,4,1
200501LX50956,1,9,0,18,0,8,0,0,0,0,1,1,15,1,45,7,1905,2,9,1,1
200501LX50956,2,9,0,9,0,8,0,0,0,0,3,1,15,1,-1,-1,1389,1,13,3,1
200501LX50960,1,11,0,18,0,2,0,0,0,0,0,1,1,1,39,7,-1,-1,-1,4,1
200501LX50960,2,19,0,6,0,2,0,0,0,0,0,1,15,3,-1,-1,-1,-1,-1,-1,-1
200501LX50962,1,9,0,11,0,0,0,0,0,0,4,1,15,1,35,6,1596,1,-1,5,1
200501LX50962,2,1,0,15,0,0,0,0,0,0,1,1,15,1,-1,-1,-1,-1,-1,-1,-1
200501LX50964,1,1,0,14,0,1,0,4,0,0,3,1,15,1,27,6,-1,-1,-1,4,1
200501LX50964,2,8,0,11,0,1,0,0,0,0,4,1,15,1,-1,-1,2402,2,3,-1,-1
200501LX50964,3,11,0,2,0,1,0,0,0,0,3,1,1,3,-1,-1,-1,-1,-1,-1,-1
200501LX50967,1,9,0,3,0,1,0,0,0,0,2,1,15,2,31,6,1149,1,4,3,1
200501LX50967,2,9,0,18,0,1,0,0,0,0,1,1,15,1,-1,-1,-1,-1,-1,-1,-1
200501LX50968,1,9,0,3,0,8,0,0,0,0,3,1,15,1,36,7,-1,-1,-1,4,1
200501LX50968,2,9,0,18,0,8,0,0,0,0,1,1,15,1,-1,-1,-1,-1,-1,-1,-1
200501LX50970,1,9,0,2,0,0,0,0,0,0,4,1,15,2,35,6,1761,1,6,3,1
200501LX50970,2,9,0,18,0,0,0,8,0,0,4,1,15,1,-1,-1,-1,-1,-1,-1,-1
200501LX50971,1,9,0,4,0,1,0,0,0,0,2,1,15,1,44,7,-1,-1,-1,5,1
200501LX50971,2,9,0,18,0,1,0,0,0,0,1,1,15,2,-1,-1,1596,1,3,9,1
200501LX50972,1,1,0,18,0,8,0,0,0,0,1,1,15,1,34,6,-1,-1,-1,5,1
200501LX50972,2,9,0,9,0,8,0,0,0,0,4,1,15,1,-1,-1,1589,1,9,-1,-1
200501LX50973,1,11,0,7,2,8,0,0,0,0,1,1,1,1,-1,-1,-1,-1,-1,3,1
200501LX50975,1,9,0,9,0,8,0,0,0,0,1,1,15,1,51,8,1997,1,11,3,1
200501LX50977,1,11,0,5,0,1,0,0,0,0,0,1,1,1,40,7,-1,2,39,3,1
200501LX50978,1,9,0,18,0,0,0,0,0,0,1,1,15,2,29,6,1468,1,15,5,1
200501LX50979,1,9,0,18,0,0,0,0,0,0,1,1,15,1,-1,-1,-1,-1,-1,-1,-1
200501LX50980,1,4,0,7,0,2,0,0,0,0,1,1,15,1,34,6,499,1,6,6,1
200501LX50981,1,5,0,18,0,0,0,4,0,0,1,1,15,1,-1,-1,781,1,4,5,1
200501LX50981,2,9,0,4,0,0,0,0,0,0,2,1,15,1,22,5,1850,1,6,3,1
200501LX50981,3,9,0,2,0,0,0,0,0,0,3,1,15,1,-1,-1,-1,-1,-1,-1,-1
200501LX50982,1,1,0,18,0,8,0,0,0,0,1,1,15,2,32,6,-1,-1,-1,3,1
200501LX50982,2,9,0,9,0,8,0,0,0,0,3,1,15,1,-1,-1,-1,-1,-1,-1,-1
200501LX50984,1,9,0,18,0,8,0,0,0,0,3,1,15,1,-1,-1,1242,1,6,-1,-1
200501LX50984,2,4,0,18,0,8,0,0,0,0,1,1,15,1,41,7,-1,-1,-1,-1,-1
200501LX50985,1,3,0,15,0,1,0,0,0,0,1,1,15,1,28,6,100,1,2,5,1
200501LX50986,1,9,0,18,0,8,0,0,0,0,1,1,15,1,23,5,-1,-1,-1,2,1
200501LX50986,2,1,0,18,0,8,0,0,0,0,3,1,15,1,13,3,-1,-1,-1,-1,-1
200501LX50987,1,5,0,15,0,8,0,0,0,0,3,1,15,1,28,6,1000,1,1,-1,-1
200501LX50987,2,20,0,7,0,8,0,0,0,0,4,1,15,1,56,9,-1,-1,-1,3,1
200501LX50988,1,11,0,5,0,0,0,0,0,0,0,1,1,1,52,8,7300,2,2,3,1
200501LX50988,2,1,0,11,0,0,0,0,0,0,0,1,15,3,-1,-1,-1,-1,-1,-1,-1
200501LX50989,1,9,0,4,0,0,0,0,0,0,1,1,15,1,42,7,1389,1,11,4,1
200501LX50989,2,9,0,18,0,0,0,0,0,0,4,1,15,1,-1,-1,1598,1,-1,-1,-1
200501LX50990,1,3,0,18,0,8,0,0,0,0,0,1,15,1,32,6,124,1,3,6,1
200501LX50990,2,9,0,5,0,8,0,0,0,0,0,1,15,1,35,6,2995,1,1,10,1
200501LX50991,1,8,0,18,0,0,0,0,0,0,3,1,1,3,-1,-1,2402,2,3,-1,-1
200501LX50993,1,9,0,18,0,8,0,0,0,0,1,1,15,2,30,6,1587,1,13,1,1
200501LX50993,2,9,0,9,0,8,0,0,0,0,3,1,15,1,64,9,1390,1,4,8,1
200501LX50994,1,9,0,14,0,1,0,0,0,0,1,1,15,1,41,7,2393,1,6,3,1
200501LX50995,1,9,0,7,0,8,0,0,0,0,1,1,15,1,30,6,-1,-1,-1,2,1
200501LX50995,2,1,0,18,0,8,0,0,0,0,3,1,15,1,37,7,-1,-1,-1,5,1
200501LX50996,1,2,0,18,0,0,0,0,0,0,3,1,15,1,36,7,49,1,6,4,1
200501LX50996,2,9,0,11,0,0,0,0,0,0,4,1,15,1,34,6,1896,2,4,1,1
200501LX50997,1,9,0,18,0,8,0,0,0,0,3,1,15,2,73,10,1198,1,1,6,1
200501LX50997,2,9,0,18,0,8,0,0,0,0,1,1,15,1,26,6,1896,1,8,6,1
200501LX50998,1,9,0,1,0,0,0,0,0,0,2,1,15,2,23,5,1296,1,10,2,1
200501LX50999,1,3,0,18,0,1,0,0,0,0,0,1,15,3,-1,-1,-1,-1,-1,-1,-1
200501LX51000,1,1,0,18,0,8,0,0,0,0,0,1,15,2,28,6,-1,-1,-1,6,1
200501LX51001,1,5,0,18,0,0,0,0,0,0,1,1,15,1,45,7,1450,1,4,-1,-1
200501LX51001,2,9,0,6,0,0,0,0,0,0,3,1,15,1,28,6,-1,-1,-1,2,1
200501LX51002,1,9,0,11,0,1,0,0,0,0,2,1,15,2,19,4,-1,-1,-1,5,1
200501LX51002,2,11,0,18,0,1,0,0,0,0,1,1,1,2,57,9,-1,-1,-1,4,1
200501LX51003,1,19,0,18,0,8,0,0,0,0,1,1,15,1,25,5,2151,2,4,8,1
200501LX51003,2,9,0,18,0,8,0,0,0,0,4,1,15,2,36,7,1974,2,4,2,1
200501LX51004,1,2,0,5,0,0,0,0,0,0,1,1,15,1,18,4,49,1,1,2,1
200501LX51004,2,19,0,18,0,0,0,0,0,0,3,1,15,1,-1,-1,1900,2,5,8,1
200501LX51006,1,11,0,18,0,0,0,0,0,0,1,1,1,2,-1,-1,-1,-1,-1,4,1
200501LX51006,2,1,0,18,0,0,0,0,0,0,2,1,15,1,11,3,-1,-1,-1,-1,-1
200501LX51007,1,9,0,1,0,1,0,0,0,0,2,1,15,2,43,7,2494,1,7,3,1
200501LX51008,1,9,0,4,0,3,0,0,0,0,2,1,15,1,49,8,1994,2,7,-1,-1
200501LX51008,2,9,0,18,0,3,0,0,0,0,1,1,15,1,-1,-1,1998,1,6,-1,-1
200501LX51009,1,9,0,9,0,8,0,0,0,0,3,1,15,1,53,8,1700,2,10,4,1
200501LX51009,2,3,0,13,0,8,0,0,0,0,1,1,15,1,18,4,-1,-1,-1,2,1
200501LX51010,1,9,0,7,0,8,0,0,0,0,4,1,15,2,24,5,1124,1,5,2,1
200501LX51010,2,1,0,18,0,8,0,0,0,0,1,1,15,1,34,6,-1,-1,-1,5,1
200501LX51011,1,4,0,18,0,8,0,0,0,0,1,1,15,1,22,5,499,1,5,-1,-1
200501LX51011,2,19,0,7,0,8,0,0,0,0,4,1,15,1,37,7,-1,-1,-1,-1,-1
200501LX51012,1,3,0,14,0,1,0,0,0,0,1,1,15,1,28,6,125,1,-1,3,1
200501LX51014,1,9,0,18,0,8,0,0,0,0,3,1,15,2,29,6,1299,1,7,3,1
200501LX51014,2,9,0,9,0,8,0,0,0,0,1,1,15,1,21,5,1349,1,6,2,1
200501LX51015,1,90,0,2,0,0,0,0,0,0,2,1,1,3,-1,-1,3500,1,5,-1,-1
200501LX51015,2,9,0,18,0,0,0,0,0,0,1,1,15,2,-1,-1,1124,1,9,3,1
200501LX51016,1,11,0,4,0,1,0,0,0,0,0,1,1,1,35,6,-1,-1,-1,-1,-1
200501LX51016,2,9,0,4,0,1,0,0,0,0,0,1,15,1,-1,-1,-1,-1,-1,-1,-1
200501LX51017,1,9,0,18,0,0,0,0,0,0,3,1,15,2,54,8,-1,-1,-1,4,1
200501LX51017,2,1,0,18,0,0,0,0,0,0,1,1,15,1,11,3,-1,-1,-1,3,1
200501LX51018,1,11,0,5,0,8,0,0,0,0,0,1,1,1,55,8,-1,-1,-1,-1,-1
200501LX51019,1,9,0,5,0,8,0,0,0,0,1,1,15,1,-1,-1,1171,1,10,-1,-1
200501LX51021,1,11,0,18,0,8,0,0,0,0,0,1,1,1,64,9,-1,-1,-1,-1,-1
200501LX51021,2,9,0,7,0,8,0,0,0,0,0,1,15,1,-1,-1,-1,-1,-1,-1,-1
200501LX51022,1,9,0,2,0,2,0,0,0,0,3,1,15,1,-1,-1,1997,1,6,-1,-1
200501LX51022,2,1,0,14,0,2,0,8,0,0,1,1,15,2,53,8,-1,-1,-1,3,1
200501LX51023,1,9,0,6,0,1,0,0,0,0,4,1,15,1,45,7,1870,2,15,2,1
200501LX51023,2,3,0,14,0,1,0,0,0,0,1,1,15,1,32,6,124,1,-1,3,1
200501LX51024,1,1,0,18,0,8,0,0,0,0,2,1,15,1,26,6,-1,-1,-1,4,1
200501LX51024,2,9,0,18,0,8,0,0,0,0,1,1,15,1,-1,-1,1149,1,5,-1,-1
200501LX51025,1,1,0,18,0,8,0,0,0,0,1,1,15,1,25,5,-1,-1,-1,1,1
200501LX51025,2,9,0,9,0,8,0,0,0,0,4,1,15,1,-1,-1,-1,-1,-1,-1,-1
200501LX51027,1,9,0,18,0,0,0,0,0,0,1,1,15,2,-1,-1,1997,1,12,-1,-1
200501LX51028,1,9,0,18,0,8,0,0,0,0,1,1,15,1,49,8,1997,2,1,3,1
200501LX51028,2,1,0,7,0,8,0,0,0,0,4,1,15,2,-1,-1,-1,-1,-1,-1,-1
200501LX51029,1,9,0,14,0,0,0,0,0,0,4,1,15,1,39,7,2494,1,6,8,1
200501LX51030,1,9,0,17,0,0,0,0,0,0,1,1,15,2,27,6,1149,1,7,3,1
200501LX51031,1,9,0,18,0,1,0,10,7,10,1,1,15,1,18,4,1392,1,13,2,1
200501LX51033,1,1,0,18,0,1,0,0,0,0,1,1,15,1,24,5,-1,-1,-1,7,1
200501LX51033,2,9,0,9,0,8,0,0,0,0,1,1,15,1,-1,-1,1998,1,11,-1,-1
200501LX51034,1,9,0,4,0,0,0,0,0,0,2,1,15,1,-1,-1,-1,-1,-1,6,1
200501LX51034,2,9,0,4,0,0,0,0,0,0,2,1,15,1,63,9,-1,-1,-1,8,1
200501LX51034,3,9,0,18,0,0,0,0,0,0,1,1,15,1,57,9,-1,-1,-1,7,1
200501LX51035,1,9,0,3,0,1,0,0,0,0,2,1,15,2,31,6,1991,1,5,6,1
200501LX51035,2,19,0,3,0,1,0,0,0,0,2,1,1,1,31,6,-1,-1,-1,10,1
200501LX51035,3,19,0,4,0,1,0,0,0,0,1,1,1,1,26,6,2151,2,1,3,1
200501LX51036,1,1,0,18,0,0,0,0,0,0,1,1,15,1,17,4,-1,-1,-1,3,1
200501LX51036,2,9,0,5,0,0,0,0,0,0,1,1,15,1,-1,-1,-1,-1,-1,-1,-1
200501LX51037,1,9,0,2,0,3,0,4,0,0,4,1,15,1,39,7,1781,1,9,7,1
200501LX51037,2,9,0,7,0,3,0,0,0,0,3,1,15,2,32,6,1388,1,2,2,1
200501LX51038,1,9,0,7,0,8,0,0,0,0,2,1,15,2,44,7,1598,1,4,2,1
200501LX51038,2,9,0,18,0,8,0,0,0,0,1,1,15,1,34,6,3246,1,4,7,1
200501LX51039,1,11,0,4,0,2,0,0,0,0,0,1,1,1,43,7,-1,2,6,4,1
200501LX51039,2,9,0,11,0,2,0,0,0,0,0,1,15,3,-1,-1,-1,-1,-1,-1,-1
200501LX51040,1,9,0,18,0,2,0,0,0,0,1,1,15,1,54,8,-1,-1,-1,4,1
200501LX51041,1,1,0,9,0,8,0,0,0,0,1,1,15,1,24,5,-1,-1,-1,-1,-1
200501LX51042,1,1,0,18,0,8,0,0,0,0,1,1,15,1,33,6,-1,-1,-1,-1,-1
200501LX51044,1,9,0,9,0,8,0,0,0,0,1,1,15,1,-1,-1,-1,-1,-1,-1,-1
200501LX51045,1,9,0,18,0,2,0,0,0,0,3,1,15,2,35,6,998,1,10,2,1
200501LX51045,2,1,0,11,0,2,0,0,0,0,4,1,15,2,23,5,-1,-1,-1,-1,-1
200501LX51046,1,9,0,4,0,0,0,0,0,0,1,1,15,2,32,6,1985,1,12,1,1
200501LX51046,2,9,0,4,0,0,0,0,0,0,2,1,15,1,-1,-1,1986,2,-1,-1,-1
200501LX51047,1,19,0,13,0,1,0,0,0,0,1,1,15,1,57,9,-1,-1,-1,2,1
200501LX51049,1,9,0,9,0,1,0,0,0,0,1,1,2,1,37,7,1600,1,6,2,1
200501LX51049,2,3,0,18,0,1,0,0,0,0,3,1,15,1,20,4,124,1,4,-1,-1
200501LX51050,1,9,0,18,0,0,0,0,0,0,1,1,15,2,27,6,1149,1,7,3,1
200501LX51051,1,19,0,1,0,0,0,0,0,0,2,1,15,1,53,8,2151,2,2,3,1
200501LX51052,1,11,0,18,0,1,0,0,0,0,4,1,1,1,56,9,8268,2,3,1,1
200501LX51053,1,9,0,6,0,0,0,0,0,0,3,1,15,1,40,7,1997,1,7,1,1
200501LX51053,2,9,0,18,0,0,0,0,0,0,1,1,15,2,22,5,1149,1,2,4,1
200501LX51054,1,9,0,5,0,1,0,0,0,0,1,1,15,2,22,5,1997,1,16,1,1
200501LX51054,2,1,0,18,0,2,0,0,0,0,4,1,15,1,12,3,-1,-1,-1,-1,-1
200501LX51055,1,9,0,4,0,2,0,0,0,0,2,1,15,1,56,9,1896,1,8,3,1
200501LX51055,2,9,0,18,0,2,0,0,0,0,1,1,15,2,37,7,1762,1,9,3,1
200501LX51056,1,9,0,18,0,3,0,0,0,0,1,1,15,1,-1,-1,1390,1,9,-1,-1
200501LX51057,1,9,0,13,0,3,0,0,0,0,1,1,15,1,33,6,1905,2,7,7,1
200501LX51059,1,9,0,18,0,8,0,0,0,0,1,1,15,2,41,7,1391,1,9,3,1
200501LX51060,1,19,0,9,0,8,0,0,0,0,3,1,15,1,25,5,1870,2,4,5,1
200501LX51060,2,11,0,14,0,8,0,0,0,0,1,1,1,2,33,6,7300,2,3,4,1
200501LX51061,1,3,0,5,0,1,0,0,0,0,3,1,15,1,30,6,-1,-1,-1,4,1
200501LX51061,2,5,0,18,0,1,0,0,0,0,1,1,15,1,40,7,748,1,-1,5,1
200501LX51062,1,9,0,18,0,8,0,0,0,0,1,1,15,1,42,7,2155,2,9,2,1
200501LX51062,2,9,0,9,0,8,0,0,0,0,3,1,15,2,38,7,1991,1,5,1,1
200501LX51063,1,9,0,14,0,1,0,0,0,0,4,1,15,1,44,7,-1,-1,-1,3,1
200501LX51064,1,3,0,3,0,1,0,0,0,0,2,1,15,2,33,6,125,1,5,3,1
200501LX51064,2,9,0,18,0,1,0,0,0,0,1,1,15,1,-1,-1,2362,1,4,-1,-1
200501LX51065,1,9,0,3,0,0,0,0,0,0,2,1,15,1,44,7,2494,1,17,5,1
200501LX51065,2,9,0,18,0,0,0,0,0,0,1,1,15,1,-1,-1,-1,-1,-1,-1,-1
200501LX51067,1,9,0,4,0,3,0,0,0,0,2,1,15,2,41,7,2198,1,4,2,1
200501LX51067,2,9,0,18,0,3,0,0,0,0,1,1,15,1,-1,-1,-1,-1,-1,-1,-1
200501LX51068,1,5,0,15,0,8,0,0,0,0,1,1,15,1,31,6,652,1,1,8,1
200501LX51068,2,19,0,9,0,8,0,0,0,0,4,1,15,1,-1,-1,1998,2,1,-1,-1
200501LX51069,1,3,0,18,0,8,0,0,0,0,1,1,15,1,40,7,124,1,-1,5,1
200501LX51069,2,9,0,9,0,8,0,0,0,0,4,1,15,1,66,10,-1,-1,-1,6,1
200501LX51070,1,9,0,14,0,2,0,0,0,0,4,1,15,2,50,8,-1,-1,-1,-1,-1
200501LX51071,1,9,0,18,0,1,0,0,0,0,4,1,15,2,40,7,1275,1,10,4,1
200501LX51072,1,11,5,4,0,1,0,0,0,0,0,1,1,1,25,5,9200,2,2,3,1
200501LX51073,1,9,0,7,0,1,0,0,0,0,4,1,15,2,44,7,1598,1,1,-1,-1
200501LX51073,2,1,0,17,0,1,0,0,0,0,3,1,15,2,24,5,-1,-1,-1,2,1
200501LX51074,1,1,0,4,0,1,0,0,0,0,2,1,15,1,47,8,-1,-1,-1,6,1
200501LX51074,2,4,0,18,0,1,0,0,0,0,1,1,15,1,23,5,398,1,14,-1,-1
200501LX51075,1,9,0,18,0,0,0,0,0,0,1,1,15,2,37,7,1995,1,10,4,1
200501LX51076,1,9,0,5,0,8,0,0,0,0,3,1,15,2,47,8,-1,-1,-1,5,1
200501LX51076,2,11,0,5,0,8,0,0,0,0,3,1,1,1,38,7,-1,-1,-1,3,1
200501LX51077,1,21,0,18,0,1,0,0,0,0,3,1,15,1,58,9,-1,-1,-1,3,1
200501LX51077,2,9,0,18,0,1,0,0,0,0,4,1,15,2,65,9,998,1,10,2,1
200501LX51078,1,9,0,18,0,1,0,0,0,0,1,1,15,1,39,7,1596,1,-1,2,1
200501LX51078,2,9,0,3,0,1,0,0,0,0,2,1,15,1,31,6,1996,1,10,6,1
200501LX51080,1,9,0,9,0,8,0,0,0,0,1,1,15,2,36,7,1997,1,12,2,1
200501LX51080,2,5,0,18,0,8,0,0,0,0,4,1,15,1,25,5,599,1,6,3,1
200501LX51082,1,5,0,18,0,0,0,11,0,0,0,1,2,1,36,7,-1,-1,-1,-1,-1
200501LX51083,1,9,0,9,0,8,0,0,0,0,1,1,15,2,38,7,998,1,7,3,1
200501LX51083,2,3,0,15,0,8,0,0,0,0,3,1,15,1,33,6,124,1,-1,-1,-1
200501LX51084,1,2,0,9,0,2,0,0,0,0,1,1,15,1,20,4,49,1,-1,3,1
200501LX51084,2,9,0,18,0,1,0,0,0,0,1,1,15,1,27,6,2000,1,11,1,1
200501LX51085,1,5,0,13,0,0,0,0,0,0,4,1,15,1,43,7,599,1,2,6,1
200501LX51085,2,19,0,18,0,0,0,0,0,0,3,1,15,1,-1,-1,-1,-1,-1,-1,-1
200501LX51088,1,11,0,18,0,0,0,0,0,0,1,1,1,1,51,8,-1,2,7,2,1
200501LX51090,1,11,0,5,0,0,0,0,0,0,3,1,1,1,49,8,-1,-1,-1,3,1
200501LX51091,1,9,0,4,0,1,0,0,0,0,2,1,15,2,58,9,1590,1,9,-1,-1
200501LX51091,2,9,0,4,0,1,0,0,0,0,2,1,15,1,29,6,1989,1,5,3,1
200501LX51091,3,9,0,4,0,1,0,0,0,0,1,1,15,1,29,6,-1,-1,-1,3,1
200501LX51091,4,19,0,5,0,1,0,0,0,0,0,1,15,3,-1,-1,-1,-1,-1,-1,-1
200501LX51093,1,8,0,5,0,1,0,0,0,0,0,1,15,3,-1,-1,1997,2,-1,-1,-1
200501LX51094,1,9,0,18,0,0,0,0,0,0,1,1,15,1,33,6,-1,-1,-1,7,1
200501LX51095,1,11,0,4,0,1,0,0,0,0,0,1,1,1,34,6,7300,2,-1,3,1
200501LX51096,1,9,0,18,0,0,0,0,0,0,1,1,15,1,25,5,-1,-1,-1,3,1
200501LX51097,1,11,0,18,0,1,0,0,0,0,1,1,1,1,-1,-1,7300,2,3,-1,-1
200501LX51098,1,9,0,18,0,8,0,0,0,0,1,1,15,2,39,7,1794,1,-1,2,1
200501LX51098,2,9,0,9,0,8,0,0,0,0,4,1,15,2,38,7,1299,1,6,2,1
200501LX51099,1,9,0,18,0,0,0,0,0,0,1,1,15,1,26,6,-1,-1,-1,9,1
200501LX51099,2,9,0,4,0,0,0,0,0,0,2,1,15,1,26,6,-1,-1,-1,-1,-1
200501LX51100,1,1,0,17,0,8,0,0,0,0,2,1,15,1,20,4,-1,-1,-1,2,1
200501LX51100,2,9,0,11,0,8,0,0,0,0,1,1,15,1,37,7,1396,1,9,1,1
200501LX51101,1,8,0,2,0,0,0,0,1,0,2,1,1,1,40,7,2664,2,9,5,1
200501LX51101,2,11,0,18,0,0,0,4,0,0,1,1,1,1,45,7,11000,2,1,3,1
200501LX51103,1,9,0,4,0,1,0,0,0,0,2,1,15,2,30,6,-1,-1,-1,5,1
200501LX51103,2,9,0,18,0,1,0,0,0,0,1,1,15,1,38,7,2498,1,11,5,1
200501LX51103,3,9,0,4,0,1,0,0,0,0,2,1,15,1,55,8,-1,-1,-1,6,1
200501LX51104,1,5,0,18,0,8,0,0,0,0,1,1,15,1,33,6,599,1,5,-1,-1
200501LX51104,2,9,0,9,0,8,0,0,0,0,4,1,15,2,26,6,1324,1,5,10,1
200501LX51107,1,11,0,18,0,8,0,0,0,0,0,1,1,1,38,7,3900,2,3,4,1
200501LX51109,1,9,0,9,0,8,0,0,0,0,3,1,15,2,33,6,1390,1,5,4,1
200501LX51109,2,4,0,13,0,8,0,0,0,0,1,1,15,1,-1,-1,-1,-1,-1,-1,-1
200501LX51110,1,1,0,18,0,2,0,0,0,0,1,1,15,1,28,6,-1,-1,-1,2,1
200501LX51110,2,19,0,2,0,2,0,0,0,0,3,1,15,1,-1,-1,-1,-1,-1,-1,-1
200501LX51111,1,9,0,18,0,8,0,0,0,0,1,1,15,2,25,5,1242,1,5,7,1
200501LX51111,2,9,0,9,0,8,0,0,0,0,4,1,15,1,-1,-1,-1,-1,-1,-1,-1
200501LX51112,1,11,0,3,0,0,0,0,0,0,3,1,15,1,42,7,-1,-1,-1,-1,-1
200501LX51113,1,9,0,18,0,8,0,0,0,0,1,1,15,2,42,7,1396,1,9,2,1
200501LX51113,2,5,0,18,0,8,0,0,0,0,3,1,15,1,-1,-1,-1,-1,-1,-1,-1
200501LX51114,1,5,0,18,0,8,0,0,0,0,0,1,15,1,32,6,599,1,4,2,1
200501LX51114,2,9,0,9,0,8,0,0,0,0,0,1,15,1,38,7,-1,-1,-1,2,1
200501LX51117,1,9,0,10,0,8,0,0,0,0,3,1,2,2,31,6,-1,-1,-1,-1,-1
200501LX51117,2,1,0,18,0,8,0,0,0,0,1,1,15,1,27,6,-1,-1,-1,5,1
200501LX51118,1,5,0,18,0,0,0,0,0,0,1,1,15,1,22,5,599,1,2,10,2
200501LX51118,2,9,0,18,0,0,0,0,0,0,1,1,15,1,-1,-1,-1,-1,-1,-1,-1
200501LX51119,1,9,0,18,0,3,0,0,0,0,1,1,15,1,25,5,-1,-1,-1,6,1
200501LX51120,1,5,0,18,0,2,0,0,0,0,4,1,15,1,52,8,1171,1,7,1,1
200501LX51120,2,19,0,7,0,2,0,0,0,0,1,1,15,1,23,5,2402,2,1,9,1
200501LX51121,1,9,0,4,0,1,0,0,0,0,2,1,15,1,31,6,-1,-1,-1,-1,-1
200501LX51121,2,9,0,4,0,1,0,0,0,0,2,1,15,2,20,4,-1,-1,-1,4,1
200501LX51121,3,9,0,18,0,1,1,0,0,0,1,1,15,1,29,6,-1,-1,-1,-1,-1
200501LX51122,1,1,0,18,0,1,0,0,0,0,1,1,15,1,24,5,-1,-1,-1,2,1
200501LX51123,1,1,0,18,0,0,0,0,0,0,2,1,15,2,25,5,-1,-1,-1,3,1
200501LX51123,2,9,0,11,0,0,0,0,0,0,1,1,15,2,32,6,1998,1,2,3,1
200501LX51124,1,9,0,7,0,8,0,0,0,0,4,1,15,2,29,6,-1,-1,-1,2,1
200501LX51124,2,5,0,18,0,8,0,0,0,0,4,1,15,1,33,6,599,1,5,3,1
200501LX51125,1,9,0,18,0,1,0,0,0,0,1,1,15,1,30,6,-1,-1,-1,-1,1
200501LX51125,2,5,0,4,0,1,0,0,0,0,2,1,15,1,42,7,955,1,1,10,1
200501LX51126,1,9,0,4,0,1,0,0,0,0,2,1,2,2,65,9,1998,1,13,2,1
200501LX51126,2,9,0,4,0,1,0,0,0,0,2,1,2,2,24,5,1489,1,9,3,1
200501LX51126,3,9,0,18,0,1,0,0,0,0,1,1,2,1,41,7,-1,-1,-1,2,1
200501LX51127,1,9,0,18,0,0,0,0,0,0,1,1,15,1,34,6,1753,2,2,2,1
200501LX51129,1,9,0,18,0,0,0,0,0,0,3,1,15,1,37,7,2997,1,4,5,1
200501LX51129,2,3,0,11,0,0,0,0,0,0,4,1,15,1,23,5,100,1,6,2,1
200501LX51130,1,9,0,18,0,3,0,0,0,0,1,1,15,1,53,8,1834,1,5,4,1
200501LX51130,2,9,0,9,0,3,0,0,0,0,3,1,15,2,39,7,1124,1,6,2,1
200501LX51131,1,9,0,16,0,0,5,10,1,10,4,1,15,1,22,5,1341,1,10,2,1
200501LX51132,1,9,0,18,2,8,0,0,0,0,1,1,15,1,-1,-1,1796,1,12,-1,-1
200501LX51133,1,9,0,4,0,1,0,0,0,0,2,1,15,1,48,8,2362,1,5,2,1
200501LX51133,2,9,0,18,0,1,0,0,0,0,1,1,15,3,-1,-1,1990,1,15,-1,-1
200501LX51134,1,9,0,14,0,3,0,0,0,0,1,1,15,1,57,9,-1,-1,-1,4,1